img_id,img_amusement,img_awe,img_contentment,img_excitement,img_anger,img_disgust,img_fear,img_sadness
anger.154,0.006206028629094362,0.0453694611787796,0.036360275000333786,0.24662861227989197,0.07525366544723511,0.004119499120861292,0.5128132104873657,0.07324925810098648
anger.1,0.008310357108712196,0.061734117567539215,0.016366783529520035,0.05084264278411865,0.12142645567655563,0.006986156105995178,0.5017626285552979,0.2325708419084549
anger.155,0.0007299028802663088,0.016893789172172546,0.0006429933127947152,0.0003098661545664072,0.9521172642707825,0.007543113082647324,0.01996423862874508,0.0017987428000196815
anger.10,0.000507431395817548,7.975912012625486e-05,0.00040450901724398136,0.005145364906638861,0.9869585633277893,0.0009906706400215626,0.004181616473942995,0.0017320405459031463
anger.156,0.018760275095701218,0.17590999603271484,0.010343323461711407,0.013993424363434315,0.09771241992712021,0.0008820598595775664,0.1726231426000595,0.5097754001617432
anger.100,0.004477723501622677,0.0009705389966256917,0.004772338084876537,0.003752075834199786,0.08856390416622162,0.20043283700942993,0.6844043731689453,0.01262615341693163
anger.157,0.01419402752071619,0.6742114424705505,0.042149364948272705,0.14119675755500793,0.019798003137111664,0.012241466902196407,0.060849644243717194,0.035359252244234085
anger.101,0.04154079407453537,0.6579155325889587,0.06193743646144867,0.07118547707796097,0.09483619034290314,0.003240874269977212,0.01336747407913208,0.05597617104649544
anger.159,0.0029773986898362637,0.9740400314331055,0.010317644104361534,0.0038894773460924625,0.00038627954199910164,0.0007874497678130865,0.004143925849348307,0.0034577548503875732
anger.102,0.06704608350992203,0.0489530973136425,0.02082408405840397,0.008519389666616917,0.11036229133605957,0.09718415886163712,0.5442105531692505,0.102900430560112
anger.158,0.003367052413523197,0.9443951845169067,0.01062642689794302,0.028492001816630363,0.003088519908487797,0.002647134242579341,0.0027871469501405954,0.0045965323224663734
anger.103,0.005163515917956829,0.1181829571723938,0.014861366711556911,0.0026563473511487246,0.006409491412341595,0.06735280901193619,0.1244094967842102,0.6609640717506409
anger.16,0.0020737922750413418,0.002867039991542697,0.00089317059610039,0.0001398261374561116,0.95597904920578,0.0031689859461039305,0.02511712908744812,0.009761098772287369
anger.104,0.018144192174077034,0.0032077862415462732,0.0037525806110352278,0.008934184908866882,0.025077160447835922,0.003853157628327608,0.815663754940033,0.12136724591255188
anger.160,0.001985901268199086,0.006258195731788874,0.0012743253028020263,0.0006100068567320704,0.0011850185692310333,0.33675166964530945,0.22029557824134827,0.43163931369781494
anger.105,0.023001346737146378,0.06389955431222916,0.09298327565193176,0.010098288767039776,0.008684414438903332,0.09049990773200989,0.4545426368713379,0.25629064440727234
anger.170,0.37276917695999146,0.2780500650405884,0.026861626654863358,0.0290831308811903,0.04705801606178284,0.03695974498987198,0.19272947311401367,0.0164888184517622
anger.106,0.004836475010961294,0.007011319510638714,0.022270143032073975,0.016557978466153145,0.14416617155075073,0.0009239178034476936,0.45733001828193665,0.346903920173645
anger.171,0.035749856382608414,0.42570504546165466,0.05110941827297211,0.038723621517419815,0.1319936066865921,0.007882821373641491,0.23359239101409912,0.07524319738149643
anger.107,0.0019506639800965786,0.0032280469313263893,0.011078246869146824,0.004665357060730457,0.1451927274465561,0.000788018514867872,0.5352175235748291,0.29787933826446533
anger.172,0.023303357884287834,0.22976969182491302,0.031195497140288353,0.08916590362787247,0.5731552839279175,0.001737243146635592,0.04949665442109108,0.0021763804834336042
anger.108,0.004509464837610722,0.0072802286595106125,0.010183552280068398,0.0024286354891955853,0.12212736904621124,0.00595941161736846,0.35214945673942566,0.4953618347644806
anger.173,0.03221796825528145,0.8217558860778809,0.015553200617432594,0.003247078973799944,0.0109019810333848,0.0012250473955646157,0.05338699370622635,0.06171185523271561
anger.109,0.0064660292118787766,0.11569852381944656,0.006308760493993759,0.0013807743089273572,0.00866131205111742,0.0187652800232172,0.6377090811729431,0.20501022040843964
anger.174,0.012943556532263756,0.5557852983474731,0.26023557782173157,0.0033393341582268476,0.00824006088078022,0.015871020033955574,0.09428948163986206,0.04929564520716667
anger.11,0.033983729779720306,0.07067268341779709,0.03887616842985153,0.0011042060796171427,0.009198274463415146,0.005106839817017317,0.47351574897766113,0.3675423264503479
anger.175,0.02654743567109108,0.7165202498435974,0.13224264979362488,0.028895970433950424,0.0260908305644989,0.021485159173607826,0.031629763543605804,0.016587911173701286
anger.110,0.016771400347352028,0.8581905364990234,0.05309983342885971,0.03238224238157272,0.0014769623521715403,0.00744158960878849,0.01754644513130188,0.013090971857309341
anger.176,0.00030656601302325726,0.9914980530738831,0.002435507485643029,0.0019046112429350615,0.0015300916275009513,0.00028827734058722854,0.0006980205071158707,0.0013389511732384562
anger.111,0.030294857919216156,0.4153153598308563,0.010402480140328407,0.002442658180370927,0.018299760296940804,0.004669015761464834,0.05114856734871864,0.4674273431301117
anger.177,0.01981770433485508,0.6018672585487366,0.0072151231579482555,0.0031093237921595573,0.013328262604773045,0.005353714805096388,0.07608438283205032,0.27322420477867126
anger.112,0.0021011927165091038,0.9489628672599792,0.0021392693743109703,0.004531529266387224,0.0383010171353817,0.0004302698653191328,0.0019029168179258704,0.0016310012433677912
anger.178,0.031897664070129395,0.5514620542526245,0.03391942381858826,0.29474955797195435,0.030209990218281746,0.006301150191575289,0.02710411325097084,0.02435602806508541
anger.113,0.037084177136421204,0.5353930592536926,0.008183571510016918,0.00690264068543911,0.23353610932826996,0.007251214236021042,0.09341523051261902,0.0782339870929718
anger.179,0.011829642578959465,0.0006409290945157409,0.001004367950372398,0.0025558474007993937,0.0643732026219368,0.10794011503458023,0.7968478798866272,0.014808088541030884
anger.114,0.048269204795360565,0.5154556632041931,0.030183490365743637,0.19952310621738434,0.1755906641483307,0.010201998054981232,0.010070494376122952,0.010705376043915749
anger.18,0.17250655591487885,0.00639814417809248,0.011781311593949795,0.016045160591602325,0.01033770851790905,0.02812999114394188,0.7433524131774902,0.011448710225522518
anger.115,0.007092783693224192,0.7862313985824585,0.02017444558441639,0.003220753511413932,0.12925855815410614,0.004872997757047415,0.01960853673517704,0.02954052947461605
anger.180,0.12726977467536926,0.46877312660217285,0.0320727676153183,0.014922945760190487,0.15522697567939758,0.018818698823451996,0.024235108867287636,0.15868061780929565
anger.116,0.005954342894256115,0.003428218187764287,0.010715262033045292,0.02302476204931736,0.12464744597673416,0.02011999301612377,0.5559455752372742,0.2561643719673157
anger.181,0.03666798025369644,0.0067968652583658695,0.03522470220923424,0.007944946177303791,0.02145964279770851,0.0320676825940609,0.6370235681533813,0.2228146195411682
anger.117,0.15472184121608734,0.4962676167488098,0.04509557783603668,0.01614372618496418,0.0402347557246685,0.17205554246902466,0.06171267852187157,0.013768302276730537
anger.182,0.0012839729897677898,0.0013431874103844166,0.0006469611544162035,0.002244401490315795,0.21131886541843414,0.004178463947027922,0.3700476586818695,0.4089365303516388
anger.118,0.12040207535028458,0.4121122360229492,0.03070039674639702,0.00434528011828661,0.09652335196733475,0.006087516900151968,0.11350264400243759,0.2163264900445938
anger.183,0.019120246171951294,0.8186913728713989,0.05411208048462868,0.013907402753829956,0.01122416090220213,0.023913461714982986,0.02295645698904991,0.03607482835650444
anger.119,0.19529283046722412,0.09116622060537338,0.039701540023088455,0.0564996674656868,0.15395952761173248,0.07788188755512238,0.29760926961898804,0.08788895606994629
anger.184,0.04160372167825699,0.7925789952278137,0.0782756507396698,0.04099239036440849,0.005550835281610489,0.005958042573183775,0.014713454991579056,0.020326847210526466
anger.12,0.3049362301826477,0.010267713107168674,0.02836492471396923,0.04553970322012901,0.07581781595945358,0.42494380474090576,0.04113732650876045,0.068992480635643
anger.185,0.01740749552845955,0.7782050371170044,0.046911172568798065,0.07422883808612823,0.008976820856332779,0.018142491579055786,0.032346900552511215,0.023781219497323036
anger.120,0.006674051750451326,0.9458279609680176,0.015722284093499184,0.000869179202709347,0.0016194962663576007,0.0005527906469069421,0.006392886396497488,0.02234124392271042
anger.186,0.012879050336778164,0.005406505428254604,0.23713906109333038,0.03377103805541992,0.020757930353283882,0.005860243923962116,0.254080206155777,0.43010592460632324
anger.121,0.1793690025806427,0.03295908495783806,0.035642798990011215,0.10610584914684296,0.3511948585510254,0.004234929569065571,0.2085890769958496,0.08190441131591797
anger.187,0.006196850445121527,0.03762874752283096,0.02225520834326744,0.01136323343962431,0.1991320550441742,0.021130844950675964,0.5357041358947754,0.1665889471769333
anger.122,0.0309595949947834,0.7012537121772766,0.0529872328042984,0.08544407784938812,0.02908608689904213,0.005321751814335585,0.03527732565999031,0.05967026203870773
anger.188,0.021935245022177696,0.008927729912102222,0.12415090948343277,0.028920412063598633,0.08726590126752853,0.0030946307815611362,0.12110167741775513,0.6046035289764404
anger.123,0.02603178098797798,0.6740450263023376,0.09111621975898743,0.16497479379177094,0.009712775237858295,0.0033194636926054955,0.006223940756171942,0.02457602322101593
anger.189,0.020054437220096588,0.9202110171318054,0.004711232613772154,0.0062074242159724236,0.03708837553858757,0.0031735380180180073,0.007854570634663105,0.0006993782590143383
anger.124,0.034704744815826416,0.07595199346542358,0.04210035875439644,0.0025981133803725243,0.012754678726196289,0.5977470874786377,0.1662766933441162,0.06786636263132095
anger.19,0.024935606867074966,0.006609950680285692,0.002493308624252677,0.014890633523464203,0.7697104215621948,0.008270937018096447,0.16913488507270813,0.003954289015382528
anger.125,0.027829913422465324,0.9355619549751282,0.0062124342657625675,0.0009091896936297417,0.01180716510862112,0.0014821611111983657,0.01404563244432211,0.0021514713298529387
anger.190,0.10479127615690231,0.024440670385956764,0.010779996402561665,0.022053187713027,0.09920729696750641,0.007352535612881184,0.6947237253189087,0.036651257425546646
anger.126,0.5594801306724548,0.23558920621871948,0.055374931544065475,0.02836443856358528,0.07903147488832474,0.005426355637609959,0.023549264296889305,0.01318418700248003
anger.191,0.08232060074806213,0.16002017259597778,0.22682946920394897,0.24422712624073029,0.08729296177625656,0.014556503854691982,0.07928028702735901,0.10547289997339249
anger.127,0.0032429348211735487,0.0028934450820088387,0.006619954481720924,0.002484029158949852,0.11945516616106033,0.011065359227359295,0.3217971622943878,0.5324419140815735
anger.192,0.021425535902380943,0.017501749098300934,0.005474214907735586,0.044466014951467514,0.009554445743560791,0.0049462770111858845,0.7811204791069031,0.11551130563020706
anger.128,0.06373769044876099,0.05652695149183273,0.06746533513069153,0.30049359798431396,0.07093385607004166,0.010785731486976147,0.18443267047405243,0.2456241399049759
anger.193,0.0011842058738693595,0.001374978106468916,0.0008419396472163498,0.002784950891509652,0.5940279364585876,0.0018322378164157271,0.30944281816482544,0.08851082623004913
anger.129,0.004436523653566837,0.004156435374170542,0.012174207717180252,0.005055587273091078,0.09326313436031342,0.022501366212964058,0.6249077320098877,0.23350493609905243
anger.194,0.00467913830652833,0.008454611524939537,0.001473611337132752,0.05851336568593979,0.903079628944397,0.002266311552375555,0.019005559384822845,0.002527803648263216
anger.13,0.00032664131140336394,0.0005348994163796306,0.0012627389514818788,0.001602009404450655,0.01627485454082489,0.0033471283968538046,0.5460065603256226,0.4306451380252838
anger.195,0.00453235162422061,0.8942268490791321,0.011301083490252495,0.011275618337094784,0.0030471081845462322,0.007243503350764513,0.05805372819304466,0.010319787077605724
anger.130,0.05719929188489914,0.03285916894674301,0.01661831885576248,0.11880134046077728,0.10179837048053741,0.0708966925740242,0.3975920081138611,0.2042347490787506
anger.196,0.09847964346408844,0.158876433968544,0.1278824508190155,0.02521565556526184,0.024956149980425835,0.09130597859621048,0.27122965455055237,0.20205409824848175
anger.131,0.00207844958640635,0.002384045161306858,0.00689833564683795,0.0029702819883823395,0.09486092627048492,0.014762692153453827,0.6109602451324463,0.26508504152297974
anger.197,0.02717585116624832,0.6712797284126282,0.011727595701813698,0.003177786245942116,0.038419850170612335,0.004138179123401642,0.2365749031305313,0.0075060296803712845
anger.132,0.03008490987122059,0.041920240968465805,0.030346360057592392,0.020273489877581596,0.02877204120159149,0.29853302240371704,0.3257889151573181,0.22428104281425476
anger.198,0.0015177393797785044,0.96904057264328,0.003072071587666869,0.012192814610898495,0.004054906312376261,0.0003907617356162518,0.008139608427882195,0.0015915172407403588
anger.133,0.006763696204870939,0.7662361264228821,0.03437086194753647,0.0418093167245388,0.06604267656803131,0.004681317135691643,0.04048014432191849,0.039615947753190994
anger.199,0.01745077222585678,0.02031959407031536,0.0030713966116309166,0.21607810258865356,0.6318966150283813,0.00539341801777482,0.0848766565322876,0.020913410931825638
anger.134,0.0031938483007252216,0.020121052861213684,0.001307231024838984,0.002128679770976305,0.011787704192101955,0.02349722944200039,0.8015264272689819,0.1364378184080124
anger.2,0.0017135998932644725,0.959513783454895,0.005018672905862331,0.003409177763387561,0.0031471250113099813,0.0012642742367461324,0.00824022851884365,0.01769307442009449
anger.135,0.017444651573896408,0.8390666842460632,0.07133997976779938,0.02069333754479885,0.004872511141002178,0.011169958859682083,0.005400144029408693,0.030012667179107666
anger.20,0.00508189806714654,0.9611049890518188,0.02276788279414177,0.0006356569938361645,0.008626667782664299,6.730171298841015e-05,0.0004606385773513466,0.001254977541975677
anger.136,0.0814177617430687,0.0046637775376439095,0.026020849123597145,0.15088745951652527,0.03382347896695137,0.007990262471139431,0.6790890693664551,0.016107328236103058
anger.200,0.1513020098209381,0.2147326022386551,0.04600219801068306,0.0107695572078228,0.05095871537923813,0.05937978997826576,0.45302262902259827,0.013832527212798595
anger.137,0.04517202824354172,0.4810032546520233,0.3131874203681946,0.08508168160915375,0.04908842220902443,0.005890722386538982,0.005792320240288973,0.014784209430217743
anger.201,0.1251937299966812,0.07762329280376434,0.18458397686481476,0.02478760853409767,0.023694414645433426,0.11239393800497055,0.35869741439819336,0.0930255800485611
anger.138,0.003975352738052607,0.011213866993784904,0.030059782788157463,0.017144134268164635,0.013584409840404987,0.025394916534423828,0.35660111904144287,0.5420264005661011
anger.202,0.004261298105120659,0.0036498047411441803,0.017106348648667336,0.007369286380708218,0.08003779500722885,0.0029487689025700092,0.7676402926445007,0.11698652058839798
anger.139,0.07119216024875641,0.004024061374366283,0.1873532086610794,0.07902729511260986,0.06819368898868561,0.005998044274747372,0.1730542927980423,0.4111573100090027
anger.203,0.005563252605497837,0.007290961686521769,0.004090689588338137,0.0033753630705177784,0.023226624354720116,0.028062976896762848,0.2065955251455307,0.721794605255127
anger.14,0.06458143144845963,0.08833999186754227,0.127596914768219,0.4100189208984375,0.05883723124861717,0.05681830644607544,0.056831564754247665,0.13697567582130432
anger.204,0.3331471085548401,0.011355950497090816,0.03547677770256996,0.25186553597450256,0.026775849983096123,0.029467089101672173,0.1700000911951065,0.1419116109609604
anger.140,0.034727077931165695,0.7109492421150208,0.01898965612053871,0.018485933542251587,0.020963003858923912,0.14524497091770172,0.026625577360391617,0.024014554917812347
anger.205,0.004585765767842531,0.8061774969100952,0.021614374592900276,0.007628488354384899,0.0017463824478909373,0.01875045895576477,0.09622528403997421,0.04327172785997391
anger.141,0.010898489505052567,0.12709765136241913,0.018211491405963898,0.0028854499105364084,0.013985651545226574,0.004100899212062359,0.13886278867721558,0.683957576751709
anger.206,0.026346204802393913,0.6551551818847656,0.01976965181529522,0.0046164002269506454,0.010953106917440891,0.00665924372151494,0.10406474024057388,0.17243552207946777
anger.142,0.004356544930487871,0.9161407351493835,0.0158409234136343,0.01616530865430832,0.007367338519543409,0.0035314946435391903,0.018901720643043518,0.017695926129817963
anger.207,0.018094327300786972,0.3104228079319,0.014032918028533459,0.17317600548267365,0.32626456022262573,0.02200418896973133,0.06073442101478577,0.07527069002389908
anger.143,0.15681707859039307,0.053499504923820496,0.08004751801490784,0.168936625123024,0.20072883367538452,0.09205101430416107,0.1547965556383133,0.0931229218840599
anger.208,0.008412666618824005,0.7765337824821472,0.016413042321801186,0.003094662679359317,0.18527090549468994,0.0009741786052472889,0.0077085597440600395,0.0015921186422929168
anger.144,0.0016554443864151835,0.9505947232246399,0.016856322064995766,0.018751470372080803,0.002027910901233554,0.0026199743151664734,0.0006702244863845408,0.0068239206448197365
anger.209,0.020237743854522705,0.008028938435018063,0.01941649056971073,0.02387879230082035,0.06483960896730423,0.04424658417701721,0.5397874712944031,0.27956441044807434
anger.145,0.00959228165447712,0.8240821361541748,0.08756671845912933,0.04569048061966896,0.009806695394217968,0.003991885110735893,0.006275237537920475,0.012994574382901192
anger.21,0.031367041170597076,0.007920365780591965,0.06584323197603226,0.026833122596144676,0.037182629108428955,0.004967885557562113,0.22825194895267487,0.5976337194442749
anger.146,0.0034214560873806477,0.0031893819104880095,0.0013337313430383801,0.007105911150574684,0.6819859743118286,0.02030908316373825,0.2519136965274811,0.03074079193174839
anger.210,0.038061052560806274,0.008127696812152863,0.022986508905887604,0.0665353462100029,0.035909101366996765,0.0024672390427440405,0.773301362991333,0.05261164903640747
anger.147,0.038307324051856995,0.5128135681152344,0.027936531230807304,0.2225411981344223,0.09728480130434036,0.0053145564161241055,0.0427091009914875,0.0530928336083889
anger.211,0.006902254186570644,0.004913819022476673,0.012399530969560146,0.004885262809693813,0.43537637591362,0.005342213436961174,0.28258946537971497,0.2475910782814026
anger.148,0.000555428268853575,0.0023697379510849714,0.0033325855620205402,0.001783733139745891,0.04530692845582962,0.002868453972041607,0.7784216403961182,0.16536147892475128
anger.212,0.02396811544895172,0.03463307395577431,0.001725528622046113,0.0019510284764692187,0.8093829154968262,0.004493686370551586,0.11605989933013916,0.007785823196172714
anger.149,0.12396232038736343,0.23048141598701477,0.33410942554473877,0.043783269822597504,0.035996582359075546,0.1487172394990921,0.016934335231781006,0.06601540744304657
anger.213,0.007237286306917667,0.8853074908256531,0.015848077833652496,0.005310421343892813,0.003055209293961525,0.0038034715689718723,0.036216482520103455,0.04322150722146034
anger.15,0.050175972282886505,0.5835620164871216,0.030992934480309486,0.012025928124785423,0.025635911151766777,0.004817475099116564,0.0797528401017189,0.21303698420524597
anger.214,0.07971634715795517,0.03385710343718529,0.06398139148950577,0.04984799399971962,0.02873709797859192,0.01810232363641262,0.4716215431690216,0.25413623452186584
anger.150,0.06150009483098984,0.39003151655197144,0.0132981576025486,0.03210311755537987,0.4202621877193451,0.025649143382906914,0.04774647578597069,0.00940933357924223
anger.215,0.01706094667315483,0.08740098774433136,0.014573242515325546,0.01342438068240881,0.8294929265975952,0.01711313985288143,0.01868913136422634,0.002245325827971101
anger.151,0.1417234241962433,0.4185886085033417,0.015267714858055115,0.01895671896636486,0.21524785459041595,0.02785968966782093,0.14222972095012665,0.020126331597566605
anger.216,0.03184795752167702,0.9144766926765442,0.00954444520175457,0.001199925784021616,0.027463145554065704,0.00034637810313142836,0.009671845473349094,0.0054495916701853275
anger.152,0.00873437151312828,0.09838099777698517,0.009749979712069035,0.009339431300759315,0.8597961664199829,0.006380076054483652,0.005102114286273718,0.0025168221909552813
anger.217,0.22592364251613617,0.2989976108074188,0.021554898470640182,0.004144228529185057,0.2586340010166168,0.008477204479277134,0.16049626469612122,0.0217721089720726
anger.153,0.027044402435421944,0.7130427360534668,0.11315685510635376,0.10764168202877045,0.0037067702505737543,0.009410960599780083,0.011936538852751255,0.014060018584132195
anger.161,0.0005310162669047713,0.0013669559266418219,0.0008265372598543763,0.002585600595921278,0.9330417513847351,0.045968372374773026,0.003381569404155016,0.012298280373215675
anger.218,0.02686368301510811,0.08454454690217972,0.07457058876752853,0.02850174531340599,0.10326318442821503,0.012409655377268791,0.5877562165260315,0.08209042251110077
anger.162,0.00199942197650671,0.9714407920837402,0.005654805339872837,0.00046280489186756313,0.01396229024976492,0.0002970414934679866,0.005859640892595053,0.0003231595328543335
anger.219,0.00389534211717546,0.001818558550439775,0.027980193495750427,0.010548422113060951,0.08735651522874832,0.005247514694929123,0.14964181184768677,0.7135116457939148
anger.163,0.04452268406748772,0.18172523379325867,0.03339489549398422,0.03354207053780556,0.5970087647438049,0.06258086860179901,0.04078539088368416,0.0064401631243526936
anger.22,0.0026871194131672382,0.0015115522546693683,0.08510641008615494,0.006105263717472553,0.029117226600646973,0.003471722826361656,0.09317078441381454,0.7788299322128296
anger.164,0.14444907009601593,0.011533823795616627,0.01653146743774414,0.03764272853732109,0.057441700249910355,0.006280341185629368,0.7047998309135437,0.021321089938282967
anger.220,0.11016193777322769,0.012710470706224442,0.03146221116185188,0.02277909405529499,0.09088419377803802,0.019411137327551842,0.6000758409500122,0.11251512169837952
anger.165,0.06706799566745758,0.00852265115827322,0.0037360163405537605,0.029453452676534653,0.21377988159656525,0.008222375996410847,0.631213903427124,0.03800378739833832
anger.221,0.02105816826224327,0.8267375230789185,0.054077211767435074,0.008086785674095154,0.003344082273542881,0.0016158208018168807,0.07231434434652328,0.012766090221703053
anger.166,0.10233835130929947,0.07264918088912964,0.47155633568763733,0.024701634421944618,0.09219276905059814,0.018527807667851448,0.11190452426671982,0.10612943023443222
anger.222,0.008393879979848862,0.563721239566803,0.017571648582816124,0.0027105272747576237,0.025336720049381256,0.015054719522595406,0.03930266201496124,0.32790857553482056
anger.167,0.052840106189250946,0.026374487206339836,0.03216524049639702,0.03829415142536163,0.06997483968734741,0.016297901049256325,0.7046053409576416,0.05944793298840523
anger.223,0.03630119189620018,0.5789960026741028,0.015365345403552055,0.00359881529584527,0.018417755141854286,0.002089779358357191,0.25140026211738586,0.09383077919483185
anger.168,0.09230029582977295,0.10643606632947922,0.021100962534546852,0.021712681278586388,0.2611585557460785,0.049241792410612106,0.4129158556461334,0.03513375297188759
anger.224,0.048203255981206894,0.010375450365245342,0.09931296855211258,0.048542268574237823,0.1200924888253212,0.008352096192538738,0.31883707642555237,0.34628432989120483
anger.169,0.0004716928815469146,0.0010805923957377672,0.008986120112240314,0.0033839712850749493,0.016367800533771515,0.0013573048636317253,0.7393564581871033,0.22899602353572845
anger.225,0.004078133497387171,0.9848649501800537,0.004435223992913961,0.001972564496099949,0.0009394756052643061,0.0002785655087791383,0.0007907398976385593,0.00264027900993824
anger.17,0.0039080120623111725,0.0029864059761166573,0.017942804843187332,0.052388448268175125,0.28896528482437134,0.002268268261104822,0.46097418665885925,0.1705666035413742
anger.226,0.004597777035087347,0.887844443321228,0.004404921550303698,0.006544949486851692,0.02134818397462368,0.0013564645778387785,0.026590675115585327,0.0473126545548439
anger.227,0.04577818140387535,0.03232133015990257,0.10380475968122482,0.16319125890731812,0.07022834569215775,0.0037568528205156326,0.4990595877170563,0.08185964822769165
anger.228,0.018313944339752197,0.09412448853254318,0.00337956752628088,0.002226539421826601,0.8633090853691101,0.0011763926595449448,0.01142637338489294,0.006043634377419949
anger.229,0.004802151117473841,0.0018436433747410774,0.0010699598351493478,0.001704016118310392,0.899020254611969,0.04729887843132019,0.040064722299575806,0.0041963569819927216
anger.23,0.004165719263255596,0.8412609100341797,0.007996899075806141,0.003336847759783268,0.0021592634730041027,0.0012568949023261666,0.030175527557730675,0.10964793711900711
anger.230,0.025466399267315865,0.031617775559425354,0.08613438904285431,0.35335880517959595,0.3497124910354614,0.023898499086499214,0.03823065012693405,0.09158097952604294
anger.231,0.009263838641345501,0.398830384016037,0.013842384330928326,0.005172499921172857,0.022198809310793877,0.0024147804360836744,0.14463213086128235,0.40364521741867065
anger.232,0.037627141922712326,0.007729505654424429,0.003115684725344181,0.013613365590572357,0.01840565912425518,0.8086486458778381,0.10569635778665543,0.005163622088730335
anger.233,0.06431408226490021,0.1029418557882309,0.03274122253060341,0.0068037607707083225,0.015929030254483223,0.007045875769108534,0.6147459745407104,0.15547819435596466
anger.234,0.06940741091966629,0.021090755239129066,0.04001646488904953,0.012414339929819107,0.010799012146890163,0.0697338879108429,0.1152055487036705,0.6613326668739319
anger.235,0.08370712399482727,0.031418658792972565,0.023515470325946808,0.025689423084259033,0.0794672966003418,0.16234470903873444,0.5732566714286804,0.020600615069270134
anger.236,0.047633763402700424,0.9247909188270569,0.0029520723037421703,0.0027095123659819365,0.009986512362957,0.0012233186280354857,0.00555245578289032,0.005151574965566397
anger.237,0.0056431349366903305,0.009395853616297245,0.014843644574284554,0.26390600204467773,0.03740333765745163,0.0014889865415170789,0.4847126007080078,0.18260642886161804
anger.238,0.019543465226888657,0.38246050477027893,0.03239470347762108,0.018355771899223328,0.44492560625076294,0.007227611728012562,0.06190837174654007,0.03318394348025322
anger.239,0.25520414113998413,0.06406870484352112,0.2812964618206024,0.10221812129020691,0.051764898002147675,0.019888389855623245,0.19625523686408997,0.029304055497050285
anger.24,0.022778915241360664,0.7142981290817261,0.1445930153131485,0.009445019997656345,0.008198508992791176,0.02012895792722702,0.03258451074361801,0.04797295108437538
anger.240,0.01802324317395687,0.9352512359619141,0.0263416338711977,0.003402361646294594,0.005436961073428392,0.0016364863840863109,0.005494320765137672,0.004413779359310865
anger.241,0.012769265100359917,0.009896867908537388,0.006632774602621794,0.09517795592546463,0.11704331636428833,0.0024890583008527756,0.6859316825866699,0.07005900144577026
anger.242,0.04361801967024803,0.01750601828098297,0.040314748883247375,0.10554830729961395,0.034361667931079865,0.001624454278498888,0.528603196144104,0.22842352092266083
anger.243,0.0056246425956487656,0.7453402876853943,0.006090940907597542,0.004744412377476692,0.154871866106987,0.0019358160207048059,0.037027303129434586,0.04436482489109039
anger.244,0.04311949014663696,0.1764027625322342,0.5590204000473022,0.04410067945718765,0.07631316035985947,0.022616880014538765,0.026384904980659485,0.0520416721701622
anger.245,0.14868596196174622,0.18835030496120453,0.025748541578650475,0.005184418987482786,0.13076019287109375,0.046668071299791336,0.443940669298172,0.010661781765520573
anger.246,0.009631329216063023,0.0757693350315094,0.006252841092646122,0.005131195764988661,0.008412977680563927,0.006346319802105427,0.4763856828212738,0.41207030415534973
anger.247,0.07437586039304733,0.056188296526670456,0.020958060398697853,0.03475802391767502,0.3234613537788391,0.06066608056426048,0.3303416669368744,0.09925058484077454
anger.248,0.0011425042757764459,0.9767633676528931,0.0029848136473447084,0.015158228576183319,0.001563620287925005,0.0002889690804295242,0.0008519882685504854,0.0012464841129258275
anger.249,0.0003617075562942773,0.9876843690872192,0.0009988570818677545,0.004239807836711407,0.003047777572646737,0.00025722969439812005,0.0024432321079075336,0.0009669711580500007
anger.25,0.12318962067365646,0.03521990031003952,0.2529136538505554,0.0752769261598587,0.05376419797539711,0.03797752037644386,0.2548733055591583,0.16678494215011597
anger.250,0.034986961632966995,0.7441739439964294,0.023786526173353195,0.004709005821496248,0.04806043952703476,0.02679179422557354,0.06148023158311844,0.0560111477971077
anger.251,0.0428093783557415,0.006229443475604057,0.0255080908536911,0.02520809881389141,0.3382803797721863,0.11915569007396698,0.3129161298274994,0.12989285588264465
anger.252,0.04320869594812393,0.7292323708534241,0.01512041687965393,0.1334911435842514,0.021678069606423378,0.005593759473413229,0.016836591064929962,0.03483893349766731
anger.253,0.029115065932273865,0.8250730633735657,0.06455734372138977,0.023086456581950188,0.005400902591645718,0.017361998558044434,0.005771358497440815,0.029633859172463417
anger.254,0.0009813816286623478,0.0012284930562600493,0.0014826646074652672,0.0054674698039889336,0.06952858716249466,0.00607788423076272,0.8713568449020386,0.04387668892741203
anger.255,0.3478694558143616,0.09507376700639725,0.08174774795770645,0.15091021358966827,0.03340800106525421,0.020680833607912064,0.17201213538646698,0.0982978567481041
anger.256,0.008972449228167534,0.7136160135269165,0.001582931843586266,0.0030908826738595963,0.265508234500885,0.0010660707484930754,0.0038695568218827248,0.002293837256729603
anger.257,0.02159019745886326,0.7951696515083313,0.008661145344376564,0.008395497687160969,0.06454356759786606,0.006913015153259039,0.07382180541753769,0.020905092358589172
anger.258,0.02116917073726654,0.8544643521308899,0.07571650296449661,0.013115749694406986,0.019001364707946777,0.0004719578137155622,0.007858455181121826,0.008202485740184784
anger.259,0.002827470423653722,0.9705435633659363,0.013982771895825863,0.004265204071998596,0.0016303074080497026,0.001383486669510603,0.003129991702735424,0.0022371644154191017
anger.26,0.008885595016181469,0.005707745440304279,0.017674172297120094,0.00844417791813612,0.02457713894546032,0.02903260476887226,0.11989288032054901,0.7857856750488281
anger.260,0.013574146665632725,0.45631518959999084,0.37176498770713806,0.05895088240504265,0.057472582906484604,0.007150001358240843,0.020030828192830086,0.014741471968591213
anger.261,0.03863738104701042,0.38423800468444824,0.03198501467704773,0.008412012830376625,0.48136571049690247,0.007383869029581547,0.03868697211146355,0.009291151538491249
anger.262,0.005644970573484898,0.9182041883468628,0.016690291464328766,0.04395487159490585,0.003806001041084528,0.0011569865746423602,0.004588473588228226,0.005954270716756582
anger.263,0.1869584023952484,0.11689659208059311,0.046541351824998856,0.19354046881198883,0.08712542057037354,0.06042861565947533,0.12682537734508514,0.18168377876281738
anger.264,0.0033181048929691315,0.5577781796455383,0.007833204232156277,0.0032707322388887405,0.0062334886752069,0.08198218792676926,0.26908496022224426,0.07049919664859772
anger.265,0.02525680884718895,0.6353551745414734,0.012902398593723774,0.00720409769564867,0.02404467575252056,0.0031029977835714817,0.18061354756355286,0.11152023077011108
anger.266,0.004127562046051025,0.14664489030838013,0.21739046275615692,0.3560730218887329,0.015101619996130466,0.00721503933891654,0.026571324095129967,0.2268761247396469
anger.267,0.1962089240550995,0.053308114409446716,0.1780375987291336,0.04109333083033562,0.030027002096176147,0.13099710643291473,0.3451944589614868,0.025133363902568817
anger.268,0.038583580404520035,0.5741609930992126,0.2781427800655365,0.04561925679445267,0.02118270844221115,0.013409407809376717,0.009716345928609371,0.019185010343790054
anger.269,0.01009598933160305,0.8373218178749084,0.01335805095732212,0.12512540817260742,0.005770011804997921,0.004289823118597269,0.0009852949297055602,0.0030535650439560413
anger.27,0.001430743490345776,0.001680718269199133,0.002512986771762371,0.0020035249181091785,0.3295869827270508,0.0014563961885869503,0.11616016924381256,0.5451685190200806
anger.270,0.26032742857933044,0.07545545697212219,0.06046278774738312,0.06155455484986305,0.1631372720003128,0.023668622598052025,0.30467405915260315,0.050719764083623886
anger.271,0.009077589958906174,0.004287315998226404,0.0032071461901068687,0.0037339311093091965,0.006896013859659433,0.006595816928893328,0.7578718066215515,0.20833034813404083
anger.272,0.0458793006837368,0.011053268797695637,0.015935320407152176,0.15673889219760895,0.2372785359621048,0.004846993833780289,0.5132951140403748,0.014972495846450329
anger.273,0.0006156417657621205,0.000374144728993997,0.0007562812534160912,0.001844348618760705,0.04445900768041611,0.0009490746888332069,0.898741602897644,0.05225991830229759
anger.274,0.002418770454823971,0.004636524710804224,0.010995008051395416,0.0030710259452462196,0.10375919938087463,0.0016483762301504612,0.1484164446592331,0.7250546216964722
anger.275,0.001401785877533257,0.026300204917788506,0.0016026877565309405,0.0009285424603149295,0.9573769569396973,0.001821354147978127,0.006942557170987129,0.0036258811596781015
anger.276,0.007692584302276373,0.9652998447418213,0.011037160642445087,0.0015732244355604053,0.0048923492431640625,0.00025577712222002447,0.00588611513376236,0.0033629145473241806
anger.277,0.009675118140876293,0.038388170301914215,0.004111909307539463,0.369083046913147,0.2438482791185379,0.0006378347752615809,0.2313324362039566,0.10292328894138336
anger.278,0.08371403068304062,0.2407965213060379,0.12189424782991409,0.014512795954942703,0.11206693947315216,0.02542063780128956,0.2372242510318756,0.16437067091464996
anger.279,0.02237091213464737,0.008706826716661453,0.01204176526516676,0.010333857499063015,0.06714395433664322,0.004533101804554462,0.31272876262664795,0.5621408224105835
anger.28,0.027605200186371803,0.8844907879829407,0.006037319544702768,0.0030054806265980005,0.026321247220039368,0.0031492451671510935,0.0272176843136549,0.02217308059334755
anger.280,0.036633286625146866,0.4080747067928314,0.02714468538761139,0.017312264069914818,0.17129448056221008,0.012508541345596313,0.19649195671081543,0.13054007291793823
anger.281,0.002153960522264242,0.9648457169532776,0.021860158070921898,0.005565800704061985,0.0005010513123124838,0.001563504571095109,0.000994661240838468,0.0025151963345706463
anger.282,0.018785489723086357,0.8045455813407898,0.0579979345202446,0.08411390334367752,0.026131225749850273,0.001465813023969531,0.001053310465067625,0.005906807258725166
anger.283,0.010949505493044853,0.2802460789680481,0.00404077023267746,0.0041758818551898,0.6044110059738159,0.00464281439781189,0.04900243505835533,0.042531486600637436
anger.284,0.016298910602927208,0.7580592632293701,0.04666833579540253,0.060480907559394836,0.026449650526046753,0.005269823130220175,0.01615447923541069,0.07061871141195297
anger.285,0.44312524795532227,0.16027215123176575,0.14324980974197388,0.06145583838224411,0.030513202771544456,0.05058331787586212,0.0457020029425621,0.06509847939014435
anger.286,0.4409331679344177,0.2447577863931656,0.1414671242237091,0.08376706391572952,0.04358194023370743,0.022691838443279266,0.005748812574893236,0.01705227419734001
anger.287,0.0017707719234749675,0.002144071040675044,0.17641064524650574,0.0022366195917129517,0.020290851593017578,0.0014744875952601433,0.00977165438234806,0.785900890827179
anger.288,0.06180989369750023,0.012984707951545715,0.4808419942855835,0.009116457775235176,0.12007760256528854,0.10772339999675751,0.1183263286948204,0.08911966532468796
anger.289,0.0026742927730083466,0.002126065082848072,0.009188429452478886,0.003968095872551203,0.19357554614543915,0.003922088537365198,0.35163363814353943,0.43291187286376953
anger.29,0.06551509350538254,0.3762299716472626,0.0100107965990901,0.021752996370196342,0.16952641308307648,0.10546643286943436,0.1566186398267746,0.09487968683242798
anger.290,0.04268667846918106,0.027622118592262268,0.038410529494285583,0.023023415356874466,0.04007415100932121,0.3475765287876129,0.3857495188713074,0.0948571264743805
anger.291,0.020044252276420593,0.12020909786224365,0.024905437603592873,0.0045215594582259655,0.5044631361961365,0.13858896493911743,0.16613022983074188,0.021137239411473274
anger.292,0.08328675478696823,0.0802944228053093,0.05436253175139427,0.12981568276882172,0.025971904397010803,0.09881128370761871,0.42482492327690125,0.1026325523853302
anger.293,0.014040213078260422,0.8141090273857117,0.06627792865037918,0.035285353660583496,0.004611702635884285,0.002120455726981163,0.006599193438887596,0.05695618689060211
anger.294,0.004454633221030235,0.9825499057769775,0.006355190183967352,0.00021319086954463273,0.0009802049025893211,0.00024110922822728753,0.002949691144749522,0.002256129402667284
anger.295,0.002714247675612569,0.8454990386962891,0.0027590584941208363,0.003491798648610711,0.007835771888494492,0.0007836474105715752,0.04086776822805405,0.09604860097169876
anger.296,0.20619525015354156,0.08299653977155685,0.08120991289615631,0.0765075534582138,0.1032644733786583,0.13715548813343048,0.06188472732901573,0.2507860064506531
anger.297,0.012087511830031872,0.8880912661552429,0.007112474646419287,0.005439641885459423,0.006871032062917948,0.003884598147124052,0.05666149780154228,0.019851984456181526
anger.298,0.02033756487071514,0.8658414483070374,0.00839292723685503,0.002703750040382147,0.01673884689807892,0.0006660609506070614,0.06491027772426605,0.020409172400832176
anger.299,0.011292942799627781,0.5750980377197266,0.011105223558843136,0.004228565376251936,0.005683219991624355,0.001790009206160903,0.13954822719097137,0.25125372409820557
anger.3,0.002938078250735998,0.00956637877970934,0.023293115198612213,0.0021227968391031027,0.00816147681325674,0.2374085634946823,0.03535832464694977,0.681151270866394
anger.30,0.02054448053240776,0.010618647560477257,0.024348607286810875,0.041110362857580185,0.07651927322149277,0.28431063890457153,0.23012544214725494,0.312422513961792
anger.300,0.006163945887237787,0.33556434512138367,0.004593569319695234,0.0008806923869997263,0.0017508914461359382,0.0016876797890290618,0.13154998421669006,0.5178089141845703
anger.301,0.018720103427767754,0.8612722158432007,0.010141851380467415,0.0016410506796091795,0.023780765011906624,0.009089917875826359,0.010826137848198414,0.0645279511809349
anger.302,0.0004704703751485795,0.0011362670920789242,0.002880103886127472,0.0005887234583497047,0.00525367958471179,0.003549910383298993,0.9679529070854187,0.018168026581406593
anger.303,0.0006450905348174274,0.00010330848454032093,0.0001512823801022023,0.0005694340215995908,0.9948933124542236,0.00029661375447176397,0.0009916522540152073,0.002349326852709055
anger.304,0.7470458149909973,0.019444700330495834,0.006538395304232836,0.0303549412637949,0.010516338050365448,0.007295428309589624,0.14752206206321716,0.03128235414624214
anger.305,0.0016794471303001046,0.9028133749961853,0.0036393492482602596,0.00512794591486454,0.003283992176875472,0.0016936364118009806,0.012558886781334877,0.06920337677001953
anger.306,0.006541544105857611,0.015433120541274548,0.004167935810983181,0.006770901381969452,0.002264738781377673,0.018628833815455437,0.8934838175773621,0.05270908400416374
anger.307,0.03240380063652992,0.02747834101319313,0.014414994046092033,0.025843830779194832,0.040107328444719315,0.016928112134337425,0.18783728778362274,0.6549863219261169
anger.308,0.0021377878729254007,0.9788230061531067,0.001446386449970305,0.0008351853466592729,0.003845185972750187,0.0004727634659502655,0.00688003608956933,0.005559656769037247
anger.309,0.0075177703984081745,0.009216618724167347,0.010178209282457829,0.02855267934501171,0.8185545206069946,0.008212423883378506,0.03905132785439491,0.07871644198894501
anger.31,0.09939761459827423,0.3278712034225464,0.1557990461587906,0.19614189863204956,0.04430001974105835,0.03434661030769348,0.04762730002403259,0.09451627731323242
anger.310,0.017186574637889862,0.8218698501586914,0.013772021047770977,0.02249903231859207,0.01963779330253601,0.006596853490918875,0.027733907103538513,0.0707038938999176
anger.311,0.043537437915802,0.4983157813549042,0.006847337819635868,0.007464952301234007,0.14296893775463104,0.0048761023208498955,0.2711007297039032,0.024888738989830017
anger.312,0.012080091051757336,0.0029627992771565914,0.004183214623481035,0.55483478307724,0.3927467465400696,0.01445759180933237,0.010007212869822979,0.008727547712624073
anger.313,0.10767016559839249,0.10616741329431534,0.10524927079677582,0.2969371974468231,0.18570838868618011,0.006126265041530132,0.03201311454176903,0.1601281464099884
anger.314,0.020361239090561867,0.5751606225967407,0.051772020757198334,0.030096551403403282,0.03177959471940994,0.029696570709347725,0.12127870321273804,0.13985472917556763
anger.315,0.03638464957475662,0.29091256856918335,0.01698128506541252,0.007888502441346645,0.6255707740783691,0.0042424132116138935,0.012197556905448437,0.005822272971272469
anger.316,0.0002236266154795885,3.965630821767263e-05,0.0007415571017190814,0.0010231818305328488,0.018193867057561874,0.001123034511692822,0.9603149890899658,0.018339978531003
anger.317,0.02338279038667679,0.6050726771354675,0.008004847913980484,0.008808751590549946,0.04400671645998955,0.004065625835210085,0.27176734805107117,0.03489113599061966
anger.318,0.06818459182977676,0.5737583041191101,0.010382050648331642,0.0063920095562934875,0.07518967241048813,0.003080152440816164,0.2338881939649582,0.029125068336725235
anger.319,0.005347575061023235,0.9629537463188171,0.005593120586127043,0.0031314522493630648,0.009399186819791794,0.0007836597505956888,0.009509315714240074,0.003281946759670973
anger.32,0.0017029735026881099,0.9677080512046814,0.015504191629588604,0.008127067238092422,0.0030045483727008104,0.000605129636824131,0.0017418967327103019,0.0016060324851423502
anger.320,0.01478076446801424,0.8631807565689087,0.02663336507976055,0.007680495735257864,0.03600822389125824,0.0021476843394339085,0.025757690891623497,0.023810919374227524
anger.321,0.08415575325489044,0.8005962371826172,0.015135306864976883,0.015251784585416317,0.021350346505641937,0.0019772679079324007,0.02483334206044674,0.03670000657439232
anger.322,0.0026980179827660322,0.9739440083503723,0.007989387027919292,0.007883632555603981,0.0010033342987298965,0.0004713138041552156,0.0020800596103072166,0.003930330276489258
anger.323,0.00518434215337038,0.9435098171234131,0.006027271971106529,0.002993621863424778,0.015496417880058289,0.002179013565182686,0.006777807138860226,0.01783168874680996
anger.324,0.24661602079868317,0.05206851661205292,0.38741546869277954,0.04366649314761162,0.10642793029546738,0.06331510096788406,0.0505867563188076,0.049903690814971924
anger.325,0.004515254870057106,0.15982361137866974,0.00376643193885684,0.0016167195281013846,0.04276711866259575,0.03994213044643402,0.6380021572113037,0.1095665991306305
anger.326,0.7702373266220093,0.005833194591104984,0.05211237818002701,0.1419512778520584,0.00819975882768631,0.011033565737307072,0.005540318787097931,0.00509213749319315
anger.327,0.012011700309813023,0.6624014973640442,0.025199703872203827,0.019517846405506134,0.019321324303746223,0.011630015447735786,0.059553083032369614,0.19036482274532318
anger.328,0.015382546000182629,0.02199738472700119,0.03927236050367355,0.020375624299049377,0.2616819739341736,0.0725930705666542,0.542152464389801,0.026544617488980293
anger.329,0.025581495836377144,0.9371017813682556,0.00984424538910389,0.0018436515238136053,0.01858270913362503,0.00016845451318658888,0.0028871260583400726,0.00399062829092145
anger.33,0.00310255098156631,0.9433648586273193,0.0032035820186138153,0.0023735237773507833,0.003915491048246622,0.0012539055896922946,0.020963286980986595,0.021822798997163773
anger.330,0.1536833494901657,0.035996194928884506,0.02058413252234459,0.016339296475052834,0.0460827462375164,0.09681079536676407,0.5782442688941956,0.05225919932126999
anger.34,0.002635880373418331,0.00854466762393713,0.0019222944974899292,0.002147153252735734,0.05963430553674698,0.0007115092012099922,0.5035127401351929,0.4208914637565613
anger.35,0.0076104761101305485,0.015692520886659622,0.01353596244007349,0.44013306498527527,0.08860795944929123,0.015168559737503529,0.12440448999404907,0.2948469817638397
anger.36,0.004217291250824928,0.7072552442550659,0.00439355056732893,0.009673899039626122,0.21706944704055786,0.012745839543640614,0.03478347137570381,0.009861214086413383
anger.37,0.009691513143479824,0.8698956966400146,0.03331204503774643,0.053538788110017776,0.014914135448634624,0.002393570961430669,0.0060126520693302155,0.01024153083562851
anger.38,0.0040449658408761024,0.006803254596889019,0.004219507798552513,0.0010137485805898905,0.06868384033441544,0.0003526458749547601,0.7748727202415466,0.14000926911830902
anger.39,0.00991818681359291,0.011520273983478546,0.0050774672999978065,0.0029032330494374037,0.018502824008464813,0.08118446916341782,0.7501552700996399,0.12073825299739838
anger.4,0.16648827493190765,0.1440507173538208,0.03375587612390518,0.05971567705273628,0.20274420082569122,0.06925564259290695,0.2654914855957031,0.05849820002913475
anger.40,0.004854042083024979,0.6809287667274475,0.0053467764519155025,0.004974066745489836,0.29108932614326477,0.001560780219733715,0.006903535686433315,0.004342617932707071
anger.41,0.00564687279984355,0.015897059813141823,0.00607494218274951,0.0027109330985695124,0.019822170957922935,0.006010434124618769,0.15836356580257416,0.7854740023612976
anger.42,0.04457486793398857,0.3156544864177704,0.06941188871860504,0.02710099145770073,0.039403028786182404,0.01755821332335472,0.055593930184841156,0.4307025671005249
anger.43,0.01982635073363781,0.9559339284896851,0.012628325261175632,0.0008954114164225757,0.0034800253342837095,0.00016964242968242615,0.004741004202514887,0.0023252698592841625
anger.44,0.017005037516355515,0.0022789158392697573,0.011064250953495502,0.00221766484901309,0.0036604716442525387,0.570537269115448,0.31513020396232605,0.07810613512992859
anger.45,0.003634124994277954,0.969370424747467,0.016629735007882118,0.0012196697061881423,0.0028387270867824554,0.0006382852443493903,0.0019526730757206678,0.0037162897642701864
anger.46,0.3470996916294098,0.1878359615802765,0.07136460393667221,0.013746202923357487,0.014352519065141678,0.1287381798028946,0.0780930295586586,0.15876981616020203
anger.47,0.006052027456462383,0.015321708284318447,0.06811388581991196,0.0035510018933564425,0.07842626422643661,0.00794152356684208,0.054093051701784134,0.7665005326271057
anger.48,0.005909235682338476,0.8271914720535278,0.0044013685546815395,0.01889951154589653,0.10724736750125885,0.008937097154557705,0.007272654213011265,0.02014128863811493
anger.49,0.06060963124036789,0.8404452204704285,0.01159797701984644,0.004217224661260843,0.013375683687627316,0.0011542760767042637,0.05342751741409302,0.015172484330832958
anger.5,0.011232906021177769,0.8946148753166199,0.0030544688925147057,0.002684333361685276,0.061727125197649,0.0005289416876621544,0.020333819091320038,0.005823521409183741
anger.50,0.08367016911506653,0.7806853652000427,0.01589435152709484,0.0093916030600667,0.06116972863674164,0.01773591712117195,0.027975719422101974,0.003477102844044566
anger.51,0.03706180676817894,0.013982808217406273,0.009475388564169407,0.008182154037058353,0.03154294565320015,0.011319717392325401,0.7627097368240356,0.12572556734085083
anger.52,0.0037708845920860767,0.9304706454277039,0.018915172666311264,0.02889515645802021,0.005575802642852068,0.0036489199846982956,0.0027178945019841194,0.0060055190697312355
anger.53,0.0049644894897937775,0.0019261150155216455,0.0022788536734879017,0.023320062085986137,0.060761958360672,0.006580920424312353,0.7933988571166992,0.10676877200603485
anger.54,0.024145161733031273,0.0029004437383264303,0.00916315894573927,0.017658105120062828,0.8506626486778259,0.05700986832380295,0.033888377249240875,0.004572305828332901
anger.55,0.002320963190868497,0.0007203852292150259,0.013686921447515488,0.0036195965949445963,0.021115096285939217,0.004681357182562351,0.3751521408557892,0.5787034630775452
anger.56,0.005198951344937086,0.001932390034198761,0.006508935242891312,0.0014570344937965274,0.03132830932736397,0.0169559046626091,0.8759950399398804,0.06062347814440727
anger.57,0.017090175300836563,0.1115235686302185,0.0031989042181521654,0.010190261527895927,0.8085486888885498,0.007396613713353872,0.016919273883104324,0.0251324325799942
anger.58,0.12564167380332947,0.01848101243376732,0.29031041264533997,0.07724767923355103,0.050088416785001755,0.002081622602418065,0.12526065111160278,0.31088849902153015
anger.59,0.008451616391539574,0.017683902755379677,0.03366570919752121,0.02895100601017475,0.02050439454615116,0.010037691332399845,0.556257426738739,0.3244483172893524
anger.6,0.001811451162211597,0.00044439893099479377,0.0030958671122789383,0.013666586019098759,0.250163197517395,0.016082996502518654,0.7007748484611511,0.013960557989776134
anger.60,0.015427058562636375,0.44294726848602295,0.0019558328203856945,0.007629720959812403,0.17335666716098785,0.005010726861655712,0.3316951394081116,0.021977588534355164
anger.61,0.005400705151259899,0.9385278820991516,0.0020416462793946266,0.0010734446113929152,0.04555011913180351,0.000464971293695271,0.0034608677960932255,0.003480317769572139
anger.62,0.017058810219168663,0.004462416283786297,0.003667849348857999,0.03905898705124855,0.9304236173629761,0.0016801944002509117,0.0018623418873175979,0.0017856942722573876
anger.63,0.27627134323120117,0.019115664064884186,0.060761842876672745,0.6049138307571411,0.011157045140862465,0.01339417602866888,0.008278479799628258,0.006107633002102375
anger.64,0.04034419730305672,0.24430149793624878,0.1881749927997589,0.027117202058434486,0.039389364421367645,0.0014065466821193695,0.21774078905582428,0.24152538180351257
anger.65,0.05824924260377884,0.31244808435440063,0.11178797483444214,0.015368076041340828,0.08012449741363525,0.015860507264733315,0.2715177536010742,0.13464385271072388
anger.66,0.0007799091399647295,0.0013023780193179846,0.0019213467603549361,0.0008229390950873494,0.07849466800689697,0.00102128554135561,0.07110974192619324,0.8445477485656738
anger.67,0.020995907485485077,0.7785786390304565,0.08072974532842636,0.028791280463337898,0.022801658138632774,0.0035669594071805477,0.009409474208950996,0.05512629449367523
anger.68,0.0022161267697811127,0.9619473218917847,0.007065493613481522,0.005838991608470678,0.013064147904515266,0.0012676838086917996,0.005651828832924366,0.002948448294773698
anger.69,0.01867557503283024,0.3234992027282715,0.006166798993945122,0.354692280292511,0.16729333996772766,0.02506028674542904,0.07230662554502487,0.03230595961213112
anger.7,0.047863155603408813,0.7830258011817932,0.012652185745537281,0.00737705547362566,0.013503883965313435,0.004244070500135422,0.1161867156624794,0.015147153288125992
anger.70,0.012576944194734097,0.7562603950500488,0.06813758611679077,0.13893483579158783,0.005487123969942331,0.0018653159495443106,0.0035860545467585325,0.01315182726830244
anger.71,0.004427383653819561,0.9498112797737122,0.008003140799701214,0.0012141106417402625,0.0026264735497534275,0.0011032259790226817,0.008178449235856533,0.024635881185531616
anger.72,0.0021533712279051542,0.003191746771335602,0.0012983629712834954,0.007085201796144247,0.4832312762737274,0.0008260637987405062,0.4391551613807678,0.06305883079767227
anger.73,0.0017796166939660907,0.9664841890335083,0.010710198432207108,0.0008986479952000082,0.0011122450232505798,0.0009972068946808577,0.008615870960056782,0.009402014315128326
anger.74,0.006648533046245575,0.01635916344821453,0.025465233251452446,0.02934259921312332,0.14234714210033417,0.126336470246315,0.25913912057876587,0.3943617343902588
anger.75,0.010342140682041645,0.006221778690814972,0.0068778106942772865,0.022913772612810135,0.09981125593185425,0.11405501514673233,0.15572413802146912,0.5840541124343872
anger.76,0.0007571742171421647,0.0016204157145693898,0.0006702768732793629,0.02340378798544407,0.9562104940414429,0.0014126955065876245,0.007559577468782663,0.008365470916032791
anger.77,0.005121072754263878,0.008139315992593765,0.0036263836082071066,0.008737563155591488,0.6442970633506775,0.03661693260073662,0.1446683406829834,0.14879335463047028
anger.78,0.009388438425958157,0.008955730125308037,0.007392276544123888,0.01567787304520607,0.07429211586713791,0.4080854058265686,0.4300185739994049,0.046189550310373306
anger.79,0.006854885257780552,0.9507885575294495,0.007878766395151615,0.020738763734698296,0.006184232886880636,0.0011109611950814724,0.002923600608482957,0.0035202635917812586
anger.8,0.015863731503486633,0.010565672069787979,0.024562930688261986,0.014722522348165512,0.11072904616594315,0.17029523849487305,0.08390606194734573,0.5693547129631042
anger.80,0.009487990289926529,0.02012581378221512,0.07102686911821365,0.010386279784142971,0.0777297243475914,0.027195611968636513,0.6623830199241638,0.12166465818881989
anger.81,0.008787532337009907,0.0272386334836483,0.02333558350801468,0.921442985534668,0.008703649044036865,0.00027045648312196136,0.0015534349950030446,0.00866764597594738
anger.82,0.0622498095035553,0.012578360736370087,0.007104724645614624,0.038089655339717865,0.07959851622581482,0.40984824299812317,0.3869493007659912,0.003581415396183729
anger.83,0.03397751599550247,0.04023440182209015,0.08308301120996475,0.0972699299454689,0.06611695885658264,0.002576602855697274,0.5763267874717712,0.10041483491659164
anger.84,0.014042265713214874,0.06695117056369781,0.027667874470353127,0.07837828993797302,0.21515926718711853,0.0007666870951652527,0.4378681182861328,0.1591663360595703
anger.85,0.0049650161527097225,0.6625826358795166,0.010547148063778877,0.01237078569829464,0.2901493012905121,0.0024912976659834385,0.011908052489161491,0.004985732492059469
anger.86,0.006472053937613964,0.9023376107215881,0.01934925653040409,0.006360163912177086,0.005968892481178045,0.0009862263686954975,0.011699749156832695,0.04682598263025284
anger.87,0.002699298318475485,0.9304656982421875,0.004331517964601517,0.004548418335616589,0.025594769045710564,0.0021029796916991472,0.014131421223282814,0.016125965863466263
anger.88,0.01724432222545147,0.3610804080963135,0.06854747980833054,0.46137693524360657,0.04670010507106781,0.0023576312232762575,0.02604757435619831,0.016645485535264015
anger.89,0.0641179233789444,0.017022470012307167,0.04791833087801933,0.05698123946785927,0.04902690276503563,0.04611210525035858,0.3697802424430847,0.34904083609580994
anger.9,0.05328979715704918,0.6898970007896423,0.023972095921635628,0.01688705012202263,0.027168115600943565,0.008610062301158905,0.15639394521713257,0.023781897500157356
anger.90,0.07352270931005478,0.5537230968475342,0.014348740689456463,0.02664652094244957,0.040526606142520905,0.012272081337869167,0.26205965876579285,0.016900653019547462
anger.91,0.0027274503372609615,0.9735455513000488,0.013002809137105942,0.001402074471116066,0.0012235125759616494,5.1832823373842984e-05,0.0023551129270344973,0.005691647529602051
anger.92,0.004616801626980305,0.0628821924328804,0.0011101452400907874,0.0014319579349830747,0.9240581393241882,0.0009255146142095327,0.0008957930840551853,0.004079533275216818
anger.93,0.00041609263280406594,0.0025179621297866106,0.003415200160816312,0.0008008682052604854,0.07744644582271576,0.0011927650775760412,0.03575421869754791,0.8784563541412354
anger.94,0.03739459812641144,0.8980388641357422,0.032694753259420395,0.004428415559232235,0.00647255452349782,0.002739643445238471,0.004074379336088896,0.014156753197312355
anger.95,0.07642337679862976,0.8157305717468262,0.018834304064512253,0.007352010812610388,0.017940424382686615,0.003037468995898962,0.012076065875589848,0.04860582947731018
anger.96,0.012596999295055866,0.5363157987594604,0.007828333415091038,0.0365586094558239,0.3568093776702881,0.009366934187710285,0.019471054896712303,0.02105279080569744
anger.97,0.08485139161348343,0.013517257757484913,0.00803714245557785,0.03258862718939781,0.07137323915958405,0.008246182464063168,0.7715774774551392,0.009808688424527645
anger.98,0.03816862031817436,0.00532370014116168,0.039432600140571594,0.010697885416448116,0.09910743683576584,0.0023817464243620634,0.1764974296092987,0.6283905506134033
anger.99,0.0136899184435606,0.6856936812400818,0.003450825111940503,0.002119542798027396,0.21271473169326782,0.0005891126347705722,0.055958669632673264,0.025783464312553406
disgust.154,0.10299894213676453,0.009763936512172222,0.013324672356247902,0.019285237416625023,0.03686252236366272,0.7119699120521545,0.05580514669418335,0.04998961091041565
disgust.1,0.31585437059402466,0.03239917382597923,0.08545894175767899,0.011137457564473152,0.007036319002509117,0.4369533658027649,0.09255997836589813,0.01860043592751026
disgust.155,0.005350510589778423,0.04802582785487175,0.009817814454436302,0.003536901669576764,0.004207589663565159,0.3641144931316376,0.15896840393543243,0.4059785306453705
disgust.10,0.0037244176492094994,0.002512990962713957,0.0023303618654608727,0.005106451455503702,0.008551985956728458,0.8012435436248779,0.15555539727210999,0.020974883809685707
disgust.156,0.00012705731205642223,0.0001870423584477976,5.5123353376984596e-05,5.866630090167746e-05,0.0038933230098336935,0.8807209134101868,0.11445699632167816,0.000500802940223366
disgust.100,0.01925043947994709,0.09144306182861328,0.08931448310613632,0.020257052034139633,0.012417454272508621,0.35384610295295715,0.40059545636177063,0.012876014225184917
disgust.157,0.04389575868844986,0.10145049542188644,0.02578580193221569,0.01208437792956829,0.013754588551819324,0.6999907493591309,0.06364747881889343,0.039390724152326584
disgust.101,0.00026234964025206864,0.0005545798921957612,0.00031927015515975654,0.00047938048373907804,0.016762906685471535,0.02669544145464897,0.9449533820152283,0.00997274648398161
disgust.159,0.26315319538116455,0.044127415865659714,0.437528133392334,0.013721594586968422,0.002987738698720932,0.16484056413173676,0.03930221498012543,0.034339193254709244
disgust.102,0.0015189453260973096,0.0009686037083156407,0.0012102039763703942,0.0011692078551277518,0.006188171450048685,0.9155809879302979,0.059197138994932175,0.01416680496186018
disgust.158,0.11335712671279907,0.004257357679307461,0.019929291680455208,0.030293215066194534,0.008160790428519249,0.4316875636577606,0.3508160412311554,0.041498567909002304
disgust.103,0.0108499052003026,0.0117284394800663,0.025649089366197586,0.040860094130039215,0.16864758729934692,0.049212612211704254,0.18139389157295227,0.5116583704948425
disgust.16,0.11979509145021439,0.015191559679806232,0.029783060774207115,0.060168761759996414,0.11594965308904648,0.61281818151474,0.038168154656887054,0.008125454187393188
disgust.104,0.05221208557486534,0.02747257985174656,0.018094277009367943,0.009580504149198532,0.004619289189577103,0.8793091177940369,0.006832129321992397,0.0018800562247633934
disgust.160,0.03773203119635582,0.011831521056592464,0.012847754172980785,0.0084211565554142,0.03268658369779587,0.37428584694862366,0.48234274983406067,0.03985236957669258
disgust.105,0.21087099611759186,0.013272578828036785,0.08864665776491165,0.03267821669578552,0.018061356619000435,0.608822226524353,0.01634647324681282,0.011301467195153236
disgust.170,0.21574784815311432,0.09308216720819473,0.14663004875183105,0.04905354231595993,0.015755467116832733,0.4368551969528198,0.013305566273629665,0.02957015298306942
disgust.106,0.3260069191455841,0.07758189737796783,0.038981132209300995,0.013782844878733158,0.006097126752138138,0.24596333503723145,0.20286494493484497,0.08872180432081223
disgust.171,0.017555540427565575,0.0059768096543848515,0.011408945545554161,0.0015095529379323125,0.007093174383044243,0.311627596616745,0.5636945366859436,0.08113379031419754
disgust.107,0.038819633424282074,0.015842854976654053,0.04249316453933716,0.025452302768826485,0.015067541971802711,0.7675031423568726,0.0234550628811121,0.07136628031730652
disgust.172,0.047702349722385406,0.1040361225605011,0.12530498206615448,0.027333715930581093,0.012529951520264149,0.16592197120189667,0.44600507616996765,0.0711657777428627
disgust.108,0.011735789477825165,0.0038413109723478556,0.0018374370411038399,0.0022802911698818207,0.01539912074804306,0.6829772591590881,0.2587650418281555,0.023163773119449615
disgust.173,0.00044303174945525825,0.00025899941101670265,0.0006935752462595701,0.0005191617528907955,0.0010831048712134361,0.9791232347488403,0.009357491508126259,0.008521486073732376
disgust.109,0.0984375923871994,0.3270980417728424,0.24067048728466034,0.01198017317801714,0.012773235328495502,0.1888922154903412,0.08669106662273407,0.0334571897983551
disgust.174,0.3585166335105896,0.020499400794506073,0.07285360991954803,0.23742175102233887,0.02482457458972931,0.2086704969406128,0.06349366158246994,0.01371982041746378
disgust.11,0.04696071147918701,0.022919707000255585,0.04045739397406578,0.052573345601558685,0.05863882973790169,0.44637560844421387,0.30897045135498047,0.023104099556803703
disgust.175,0.01638396643102169,0.007366667967289686,0.026326101273298264,0.0016231945483013988,0.003170167561620474,0.04037832096219063,0.4728660583496094,0.4318854808807373
disgust.110,0.023711275309324265,0.044435709714889526,0.046028126031160355,0.009751400910317898,0.0052638002671301365,0.7744734883308411,0.084298275411129,0.012037876062095165
disgust.176,0.03359626978635788,0.025689639151096344,0.01017215196043253,0.005801184568554163,0.04861787334084511,0.7815461754798889,0.08737364411354065,0.007203017361462116
disgust.111,0.007666755001991987,0.012518242001533508,0.01870446465909481,0.007576546166092157,0.0008484935970045626,0.9149515628814697,0.027749108150601387,0.009984787553548813
disgust.177,0.24459102749824524,0.03626849502325058,0.23171842098236084,0.026336807757616043,0.03669466823339462,0.36267441511154175,0.04737190157175064,0.014344234950840473
disgust.112,0.10888747125864029,0.04872649535536766,0.08282304555177689,0.01100972481071949,0.0006399053963832557,0.7218577861785889,0.015963397920131683,0.010092209093272686
disgust.178,0.09872765094041824,0.0055858055129647255,0.02836015447974205,0.008085956797003746,0.02064872533082962,0.6170929670333862,0.21611756086349487,0.005381204653531313
disgust.113,0.014156009070575237,0.003647607984021306,0.007231892552226782,0.005691614933311939,0.0015878762351348996,0.9593570232391357,0.005880468059331179,0.002447431208565831
disgust.179,0.00015070325753185898,5.508762478712015e-05,0.00012951316602993757,0.00014036643551662564,0.00027701977523975074,0.9961277842521667,0.0007042106590233743,0.0024153466802090406
disgust.114,0.04266846925020218,0.02143688127398491,0.03317985683679581,0.01192422118037939,0.03274856135249138,0.14500360190868378,0.49703189730644226,0.2160065621137619
disgust.18,0.03260218724608421,0.030218318104743958,0.07581685483455658,0.019208278506994247,0.09373606741428375,0.537283182144165,0.18249967694282532,0.028635377064347267
disgust.115,0.003672244492918253,0.002681770594790578,0.004624301102012396,0.0023778527975082397,0.005680276546627283,0.6500239372253418,0.3285154700279236,0.0024241795763373375
disgust.180,0.003038485301658511,0.0017062133410945535,0.009532617405056953,0.0005514522199518979,0.0015736942877992988,0.7352073192596436,0.01607433147728443,0.23231588304042816
disgust.116,0.5425325632095337,0.023322543129324913,0.15713492035865784,0.015983043238520622,0.010387929156422615,0.2218897044658661,0.013248845003545284,0.015500367619097233
disgust.181,0.04344960302114487,0.03934183344244957,0.0703732818365097,0.07079239934682846,0.07887711375951767,0.3250010013580322,0.2985151708126068,0.07364960014820099
disgust.117,0.21607589721679688,0.05258879065513611,0.08456950634717941,0.07610756903886795,0.007709742523729801,0.5027031302452087,0.047045525163412094,0.013199875131249428
disgust.182,0.01563207246363163,0.0016425446374341846,0.009702476672828197,0.006234312895685434,0.004698012489825487,0.7638000249862671,0.10009545087814331,0.09819500893354416
disgust.118,0.20130205154418945,0.022226963192224503,0.08694878965616226,0.1802651733160019,0.2028377503156662,0.12028449028730392,0.12786473333835602,0.05826999619603157
disgust.183,0.014928252436220646,0.0014396571787074208,0.015401427634060383,0.007148537784814835,0.004517900757491589,0.949738085269928,0.004396503325551748,0.0024296243209391832
disgust.119,0.1505306214094162,0.044364817440509796,0.07063980400562286,0.02253648452460766,0.017207365483045578,0.5149593949317932,0.15797892212867737,0.02178260311484337
disgust.184,0.43702930212020874,0.017060069367289543,0.11492700129747391,0.004146265797317028,0.009097861126065254,0.26890572905540466,0.142541766166687,0.006291997153311968
disgust.12,0.008981429971754551,0.021517768502235413,0.036532800644636154,0.014287160709500313,0.012090708129107952,0.6028435826301575,0.2946763038635254,0.009070239029824734
disgust.185,0.28127163648605347,0.020196570083498955,0.2710757553577423,0.014697911217808723,0.023573415353894234,0.3433074653148651,0.01811392232775688,0.02776331454515457
disgust.120,0.019149068742990494,0.008759048767387867,0.00991122331470251,0.012914474122226238,0.017659081146121025,0.6836439371109009,0.24104656279087067,0.006916628684848547
disgust.186,0.00039392957114614546,0.0104793356731534,0.0035008632112294436,0.005056219641119242,0.002193631837144494,0.5624401569366455,0.021764684468507767,0.39417117834091187
disgust.121,0.07249390333890915,0.1453789472579956,0.07866879552602768,0.08715608716011047,0.14719820022583008,0.13907474279403687,0.21817299723625183,0.11185627430677414
disgust.187,0.09530387818813324,0.003409311408177018,0.048896245658397675,0.005096288863569498,0.005235128570348024,0.7690721154212952,0.04420655965805054,0.028780430555343628
disgust.122,0.012587277218699455,0.05364469811320305,0.03715783357620239,0.01750127226114273,0.2321252077817917,0.10793200135231018,0.5004326701164246,0.038619015365839005
disgust.188,0.025691762566566467,0.006103788036853075,0.003996406681835651,0.028638381510972977,0.06434828788042068,0.0072805555537343025,0.8590741157531738,0.004866649396717548
disgust.123,0.03694434463977814,0.08232369273900986,0.058223385363817215,0.009164498187601566,0.027584681287407875,0.1952325403690338,0.5587483644485474,0.0317784920334816
disgust.189,0.0448613315820694,0.012051408179104328,0.07594600319862366,0.013511283323168755,0.021212613210082054,0.7437066435813904,0.06514617800712585,0.023564517498016357
disgust.124,0.007475932594388723,0.001478236517868936,0.003103098599240184,0.00017349256086163223,0.000968850392382592,0.9548787474632263,0.027168745175004005,0.004752821289002895
disgust.19,0.017529822885990143,0.1536339521408081,0.058596789836883545,0.03575243055820465,0.18496397137641907,0.2862919270992279,0.20960459113121033,0.05362651124596596
disgust.125,0.19951768219470978,0.016603872179985046,0.15094813704490662,0.0209182221442461,0.01977955363690853,0.537581741809845,0.023257751017808914,0.03139311447739601
disgust.190,0.007483562454581261,0.008744999766349792,0.005327445920556784,0.0014813413145020604,0.007291330024600029,0.8223939538002014,0.14063461124897003,0.006642777938395739
disgust.126,0.000745881290640682,0.0008278966997750103,0.0014434829354286194,0.00042954605305567384,0.0009757895604707301,0.9646191596984863,0.027955416589975357,0.003002774203196168
disgust.191,0.007836900651454926,0.0016715548699721694,0.011740859597921371,0.0020684427581727505,0.0045071011409163475,0.8304585814476013,0.1392005980014801,0.0025160007644444704
disgust.127,0.03421450033783913,0.018630214035511017,0.01579449512064457,0.0046438477002084255,0.0032648039050400257,0.8829602599143982,0.034802112728357315,0.0056897555477917194
disgust.192,0.020691614598035812,0.016746612265706062,0.05386942997574806,0.019912509247660637,0.017663294449448586,0.8187962770462036,0.034419696778059006,0.01790059544146061
disgust.128,0.04357808828353882,0.22955189645290375,0.5279536247253418,0.014798206277191639,0.018668070435523987,0.07246186584234238,0.0699913278222084,0.022996827960014343
disgust.193,0.09394396096467972,0.010117425583302975,0.13246965408325195,0.010167717933654785,0.019442664459347725,0.674655556678772,0.03562453016638756,0.02357843704521656
disgust.129,0.0035608394537121058,0.01056064572185278,0.009931284002959728,0.006191766355186701,0.13039354979991913,0.39266422390937805,0.41328370571136475,0.03341394290328026
disgust.194,0.0558362677693367,0.06551595777273178,0.034502021968364716,0.08683481812477112,0.016399089246988297,0.14189903438091278,0.13109570741653442,0.4679170250892639
disgust.13,0.0039138407446444035,0.0016546392580494285,0.003369356505572796,0.0027736949268728495,0.003317100228741765,0.5581187009811401,0.42391884326934814,0.0029338819440454245
disgust.195,0.002517788903787732,0.007987754419445992,0.0033189852256327868,0.0033140324521809816,0.016860680654644966,0.5429707765579224,0.40956172347068787,0.013468222692608833
disgust.130,0.007679175119847059,0.0045420825481414795,0.004920803476125002,0.009224469773471355,0.16864177584648132,0.6918330192565918,0.10556893050670624,0.0075897169299423695
disgust.196,0.02788792923092842,0.007583902683109045,0.03720104694366455,0.03394123911857605,0.05512728542089462,0.21220675110816956,0.487271785736084,0.13878004252910614
disgust.131,0.06116672232747078,0.18469642102718353,0.1802828460931778,0.007277543656527996,0.034127332270145416,0.2925797700881958,0.15958571434020996,0.08028361201286316
disgust.197,0.10327267646789551,0.10427824407815933,0.0369906947016716,0.0029424913227558136,0.01644425094127655,0.0574674978852272,0.22177204489707947,0.45683205127716064
disgust.132,0.015446944162249565,0.0037035143468528986,0.012081447057425976,0.037878409028053284,0.0808618813753128,0.680244505405426,0.09659064561128616,0.07319264113903046
disgust.198,0.0065319836139678955,0.001921294373460114,0.010345714166760445,0.0033590965904295444,0.004774930886924267,0.667401909828186,0.15849275887012482,0.14717231690883636
disgust.133,0.503603458404541,0.006024378817528486,0.03272271901369095,0.019228747114539146,0.04314819723367691,0.20619913935661316,0.07445172965526581,0.11462170630693436
disgust.199,0.005228225141763687,0.002102237893268466,0.0014693625271320343,0.0013462401693686843,0.000626845401711762,0.956448495388031,0.031700413674116135,0.0010781297460198402
disgust.134,0.019062064588069916,0.02580166794359684,0.007468446623533964,0.01789739914238453,0.033817972987890244,0.5072212815284729,0.33463501930236816,0.05409612879157066
disgust.2,0.0038839804474264383,0.00025449387612752616,0.0006000021821819246,0.0039823041297495365,0.10537024587392807,0.19103874266147614,0.6907587051391602,0.004111608490347862
disgust.135,0.002427066443488002,0.0024858135730028152,0.0014711470576003194,0.0010613902704790235,0.007498611230403185,0.914002001285553,0.03440341353416443,0.03665057197213173
disgust.20,0.009591263718903065,0.0011404406977817416,0.003632179694250226,0.0032057100906968117,0.0016864872304722667,0.9659030437469482,0.008718117140233517,0.006122836377471685
disgust.136,0.002577961189672351,0.0010730038629844785,0.00044650142081081867,0.003757402766495943,0.021128032356500626,0.004058395512402058,0.965095043182373,0.001863635960035026
disgust.200,0.00926905870437622,0.0019829028751701117,0.004704032558947802,0.0062272557988762856,0.003697953186929226,0.950874388217926,0.009555291384458542,0.013689123094081879
disgust.137,0.006006684619933367,0.0011176373809576035,0.007334673311561346,0.001524135353974998,0.0006151580600999296,0.9626027941703796,0.017204878851771355,0.00359403807669878
disgust.201,0.00046278044464997947,0.0013927917461842299,0.001112087513320148,0.0004194043285679072,0.003961973823606968,0.12302149087190628,0.49519696831703186,0.3744324743747711
disgust.138,0.3084888458251953,0.047069251537323,0.11786845326423645,0.0103493332862854,0.007196459453552961,0.3372595012187958,0.08605269342660904,0.08571545034646988
disgust.202,0.010886252857744694,0.00220210338011384,0.09090541303157806,0.001256985473446548,0.0038882228545844555,0.5438021421432495,0.027242029085755348,0.31981682777404785
disgust.139,0.0008767147082835436,0.005791109520941973,0.003405066905543208,0.001226175925694406,0.001671025063842535,0.9067328572273254,0.045699551701545715,0.03459756076335907
disgust.203,0.051878586411476135,0.08998299390077591,0.08666468411684036,0.006115882191807032,0.03410101681947708,0.3684450387954712,0.31412366032600403,0.04868808761239052
disgust.14,0.01766304299235344,0.0022932852152734995,0.011491615325212479,0.0019749642815440893,0.0018956048879772425,0.06452596932649612,0.7353091239929199,0.16484634578227997
disgust.204,0.1986124962568283,0.05807090923190117,0.10196255892515182,0.03434807062149048,0.05343260243535042,0.41364410519599915,0.051161568611860275,0.08876770734786987
disgust.140,0.00013056688476353884,4.790551247424446e-05,7.972226740093902e-05,0.00016381706518586725,0.0009035142138600349,0.9955377578735352,0.001887143007479608,0.0012494541006162763
disgust.205,0.032300010323524475,0.03115765191614628,0.02715475670993328,0.022709738463163376,0.1158868744969368,0.6182481050491333,0.08453845232725143,0.06800433993339539
disgust.141,0.005074461922049522,0.0009165024966932833,0.005924298893660307,0.0023097675293684006,0.0053252605721354485,0.95719313621521,0.010528180748224258,0.012728381901979446
disgust.206,0.04578745737671852,0.08903326839208603,0.2767964005470276,0.0444662906229496,0.24804994463920593,0.1533655971288681,0.1113218292593956,0.031179221346974373
disgust.142,0.0037581364158540964,0.07726176083087921,0.00629368657246232,0.004203217104077339,0.005966363474726677,0.33971983194351196,0.2667027711868286,0.29609423875808716
disgust.207,0.0015108564402908087,0.0018456920515745878,0.005259316880255938,0.0014457618817687035,0.010062899440526962,0.5892223119735718,0.2976216971874237,0.09303144365549088
disgust.143,0.0828050747513771,0.05269856005907059,0.17603376507759094,0.0035246708430349827,0.006022127810865641,0.18210706114768982,0.43955084681510925,0.05725792795419693
disgust.208,0.051210515201091766,0.026611635461449623,0.031765080988407135,0.03417786955833435,0.015115669928491116,0.47230154275894165,0.1056605726480484,0.26315706968307495
disgust.144,0.004134915769100189,0.004908176138997078,0.007054557558149099,0.0010417328448966146,0.0024181928019970655,0.9059903621673584,0.07289224117994308,0.0015598195604979992
disgust.209,0.011347067542374134,0.015836726874113083,0.015784725546836853,0.017885183915495872,0.011433298699557781,0.1278650164604187,0.2728932201862335,0.526954710483551
disgust.145,0.03313800320029259,0.006121620535850525,0.02420780248939991,0.010335452854633331,0.0051139225251972675,0.832066535949707,0.05418428033590317,0.034832295030355453
disgust.21,0.3895080089569092,0.019859949126839638,0.11316810548305511,0.02352079004049301,0.04363922029733658,0.2668364644050598,0.13141152262687683,0.012055915780365467
disgust.146,0.06447651982307434,0.009774514473974705,0.15098769962787628,0.02422589808702469,0.20243117213249207,0.17714659869670868,0.3179965615272522,0.05296112224459648
disgust.210,0.05184883251786232,0.03382853791117668,0.08456623554229736,0.03512129932641983,0.05151507258415222,0.4498259127140045,0.2605740427970886,0.03272009268403053
disgust.147,0.013044880703091621,0.002174793742597103,0.01269062701612711,0.0017777440370991826,0.004019915126264095,0.7545608878135681,0.07811067998409271,0.13362042605876923
disgust.211,0.18407900631427765,0.0049978927709162235,0.01622486300766468,0.01298556663095951,0.009800058789551258,0.2543066740036011,0.5069641470909119,0.010641783475875854
disgust.148,0.006697061471641064,0.018824681639671326,0.02142239175736904,0.012051762081682682,0.007459820248186588,0.47121018171310425,0.45782533288002014,0.0045087323524057865
disgust.212,0.004380474332720041,0.0010119627695530653,0.004913462325930595,0.004446809645742178,0.002331148600205779,0.3731172978878021,0.43268299102783203,0.17711584270000458
disgust.149,0.3044436275959015,0.022128203883767128,0.10442300140857697,0.013474777340888977,0.008333145640790462,0.37581416964530945,0.11025027930736542,0.06113285571336746
disgust.213,0.10291776806116104,0.007646129000931978,0.028135761618614197,0.007365233264863491,0.008242292329668999,0.7833269834518433,0.05894676223397255,0.0034191496670246124
disgust.15,0.14364778995513916,0.43489113450050354,0.03503510355949402,0.004646659828722477,0.03837043419480324,0.04926081374287605,0.07678552716970444,0.21736247837543488
disgust.214,0.0005295297596603632,0.00035646650940179825,0.0008936143130995333,0.00045380982919596136,0.0009985206415876746,0.8739154934883118,0.10218970477581024,0.02066287025809288
disgust.150,0.0010844194330275059,0.00023166745086200535,0.0012156427837908268,0.0005263113416731358,0.0006005432805977762,0.9788410663604736,0.006172401364892721,0.011328034102916718
disgust.215,0.002705893712118268,0.0031194749753922224,0.007650561165064573,0.0012068733340129256,0.0014343680813908577,0.496983140707016,0.17861664295196533,0.30828309059143066
disgust.151,0.28662827610969543,0.05452913045883179,0.053838107734918594,0.026192333549261093,0.009929350577294827,0.52662193775177,0.030246514827013016,0.012014457955956459
disgust.216,0.5097213983535767,0.004080939572304487,0.13838782906532288,0.004651461262255907,0.0018987281946465373,0.33414894342422485,0.004075201228260994,0.0030355597846210003
disgust.152,0.008969418704509735,0.8978559374809265,0.017825454473495483,0.03106602281332016,0.02488824538886547,0.014960219152271748,0.002818495500832796,0.001616253866814077
disgust.217,0.015832779929041862,0.02699148654937744,0.01337781734764576,0.00818962138146162,0.009662333875894547,0.6762256026268005,0.2187437266111374,0.03097657859325409
disgust.153,0.29673895239830017,0.023949330672621727,0.0794181078672409,0.044330745935440063,0.042312782257795334,0.17179101705551147,0.10564180463552475,0.2358172982931137
disgust.161,0.018377047032117844,0.04225991293787956,0.021733850240707397,0.006079921033233404,0.038934122771024704,0.766533613204956,0.05344285070896149,0.052638713270425797
disgust.218,0.00519090611487627,0.0011785795213654637,0.005363060627132654,0.0006558972527272999,0.004697083029896021,0.24014441668987274,0.6280080676078796,0.11476189643144608
disgust.162,0.5201581120491028,0.003908128477632999,0.03916659206151962,0.016397200524806976,0.023518536239862442,0.3277749717235565,0.06424641609191895,0.004830020479857922
disgust.219,0.17499473690986633,0.018462898209691048,0.6092722415924072,0.029561812058091164,0.010788598097860813,0.12470453232526779,0.01275475975126028,0.019460346549749374
disgust.163,0.2929704487323761,0.11668949574232101,0.14235390722751617,0.08192741125822067,0.030025100335478783,0.22772595286369324,0.02285638265311718,0.08545120805501938
disgust.22,0.8006821274757385,0.004325730726122856,0.09217218309640884,0.006740243174135685,0.003735266625881195,0.06909234821796417,0.018149711191654205,0.005102386698126793
disgust.164,0.0028346700128167868,0.0034279676619917154,0.006352491211146116,0.004954111762344837,0.05092281475663185,0.36726367473602295,0.5620161890983582,0.002228054916486144
disgust.220,0.19497978687286377,0.06993220746517181,0.29066357016563416,0.03367016464471817,0.03776964917778969,0.19877652823925018,0.11736097186803818,0.05684713274240494
disgust.165,0.05631229281425476,0.06603525578975677,0.05702701583504677,0.03454354777932167,0.33648964762687683,0.2593975067138672,0.06010637804865837,0.13008840382099152
disgust.221,0.001513138646259904,0.0007756184786558151,0.001965080853551626,0.0009170130942948163,0.004487557336688042,0.5897675156593323,0.3566686809062958,0.043905388563871384
disgust.166,0.42473894357681274,0.010343343950808048,0.017917614430189133,0.020666709169745445,0.00358891231007874,0.4873478412628174,0.025397900491952896,0.009998774155974388
disgust.222,0.12075459212064743,0.006306098774075508,0.017823023721575737,0.011709454469382763,0.009859907440841198,0.4189625382423401,0.12123361974954605,0.2933506965637207
disgust.167,0.07736223936080933,0.002986832754686475,0.5528783202171326,0.006013955920934677,0.021092306822538376,0.08192537724971771,0.09694012254476547,0.16080087423324585
disgust.223,0.007176701910793781,0.0020244834013283253,0.005020483862608671,0.002479162532836199,0.0018036799738183618,0.9450972676277161,0.021148070693016052,0.015250208787620068
disgust.168,0.08893610537052155,0.06869079172611237,0.08301342278718948,0.05429219827055931,0.021327458322048187,0.2833217978477478,0.1359441727399826,0.2644740343093872
disgust.224,0.01266853790730238,0.01606094092130661,0.02541680634021759,0.015758391469717026,0.18690554797649384,0.17751769721508026,0.30252930521965027,0.26314273476600647
disgust.169,0.032560862600803375,0.01504446379840374,0.017698880285024643,0.0037229848094284534,0.04025249555706978,0.18490996956825256,0.481929749250412,0.22388063371181488
disgust.225,0.04853570833802223,0.03757469728589058,0.08713571727275848,0.04915327951312065,0.07752888649702072,0.4975508749485016,0.04606175795197487,0.15645909309387207
disgust.17,0.03498092293739319,0.006000173278152943,0.03807983547449112,0.015794849023222923,0.011702537536621094,0.826055645942688,0.0380663201212883,0.02931974269449711
disgust.226,0.10970611870288849,0.008989330381155014,0.0063368589617311954,0.007691820152103901,0.03897637128829956,0.6890038847923279,0.13051584362983704,0.008779773488640785
disgust.227,0.029226891696453094,0.0017133811488747597,0.012254603207111359,0.006778567098081112,0.0018061427399516106,0.9058117866516113,0.03620962053537369,0.006198990158736706
disgust.228,0.20076465606689453,0.053349245339632034,0.06840121001005173,0.06661120802164078,0.07612619549036026,0.41192033886909485,0.10048256069421768,0.02234450727701187
disgust.229,0.00044400233309715986,0.0003841966390609741,0.0011751551646739244,0.0002197702560806647,0.0007444381481036544,0.8551528453826904,0.030535150319337845,0.11134444177150726
disgust.23,0.02335854433476925,0.004071124829351902,0.0027500491123646498,0.004495908506214619,0.004337947349995375,0.7826141715049744,0.1680346131324768,0.010337701067328453
disgust.230,0.0020551239140331745,0.0018431623466312885,0.0031890436075627804,0.002593083307147026,0.003746717469766736,0.14816690981388092,0.7958093285560608,0.04259660094976425
disgust.231,0.0170320812612772,0.009236044250428677,0.01337671559303999,0.018459009006619453,0.022274484857916832,0.8358510732650757,0.05832753702998161,0.025443077087402344
disgust.232,0.0023814113810658455,0.0040797097608447075,0.009085366502404213,0.0011302958009764552,0.002494822023436427,0.9183826446533203,0.05187903344631195,0.010566618293523788
disgust.233,0.07700766623020172,0.022955965250730515,0.0427747443318367,0.016942251473665237,0.004747884813696146,0.8167092800140381,0.013833343051373959,0.0050288173370063305
disgust.234,0.017047984525561333,0.08238271623849869,0.06329216808080673,0.008746257983148098,0.00479907589033246,0.4700247645378113,0.308584064245224,0.045122966170310974
disgust.235,0.027296816930174828,0.004372700117528439,0.0031253171619027853,0.006172888912260532,0.004335668869316578,0.9210783839225769,0.02738376148045063,0.006234431639313698
disgust.236,0.06625679135322571,0.013482283800840378,0.022525517269968987,0.08804616332054138,0.2868340015411377,0.010308117605745792,0.37940430641174316,0.13314276933670044
disgust.237,0.0257567148655653,0.012766041792929173,0.05808449164032936,0.023729097098112106,0.05950336530804634,0.18785397708415985,0.4568063020706177,0.1755000203847885
disgust.238,0.0052324202843010426,0.004004250280559063,0.0027428381145000458,0.002999113406985998,0.0047308881767094135,0.7084418535232544,0.26537153124809265,0.006477130576968193
disgust.239,0.20829638838768005,0.012522087432444096,0.03444531559944153,0.062207240611314774,0.002298050094395876,0.626283586025238,0.05126604437828064,0.0026812893338501453
disgust.24,0.015008924528956413,0.0036939524579793215,0.011317058466374874,0.0029981371480971575,0.004377149511128664,0.7876322269439697,0.11389674991369247,0.061075687408447266
disgust.240,0.02388186566531658,0.0133902532979846,0.011354056186974049,0.011720014736056328,0.029908526688814163,0.717982828617096,0.09191685169935226,0.0998455211520195
disgust.241,0.04072221368551254,0.0011631542583927512,0.011848150752484798,0.0016351897502318025,0.002264329930767417,0.9187905192375183,0.0195394866168499,0.004036951344460249
disgust.242,0.06655102223157883,0.026924069970846176,0.021296678110957146,0.02787911146879196,0.037413280457258224,0.14637501537799835,0.6607666611671448,0.01279419008642435
disgust.243,0.07774198800325394,0.034395329654216766,0.006312815938144922,0.6021072268486023,0.22792035341262817,0.0026599348057061434,0.009315778501331806,0.03954656794667244
disgust.244,0.014529344625771046,0.08663398027420044,0.02066422626376152,0.004666347987949848,0.0038054650649428368,0.8321759104728699,0.006521226372569799,0.031003538519144058
disgust.245,0.05779553949832916,0.02536053955554962,0.057177599519491196,0.04390143230557442,0.04846692830324173,0.7158580422401428,0.027950072661042213,0.02348986640572548
disgust.246,0.09599611908197403,0.1949840784072876,0.19542402029037476,0.025501204654574394,0.022287406027317047,0.16123150289058685,0.20992223918437958,0.0946534052491188
disgust.247,0.5577430129051208,0.018206890672445297,0.17750400304794312,0.006575306877493858,0.005016100127249956,0.17083770036697388,0.03655708581209183,0.02755984291434288
disgust.248,0.7766581773757935,0.002018161118030548,0.04159816354513168,0.01871909573674202,0.005044681020081043,0.015402158722281456,0.1375708281993866,0.002988734981045127
disgust.249,0.03548701852560043,0.0017775434534996748,0.0019188957521691918,0.009462821297347546,0.003112250939011574,0.9139697551727295,0.032863739877939224,0.001407899777404964
disgust.25,0.0029391555581241846,0.0004941310617141426,0.003241600003093481,0.001264986232854426,0.01023977529257536,0.8825013041496277,0.09584982693195343,0.00346917612478137
disgust.250,0.042830612510442734,0.32361507415771484,0.12444167584180832,0.011030695401132107,0.03274424746632576,0.3040188252925873,0.12093706429004669,0.04038183018565178
disgust.251,0.8249748349189758,0.020649250596761703,0.0062181297689676285,0.012738457880914211,0.0008912140619941056,0.08641836792230606,0.03396289795637131,0.014146871864795685
disgust.252,0.22139906883239746,0.06833510100841522,0.24081462621688843,0.031161537393927574,0.06230852007865906,0.24466070532798767,0.08881077915430069,0.042509716004133224
disgust.253,0.22867774963378906,0.018237926065921783,0.07109703123569489,0.17229361832141876,0.18983523547649384,0.1542450189590454,0.1323392391204834,0.03327415511012077
disgust.254,0.00033500519930385053,0.00019913498545065522,0.00029130259645171463,0.0003176207246724516,0.00045169625082053244,0.8403953909873962,0.010718126781284809,0.14729170501232147
disgust.255,0.02013501152396202,0.008672676049172878,0.051211848855018616,0.002148972824215889,0.007439241744577885,0.796197235584259,0.08739880472421646,0.02679622732102871
disgust.256,0.00031378198764286935,0.00017058207595255226,0.0006688310531899333,0.00011271669791312888,0.00026494223857298493,0.9898583292961121,0.001938258996233344,0.006672545801848173
disgust.257,0.010128584690392017,0.012689929455518723,0.0066058882512152195,0.001532524242065847,0.019602807238698006,0.796838641166687,0.130256786942482,0.022344833239912987
disgust.258,0.030568869784474373,0.06930987536907196,0.06314416974782944,0.06837664544582367,0.02949330024421215,0.49165254831314087,0.21752654016017914,0.02992812730371952
disgust.259,0.0007311379886232316,0.0006269373116083443,0.00048486405285075307,0.001492894720286131,0.04279392957687378,0.00025279007968492806,0.9153531193733215,0.03826439380645752
disgust.26,0.03189847245812416,0.002889317460358143,0.01478212047368288,0.007199996151030064,0.06903451681137085,0.6107749342918396,0.22317160665988922,0.04024909809231758
disgust.260,0.01405846793204546,0.004502452444285154,0.020412113517522812,0.017559444531798363,0.009011717513203621,0.3654083013534546,0.17387737333774567,0.3951701521873474
disgust.261,0.04013894125819206,0.015716494992375374,0.039550282061100006,0.004223776049911976,0.011216473765671253,0.5242416858673096,0.28276780247688293,0.08214458078145981
disgust.262,0.18366216123104095,0.022127436473965645,0.2900274097919464,0.023091645911335945,0.011485536582767963,0.37544727325439453,0.07919615507125854,0.014962330460548401
disgust.263,0.03035149723291397,0.035746507346630096,0.009237604215741158,0.021109571680426598,0.060356296598911285,0.6743272542953491,0.1533043533563614,0.015566951595246792
disgust.264,0.11741691082715988,0.031034108251333237,0.054512009024620056,0.03529811277985573,0.01833728700876236,0.5339303612709045,0.13472367823123932,0.07474751025438309
disgust.265,0.16018936038017273,0.02096080221235752,0.32616695761680603,0.007728566415607929,0.004380070138722658,0.44783124327659607,0.007799243088811636,0.024943754076957703
disgust.266,0.009111647494137287,0.0034209792502224445,0.003837226191535592,0.006591746583580971,0.005595929455012083,0.44990524649620056,0.5203224420547485,0.0012147043598815799
disgust.267,0.3602527678012848,0.021221715956926346,0.14050011336803436,0.058039162307977676,0.07658883184194565,0.20748522877693176,0.0801168829202652,0.05579539015889168
disgust.268,0.624417781829834,0.02113575115799904,0.02793959528207779,0.0026041881646960974,0.0011574947275221348,0.30121752619743347,0.0052347308956086636,0.016293054446578026
disgust.269,0.040196556597948074,0.031622808426618576,0.016788480803370476,0.009241331368684769,0.178041473031044,0.020103277638554573,0.5229243636131287,0.18108171224594116
disgust.27,0.010464681312441826,0.0010307119227945805,0.0024858107790350914,0.007755775470286608,0.06259358674287796,0.6169318556785583,0.29259300231933594,0.006144522223621607
disgust.270,0.31586626172065735,0.20182153582572937,0.17101968824863434,0.03617485985159874,0.03628506138920784,0.13828912377357483,0.06616432219743729,0.03437919169664383
disgust.271,0.08679896593093872,0.3893536627292633,0.09023495763540268,0.003134988248348236,0.026457879692316055,0.036310214549303055,0.3410549759864807,0.02665441296994686
disgust.272,0.0017228018259629607,0.002923728432506323,0.01221614982932806,0.0008807257399894297,0.0006126845837570727,0.9664485454559326,0.005805967375636101,0.009389422833919525
disgust.273,0.05214396119117737,0.01944933831691742,0.030036211013793945,0.016285322606563568,0.01297683920711279,0.8098050951957703,0.03792388364672661,0.021379394456744194
disgust.274,0.00010330250370316207,0.00019334304670337588,0.00045994462561793625,4.8852340114535764e-05,0.0009277474600821733,0.9795916676521301,0.0018265957478433847,0.016848409548401833
disgust.275,0.026228632777929306,0.038833022117614746,0.053208231925964355,0.03929523378610611,0.24873274564743042,0.25691771507263184,0.29683926701545715,0.0399450846016407
disgust.276,0.21153557300567627,0.05418932065367699,0.18510495126247406,0.02111203595995903,0.012515051290392876,0.4360075891017914,0.057246167212724686,0.022289272397756577
disgust.277,0.0190495066344738,0.006718132179230452,0.00851406529545784,0.004337767139077187,0.00586076220497489,0.04848238453269005,0.5900246500968933,0.3170127272605896
disgust.278,0.001797294244170189,0.00014005921548232436,0.0005274650757201016,0.00016738148406147957,0.00023648442584089935,0.9921084046363831,0.0007119383080862463,0.00431102467700839
disgust.279,0.007903936319053173,0.03927404060959816,0.0071885595098137856,0.0019056018209084868,0.0020442651584744453,0.7657077312469482,0.1703152358531952,0.005660633556544781
disgust.28,0.005071975756436586,0.0025653443299233913,0.010315214283764362,0.0026796511374413967,0.0037752629723399878,0.934085488319397,0.03512643650174141,0.006380719132721424
disgust.280,0.003984283655881882,0.001113204751163721,0.0010163813130930066,0.0007716398686170578,0.002920660423114896,0.7316969633102417,0.24585680663585663,0.012640075758099556
disgust.281,0.005901908036321402,0.003869661595672369,0.011915918439626694,0.006065214052796364,0.004674523137509823,0.9132480621337891,0.013990027830004692,0.04033456742763519
disgust.282,0.060645539313554764,0.003389716148376465,0.03319360315799713,0.009108500555157661,0.008500531315803528,0.8506342768669128,0.026460953056812286,0.008066887967288494
disgust.283,0.012041126377880573,0.0011387253180146217,0.004030626732856035,0.00709429569542408,0.12222109735012054,0.07875333726406097,0.7675296068191528,0.007191206328570843
disgust.284,0.0038061821833252907,0.0029725893400609493,0.0044190422631800175,0.0013277421239763498,0.009937327355146408,0.24585120379924774,0.17723482847213745,0.554451048374176
disgust.285,0.06964924931526184,0.08266767114400864,0.04287257790565491,0.0027218020986765623,0.0016864471836015582,0.5158693194389343,0.2750113904476166,0.00952159147709608
disgust.286,0.023533737286925316,0.007385775912553072,0.008033841848373413,0.013753632083535194,0.007621345110237598,0.9109150767326355,0.014535967260599136,0.014220592565834522
disgust.287,0.02937409281730652,0.008766467683017254,0.010852462612092495,0.1200336441397667,0.05792216584086418,0.021221496164798737,0.7414823770523071,0.010347368195652962
disgust.288,0.004095830488950014,0.0009167132084257901,0.0013134272303432226,0.0025486364029347897,0.03720429912209511,0.005719451233744621,0.9398107528686523,0.008390912786126137
disgust.289,0.058443792164325714,0.13244302570819855,0.08614613860845566,0.009524797089397907,0.023095551878213882,0.3339393138885498,0.30059999227523804,0.055807385593652725
disgust.29,0.0007998006767593324,0.00042579989531077445,0.0025487737730145454,0.00045353834866546094,0.0007656004163436592,0.46427714824676514,0.4358236789703369,0.09490565955638885
disgust.290,0.0807148739695549,0.03280118107795715,0.24893911182880402,0.013934402726590633,0.018946684896945953,0.2858482003211975,0.27986615896224976,0.038949303328990936
disgust.291,0.0728597640991211,0.025354741141200066,0.09838677197694778,0.09136629104614258,0.21786129474639893,0.22559034824371338,0.18648579716682434,0.08209490031003952
disgust.292,0.017109647393226624,0.0025273519568145275,0.018363766372203827,0.006151166278868914,0.004430544096976519,0.8162096738815308,0.10996653884649277,0.025241388007998466
disgust.293,0.012411637231707573,0.004967072047293186,0.014362670481204987,0.016564441844820976,0.003328397637233138,0.907213032245636,0.03628295660018921,0.004869827535003424
disgust.294,0.024458467960357666,0.05282025411725044,0.08564919978380203,0.004552523139864206,0.014038176275789738,0.5460038185119629,0.22376003861427307,0.04871751368045807
disgust.295,0.04711573198437691,0.3550882339477539,0.08573978394269943,0.015565137378871441,0.008303062990307808,0.19876858592033386,0.2768646478652954,0.012554872781038284
disgust.296,0.032659951597452164,0.03246290609240532,0.003733269637450576,0.008259886875748634,0.024816909804940224,0.7694173455238342,0.12135385721921921,0.007295890245586634
disgust.297,0.017883529886603355,0.7593939900398254,0.01816674880683422,0.009837067686021328,0.006994807627052069,0.035752907395362854,0.07405082136392593,0.0779201090335846
disgust.298,0.05482691153883934,0.025917548686265945,0.053471412509679794,0.001479765516705811,0.002740944270044565,0.7821967601776123,0.07003068923950195,0.009335947223007679
disgust.299,0.0028761292342096567,0.008079638704657555,0.002735850401222706,0.002168946899473667,0.019517507404088974,0.03322828933596611,0.6618041396141052,0.2695893943309784
disgust.3,3.470526644377969e-05,1.144033649325138e-05,5.137274001754122e-06,6.048770228517242e-05,0.0037050049286335707,0.0038502556271851063,0.9922817349433899,5.131297803018242e-05
disgust.30,0.026975980028510094,0.014357991516590118,0.03752301260828972,0.030467182397842407,0.054750245064496994,0.7451924085617065,0.05511989817023277,0.03561330586671829
disgust.300,0.1833648830652237,0.03232075273990631,0.08546961843967438,0.25906381011009216,0.05481741204857826,0.2397409826517105,0.02419320121407509,0.12102938443422318
disgust.301,0.005519314669072628,0.7416747808456421,0.014615150168538094,0.003389619756489992,0.03585973009467125,0.013390003703534603,0.06597021222114563,0.11958121508359909
disgust.302,0.21379786729812622,0.1656598150730133,0.22300320863723755,0.014958061277866364,0.03106703981757164,0.14501497149467468,0.18765437602996826,0.01884472742676735
disgust.303,0.03473323956131935,0.06983201205730438,0.27585580945014954,0.026330623775720596,0.12847808003425598,0.24825423955917358,0.07597769796848297,0.1405383050441742
disgust.304,0.08417046815156937,0.015544571913778782,0.7420675754547119,0.039499565958976746,0.01473972573876381,0.06823769956827164,0.00908169336616993,0.026658661663532257
disgust.305,0.0022490096744149923,0.002746750833466649,0.006825962103903294,0.0017292567063122988,0.008751378394663334,0.20005734264850616,0.12721143662929535,0.650428831577301
disgust.306,0.12546378374099731,0.03874066472053528,0.029545443132519722,0.027289461344480515,0.005290287081152201,0.6517542600631714,0.04903453215956688,0.07288156449794769
disgust.307,0.003055302193388343,0.012216005474328995,0.005039510782808065,0.001970891375094652,0.010687786154448986,0.014258740469813347,0.6431817412376404,0.30959007143974304
disgust.308,0.05869245156645775,0.06348655372858047,0.043513569980859756,0.021781567484140396,0.016060996800661087,0.4232408404350281,0.35463929176330566,0.018584774807095528
disgust.309,0.08339009433984756,0.023218052461743355,0.05037295073270798,0.0052762748673558235,0.06822803616523743,0.36109066009521484,0.07151416689157486,0.33690977096557617
disgust.31,0.009276625700294971,0.004882751498371363,0.010328286327421665,0.0026968331076204777,0.09601642191410065,0.011639246717095375,0.7923523783683777,0.07280740886926651
disgust.310,0.03119060769677162,0.5075228214263916,0.045791782438755035,0.004148178268224001,0.00504376832395792,0.034509096294641495,0.20198282599449158,0.16981086134910583
disgust.311,0.02021142467856407,0.029583584517240524,0.019024215638637543,0.0031675617210566998,0.02624211087822914,0.3723122179508209,0.5159288048744202,0.013530122116208076
disgust.312,0.03574514761567116,0.017173312604427338,0.037282008677721024,0.0394236221909523,0.22465814650058746,0.5775976777076721,0.054448485374450684,0.01367167104035616
disgust.313,0.0885244682431221,0.01387300156056881,0.04180869832634926,0.04516778141260147,0.002078658202663064,0.758021891117096,0.01899125427007675,0.03153423219919205
disgust.314,0.04581034928560257,0.020612327381968498,0.005991356913000345,0.008599886670708656,0.00900629349052906,0.8198040723800659,0.03972393274307251,0.0504518561065197
disgust.315,0.0011495165526866913,0.0008183293393813074,0.0009288370492868125,0.003662721486762166,0.058619484305381775,0.07646767795085907,0.8484131693840027,0.00994017068296671
disgust.316,0.009505489841103554,0.004781985655426979,0.004873308353126049,0.007987378165125847,0.004415146540850401,0.9523765444755554,0.013453775085508823,0.002606404945254326
disgust.317,0.2336992621421814,0.018493402749300003,0.030718538910150528,0.012475566938519478,0.008652480319142342,0.24291285872459412,0.2590208351612091,0.19402700662612915
disgust.318,0.015679504722356796,0.03985161706805229,0.040816530585289,0.011642266064882278,0.02384195476770401,0.5714781880378723,0.2759145498275757,0.020775360986590385
disgust.319,0.35514798760414124,0.04740151762962341,0.11912576109170914,0.022803248837590218,0.004551755264401436,0.35911157727241516,0.041057929396629333,0.05080019310116768
disgust.32,0.0020138637628406286,0.001158383209258318,0.0011577978730201721,0.0009422075818292797,0.0013215733924880624,0.930941104888916,0.05833113566040993,0.004133892711251974
disgust.320,0.001861411496065557,0.0015642228536307812,0.0014573835069313645,0.0016858746530488133,0.03316145017743111,0.10163528472185135,0.6230228543281555,0.2356114238500595
disgust.321,0.017235148698091507,0.007381812669336796,0.02180786430835724,0.01477083470672369,0.052739717066287994,0.8574280738830566,0.011223088018596172,0.01741337589919567
disgust.322,0.03975989669561386,0.05230657756328583,0.022394588217139244,0.009270782582461834,0.038450226187705994,0.03379354998469353,0.3096635341644287,0.49436086416244507
disgust.323,0.00186876708175987,0.000685770355630666,0.0014221271267160773,0.0005144572933204472,0.002433338202536106,0.4471093714237213,0.13437184691429138,0.4115943908691406
disgust.324,0.031049935147166252,0.007545339874923229,0.029342150315642357,0.007259272504597902,0.01654733344912529,0.7293650507926941,0.14793218672275543,0.030958784744143486
disgust.325,0.004761595278978348,0.0010544649558141828,0.0014594226377084851,0.0005461722030304372,0.006183160003274679,0.48013219237327576,0.5033078789710999,0.0025551028084009886
disgust.326,0.015189575031399727,0.002224049996584654,0.00763532193377614,0.036656323820352554,0.10270674526691437,0.6618573665618896,0.10283952206373215,0.07089108973741531
disgust.327,0.052708111703395844,0.028000542894005775,0.06344889104366302,0.04673536866903305,0.052396077662706375,0.486438125371933,0.24008162319660187,0.030191296711564064
disgust.328,0.0017296264413744211,0.0026863939128816128,0.0018002558499574661,0.0016523251542821527,0.0028288501780480146,0.4758070409297943,0.5119438767433167,0.001551714027300477
disgust.329,0.03307622671127319,0.004408952314406633,0.01596781425178051,0.007297670003026724,0.0033900863490998745,0.9205263257026672,0.00942204985767603,0.00591092137619853
disgust.33,0.021450622007250786,0.007957840338349342,0.03857799619436264,0.009188223630189896,0.008819992654025555,0.5661000609397888,0.33946970105171204,0.008435618132352829
disgust.330,0.004795803688466549,0.011846218258142471,0.007690396159887314,0.005950109101831913,0.009398652240633965,0.023094065487384796,0.16307614743709564,0.7741486430168152
disgust.34,0.029528919607400894,0.01237788237631321,0.010789042338728905,0.015985146164894104,0.029695820063352585,0.7945932149887085,0.09364400058984756,0.013385985977947712
disgust.35,0.012683399021625519,0.01088063046336174,0.05356014519929886,0.029049545526504517,0.015705671161413193,0.7908715605735779,0.03586911782622337,0.051379844546318054
disgust.36,0.3399604558944702,0.03303900733590126,0.012760050594806671,0.029239343479275703,0.04146480932831764,0.13585306704044342,0.3912850618362427,0.016398141160607338
disgust.37,0.32600003480911255,0.014093101024627686,0.08537235110998154,0.08217476308345795,0.01567504182457924,0.43735364079475403,0.020057229325175285,0.019273892045021057
disgust.38,0.22809404134750366,0.06001388281583786,0.09044288843870163,0.005681886337697506,0.008086015470325947,0.4910912811756134,0.03365407884120941,0.08293594419956207
disgust.39,0.12949180603027344,0.08422029763460159,0.1793408989906311,0.012791803106665611,0.012609288096427917,0.503415584564209,0.044974084943532944,0.03315626457333565
disgust.4,0.0803946703672409,0.02119683288037777,0.037358202040195465,0.028954826295375824,0.005635934416204691,0.20137809216976166,0.5514889359474182,0.07359255850315094
disgust.40,0.12709477543830872,0.024538259953260422,0.09626597911119461,0.08021248877048492,0.04483921453356743,0.23042190074920654,0.2784998416900635,0.1181274875998497
disgust.41,0.0339839830994606,0.0073713031597435474,0.009781906381249428,0.08708735555410385,0.6947380900382996,0.09936074167490005,0.03205163776874542,0.03562498092651367
disgust.42,0.07041199505329132,0.03542109206318855,0.13707655668258667,0.021558312699198723,0.012970955111086369,0.6497437357902527,0.06012384593486786,0.012693545781075954
disgust.43,0.07178628444671631,0.04498139023780823,0.08130097389221191,0.002686191350221634,0.0018789460882544518,0.6120665073394775,0.17420019209384918,0.011099513620138168
disgust.44,0.05701880156993866,0.17224372923374176,0.027759574353694916,0.006166941486299038,0.020965980365872383,0.5304628610610962,0.1650228500366211,0.02035922184586525
disgust.45,0.025325646623969078,0.005755176767706871,0.00393092492595315,0.008902319706976414,0.07244831323623657,0.12291691452264786,0.6617810130119324,0.09893964231014252
disgust.46,0.003083055140450597,0.002277819672599435,0.001849154126830399,0.0017087646992877126,0.0012360868277028203,0.7469139099121094,0.2296510934829712,0.013280196115374565
disgust.47,0.004002707079052925,0.0015366340521723032,0.003793451003730297,0.0016143604880198836,0.015817761421203613,0.48535916209220886,0.2803552746772766,0.20752055943012238
disgust.48,0.05232030525803566,0.317317932844162,0.051151882857084274,0.20214131474494934,0.19817841053009033,0.041982125490903854,0.07621131837368011,0.06069674715399742
disgust.49,0.04464295133948326,0.3415941298007965,0.026040760800242424,0.001138120424002409,0.015251453965902328,0.21350710093975067,0.3406865894794464,0.01713881827890873
disgust.5,0.005435970611870289,0.00040820217691361904,0.006596668623387814,0.0009491926175542176,0.0012004405725747347,0.9236122965812683,0.04558929055929184,0.016207998618483543
disgust.50,0.002503348048776388,0.0009375879308208823,0.0007034012232907116,0.0007431474514305592,0.0041842409409582615,0.829354465007782,0.11733317375183105,0.04424066096544266
disgust.51,0.083405502140522,0.020390991121530533,0.04218168556690216,0.005325059872120619,0.008437610231339931,0.6914483308792114,0.14174582064151764,0.007065071724355221
disgust.52,0.04327067360281944,0.010133987292647362,0.021833892911672592,0.012862290255725384,0.016036124899983406,0.6416300535202026,0.1291738599538803,0.12505903840065002
disgust.53,0.06339464336633682,0.027087152004241943,0.020997952669858932,0.02677720971405506,0.02929036132991314,0.6599057912826538,0.13351306319236755,0.03903386369347572
disgust.54,0.0015437797410413623,0.0007745367474853992,0.000669610861223191,0.0005576324183493853,0.01917044073343277,0.2113332599401474,0.6874212026596069,0.07852952927350998
disgust.55,0.06393694877624512,0.0029995120130479336,0.0022940663620829582,0.002520786365494132,0.003972322680056095,0.14775165915489197,0.7562031745910645,0.020321521908044815
disgust.56,0.02723066695034504,0.05918223038315773,0.09689036011695862,0.07966642826795578,0.013683370314538479,0.2721730172634125,0.44351354241371155,0.007660435047000647
disgust.57,0.00505579961463809,0.0048327017575502396,0.005794982425868511,0.0024738158099353313,0.004801089875400066,0.2858147621154785,0.6841331720352173,0.007093755062669516
disgust.58,0.3279624581336975,0.06980311870574951,0.15033484995365143,0.0224975124001503,0.05320906266570091,0.30306559801101685,0.02614886872470379,0.04697858914732933
disgust.59,0.011229296214878559,0.02277511917054653,0.05440324917435646,0.02469469979405403,0.012751639820635319,0.8250322937965393,0.028203414753079414,0.02091025933623314
disgust.6,0.07193107903003693,0.1433236300945282,0.07948505878448486,0.030763160437345505,0.024574479088187218,0.33248889446258545,0.27657997608184814,0.040853679180145264
disgust.60,0.037494707852602005,0.004890110343694687,0.14699679613113403,0.006356292404234409,0.020348595455288887,0.6645753979682922,0.0767270103096962,0.04261111840605736
disgust.61,0.12393870204687119,0.02717733383178711,0.04872538894414902,0.03633170574903488,0.015805797651410103,0.5831724405288696,0.14752991497516632,0.01731860637664795
disgust.62,0.01848575845360756,0.017781883478164673,0.020906107500195503,0.01709875836968422,0.033838629722595215,0.5917492508888245,0.2883319556713104,0.011807684786617756
disgust.63,0.16943131387233734,0.034760504961013794,0.05228503420948982,0.13065895438194275,0.05541609600186348,0.14313814043998718,0.22283506393432617,0.19147489964962006
disgust.64,0.0045060934498906136,0.049005549401044846,0.02250703237950802,0.0020811804570257664,0.00418015057221055,0.777184784412384,0.07378742098808289,0.06674777716398239
disgust.65,0.03241279348731041,0.0019116514595225453,0.02459544688463211,0.009164724498987198,0.021343817934393883,0.13042891025543213,0.4830336570739746,0.297108918428421
disgust.66,0.0005325180827639997,0.00042282577487640083,0.001178666134364903,0.00020102877169847488,0.0009074372937902808,0.934637188911438,0.05742797628045082,0.004692330490797758
disgust.67,0.012741662561893463,0.01359509862959385,0.051712263375520706,0.005786582827568054,0.006314953323453665,0.42787784337997437,0.029228858649730682,0.4527427554130554
disgust.68,0.0366569347679615,0.010207531973719597,0.08625297248363495,0.01764235459268093,0.1519017219543457,0.023617519065737724,0.30613166093826294,0.3675892949104309
disgust.69,0.16230520606040955,0.14657314121723175,0.18529658019542694,0.07036881148815155,0.015628432855010033,0.20760749280452728,0.18300385773181915,0.029216453433036804
disgust.7,0.1414804607629776,0.07169312238693237,0.15640199184417725,0.046995993703603745,0.10080353170633316,0.16703645884990692,0.09319188445806503,0.22239646315574646
disgust.70,0.019802095368504524,0.0025340612046420574,0.00880002323538065,0.004108218476176262,0.006097462028264999,0.9007237553596497,0.05634713172912598,0.0015872977674007416
disgust.71,0.06566762179136276,0.015569020062685013,0.04279519245028496,0.12961553037166595,0.021544450893998146,0.4867992401123047,0.10550140589475632,0.13250763714313507
disgust.72,0.2188798189163208,0.02860195003449917,0.05344024673104286,0.00960630364716053,0.01877189427614212,0.630224883556366,0.027863558381795883,0.01261135097593069
disgust.73,0.04113181307911873,0.05240774154663086,0.033171288669109344,0.003911979962140322,0.0013264557346701622,0.8246440291404724,0.004036694299429655,0.039370015263557434
disgust.74,0.07097502052783966,0.024727599695324898,0.030599022284150124,0.015955088660120964,0.0667894259095192,0.24559956789016724,0.2628380060195923,0.28251633048057556
disgust.75,0.0017982377903535962,0.0007187074515968561,0.0011059172684326768,0.0013693129876628518,0.0016699752304702997,0.23195712268352509,0.6857311129570007,0.07564965635538101
disgust.76,0.06554072350263596,0.03372018039226532,0.05664389953017235,0.085453100502491,0.0715315043926239,0.6452256441116333,0.028594214469194412,0.013290615752339363
disgust.77,0.5608919262886047,0.021133892238140106,0.02419164590537548,0.05641097575426102,0.02274337038397789,0.023413361981511116,0.2681003510951996,0.023114396259188652
disgust.78,0.7316538691520691,0.024089399725198746,0.04373881220817566,0.05263133347034454,0.017418386414647102,0.0621706061065197,0.056562554091215134,0.011735081672668457
disgust.79,0.12188728153705597,0.02378789521753788,0.12596328556537628,0.01690884307026863,0.014224396087229252,0.5245876908302307,0.15944325923919678,0.01319735124707222
disgust.8,0.13055647909641266,0.05929074436426163,0.06366106867790222,0.04682707414031029,0.07492649555206299,0.4498201608657837,0.07811196893453598,0.09680606424808502
disgust.80,0.00582091836258769,0.00824582576751709,0.016118381172418594,0.005272523500025272,0.014706418849527836,0.24911685287952423,0.6874035000801086,0.01331560593098402
disgust.81,0.4554488956928253,0.025427155196666718,0.39421597123146057,0.010785842314362526,0.0014001793460920453,0.07452918589115143,0.012205513194203377,0.025987299159169197
disgust.82,0.13128194212913513,0.030460262671113014,0.06398391723632812,0.01490231603384018,0.021229734644293785,0.45492708683013916,0.2719134986400604,0.011301271617412567
disgust.83,0.08029316365718842,0.036773666739463806,0.05014415085315704,0.049455635249614716,0.42560312151908875,0.2744543254375458,0.03083554096519947,0.05244039371609688
disgust.84,9.153607243206352e-05,0.00018240894132759422,0.0002988556807395071,2.0795043383259326e-05,9.016465628519654e-05,0.9981194138526917,0.00035660318098962307,0.0008401725208386779
disgust.85,0.3259164094924927,0.015844866633415222,0.3692890703678131,0.009017521515488625,0.017332328483462334,0.18184371292591095,0.03919506445527077,0.04156097024679184
disgust.86,0.0004864088841713965,0.000532803765963763,0.00042501711868681014,0.00017105761799030006,0.0036198103334754705,0.22604860365390778,0.43258559703826904,0.3361307382583618
disgust.87,0.012488111853599548,0.019900329411029816,0.023678213357925415,0.010153558105230331,0.005460798274725676,0.8913628458976746,0.02838706038892269,0.00856905896216631
disgust.88,0.6665289402008057,0.014721333049237728,0.15797433257102966,0.08403927087783813,0.02731340005993843,0.03532058745622635,0.01121704000979662,0.002885136054828763
disgust.89,0.0057413470931351185,0.0008284248178824782,0.003423964139074087,0.0018672276055440307,0.002299309941008687,0.9667637348175049,0.016716431826353073,0.0023595283273607492
disgust.9,0.031069692224264145,0.3457070589065552,0.5541837215423584,0.00548505038022995,0.008883215487003326,0.00482874596491456,0.009472249075770378,0.040370289236307144
disgust.90,0.43027937412261963,0.01795058138668537,0.1251126080751419,0.021483642980456352,0.013673604466021061,0.21741728484630585,0.15617725253105164,0.01790567673742771
disgust.91,0.2258128523826599,0.013654406182467937,0.16953113675117493,0.026615625247359276,0.028842680156230927,0.4141356647014618,0.07296037673950195,0.04844723641872406
disgust.92,0.016059361398220062,0.11904069036245346,0.0926753431558609,0.0028256173245608807,0.003993425518274307,0.5126481652259827,0.2061772346496582,0.04658005014061928
disgust.93,0.08005077391862869,0.06817873567342758,0.2349732518196106,0.0452176034450531,0.06225902959704399,0.20969094336032867,0.1623489111661911,0.13728076219558716
disgust.94,0.0030092159286141396,0.003273583250120282,0.0020995542872697115,0.0008371621370315552,0.0018299598013982177,0.9553802013397217,0.030238939449191093,0.0033313953317701817
disgust.95,0.12139113247394562,0.014163685962557793,0.07070256769657135,0.006434435956180096,0.0025564266834408045,0.751329779624939,0.025403060019016266,0.008018912747502327
disgust.96,0.23057767748832703,0.016087401658296585,0.21890848875045776,0.04725123196840286,0.045201707631349564,0.21068502962589264,0.22658488154411316,0.004703530576080084
disgust.97,0.0037287003360688686,0.011153743602335453,0.010808595456182957,0.006057705730199814,0.007079211063683033,0.8877089619636536,0.05990345776081085,0.013559665530920029
disgust.98,0.029918938875198364,0.021936889737844467,0.03401947021484375,0.019768649712204933,0.2022724747657776,0.0931289866566658,0.5844500660896301,0.014504577964544296
disgust.99,0.09857828915119171,0.010146698914468288,0.06811067461967468,0.005537474062293768,0.01242473628371954,0.7762753963470459,0.01326353196054697,0.015663189813494682
fear.154,0.0010546213015913963,0.0008009425364434719,0.0003998713509645313,0.0006450851215049624,0.9886416792869568,0.003606170415878296,0.002140785800293088,0.002710973843932152
fear.1,0.004694471601396799,0.016207674518227577,0.0005408120923675597,0.0011675716377794743,0.01651783101260662,0.016470622271299362,0.8377241492271423,0.10667684674263
fear.155,0.10372108221054077,0.5550747513771057,0.02491685003042221,0.0068847113288939,0.007531304378062487,0.01315171830356121,0.11881957203149796,0.16989998519420624
fear.10,0.024397680535912514,0.04214118421077728,0.019999194890260696,0.0076965466141700745,0.008615310303866863,0.033944014459848404,0.5043469667434692,0.35885918140411377
fear.156,0.0027066071052104235,0.008222585543990135,0.007175827864557505,0.0025680537801235914,0.9642177820205688,0.0017261557513847947,0.006134765222668648,0.0072481934912502766
fear.100,0.03005395457148552,0.007849124260246754,0.026979168877005577,0.12422958016395569,0.7356944680213928,0.005051738582551479,0.005070023704320192,0.06507204473018646
fear.157,0.0028181755915284157,0.026375209912657738,0.002959177130833268,0.01708381064236164,0.0706169456243515,0.0030732813756912947,0.8477307558059692,0.029342586174607277
fear.101,0.00015085852646734565,5.600663280347362e-05,0.0001796149299480021,0.00032131170155480504,0.02383245714008808,0.005452865734696388,0.9678805470466614,0.0021263682283461094
fear.159,0.010999957099556923,0.01937614008784294,0.012881253845989704,0.040082238614559174,0.1805804818868637,0.0012434587115421891,0.6848644018173218,0.049972034990787506
fear.102,0.00647930521517992,0.382710725069046,0.022806107997894287,0.00451858201995492,0.01915617659687996,0.0024711356963962317,0.34725454449653625,0.21460342407226562
fear.158,0.19948460161685944,0.14005239307880402,0.019962241873145103,0.022524133324623108,0.0382273904979229,0.0035629805643111467,0.4529094099998474,0.12327680736780167
fear.103,0.026527835056185722,0.053709931671619415,0.03933274373412132,0.021601177752017975,0.7123530507087708,0.015463359653949738,0.06172257661819458,0.06928926706314087
fear.16,0.022568967193365097,0.003130005206912756,0.0051103997975587845,0.004430660977959633,0.01561761274933815,0.5209387540817261,0.40568622946739197,0.022517316043376923
fear.104,0.0031649586744606495,0.00278719631023705,0.0030582796316593885,0.0011505718575790524,0.0013787749921903014,0.006577065214514732,0.723203718662262,0.2586793601512909
fear.160,0.006280385423451662,0.017515407875180244,0.00656328396871686,0.001744524808600545,0.032232556492090225,0.0005576559342443943,0.855340838432312,0.07976539433002472
fear.105,0.020823689177632332,0.015769565477967262,0.023296482861042023,0.07908967137336731,0.16386695206165314,0.06219279393553734,0.5850104093551636,0.04995046928524971
fear.170,0.0004124437691643834,0.0009089604718610644,0.0019872274715453386,0.001572030014358461,0.1431041657924652,0.031367093324661255,0.7671757936477661,0.05347229912877083
fear.106,0.0011075630318373442,0.0025507276877760887,0.004772643558681011,0.0008169859065674245,0.00846626702696085,0.003241374623030424,0.7990677356719971,0.17997676134109497
fear.171,0.03421718627214432,0.01303261611610651,0.0053986734710633755,0.016623424366116524,0.1373278647661209,0.002212242456153035,0.7673406600952148,0.023847317323088646
fear.107,0.09500059485435486,0.6155134439468384,0.03817920759320259,0.023359235376119614,0.021491335704922676,0.014106875285506248,0.0702749565243721,0.1220744177699089
fear.172,0.006387689616531134,0.00220480072312057,0.022915387526154518,0.010972755029797554,0.026797214522957802,0.009838076308369637,0.5289233922958374,0.39196065068244934
fear.108,0.05080024152994156,0.08227204531431198,0.019941316917538643,0.0075030019506812096,0.055113475769758224,0.037084780633449554,0.5050529837608337,0.24223218858242035
fear.173,0.014821176417171955,0.0031280701514333487,0.03561662137508392,0.019945070147514343,0.009081599302589893,0.013767782598733902,0.6475352644920349,0.256104439496994
fear.109,0.10677549242973328,0.04185168445110321,0.16203691065311432,0.005129020195454359,0.08996289223432541,0.014459066092967987,0.2707732915878296,0.30901169776916504
fear.174,0.45094943046569824,0.12444275617599487,0.11389189213514328,0.02279261127114296,0.052299074828624725,0.10081412643194199,0.07885757088661194,0.055952608585357666
fear.11,0.001166977803222835,0.002946483436971903,0.003617999842390418,0.008490162901580334,0.02014695107936859,0.11704669892787933,0.8355845808982849,0.011000134982168674
fear.175,0.027594858780503273,0.012968532741069794,0.006502112839370966,0.00268716923892498,0.004139238502830267,0.12327038496732712,0.8170248866081238,0.005812786053866148
fear.110,0.0012936857528984547,0.0009110315586440265,0.0005139531567692757,0.004281193483620882,0.0427311509847641,0.04618728533387184,0.8979078531265259,0.006173808127641678
fear.176,0.023789672181010246,0.02176625281572342,0.01736917532980442,0.012294069863855839,0.03555499017238617,0.03573398292064667,0.6696826219558716,0.18380920588970184
fear.111,0.0071853832341730595,0.017899852246046066,0.020493008196353912,0.018572011962532997,0.005383346229791641,0.01848640665411949,0.7188313603401184,0.1931486427783966
fear.177,0.002416880801320076,0.005246446002274752,0.00034748774487525225,0.001145802321843803,0.9858819246292114,0.001477890182286501,0.0016556644113734365,0.001827883068472147
fear.112,0.023761942982673645,0.04040169715881348,0.1029278114438057,0.004367014393210411,0.8007274270057678,0.001032197498716414,0.002350747585296631,0.02443111315369606
fear.178,0.0060701193287968636,0.006930723786354065,0.009088181890547276,0.010885914787650108,0.006906765513122082,0.4791615307331085,0.4765574336051941,0.0043992772698402405
fear.113,0.0016826385399326682,0.001385089592076838,0.0012009997153654695,0.0003978894674219191,0.0019272357458248734,0.007311875466257334,0.9062458872795105,0.07984832674264908
fear.179,0.06539811939001083,0.06803636252880096,0.028047382831573486,0.012836668640375137,0.06088995933532715,0.014207414351403713,0.6518265008926392,0.09875756502151489
fear.114,0.0009233005694113672,0.0016319878632202744,0.0029916793573647738,0.0020539395045489073,0.10629674792289734,0.0013343461323529482,0.4138161838054657,0.4709518253803253
fear.18,0.12127003073692322,0.011513110250234604,0.013525773771107197,0.032675422728061676,0.11189941316843033,0.089668869972229,0.5767729878425598,0.04267440363764763
fear.115,0.0261691827327013,0.010426575317978859,0.019184371456503868,0.014473029412329197,0.06813179701566696,0.10127267241477966,0.6983455419540405,0.06199683994054794
fear.180,0.0011770747369155288,0.0021211414132267237,0.010505525395274162,0.0014031004393473268,0.0064586796797811985,0.010141002014279366,0.3472118377685547,0.6209815740585327
fear.116,0.0025462955236434937,0.02747279778122902,0.05654628202319145,0.0004511925217229873,0.006281689275056124,0.021805599331855774,0.7768611311912537,0.10803505778312683
fear.181,0.006466574501246214,0.8727441430091858,0.013970444910228252,0.019658321514725685,0.007004137616604567,0.032428108155727386,0.024195628240704536,0.023532718420028687
fear.117,0.0025506257079541683,0.0011029369197785854,0.0009701315429992974,0.00805889256298542,0.0082278186455369,0.0054035489447414875,0.9663664698600769,0.0073196557350456715
fear.182,0.7274850010871887,0.15629437565803528,0.055218085646629333,0.027514968067407608,0.016589859500527382,0.0009697125642560422,0.005764838308095932,0.01016317494213581
fear.118,0.009033441543579102,0.9022279977798462,0.019987238571047783,0.007381122093647718,0.0024967396166175604,0.001994360238313675,0.026189478114247322,0.030689647421240807
fear.183,0.004050002433359623,0.043722283095121384,0.008356151171028614,0.002212314633652568,0.008952939882874489,0.007789405528455973,0.8510112166404724,0.07390572875738144
fear.119,0.01351584866642952,0.5698348879814148,0.04251081123948097,0.07018314301967621,0.12742915749549866,0.030762558802962303,0.05974931642413139,0.08601433783769608
fear.184,0.03562247008085251,0.017023060470819473,0.07571755349636078,0.021745678037405014,0.35097211599349976,0.0167065542191267,0.23793305456638336,0.24427948892116547
fear.12,0.017225127667188644,0.2783389687538147,0.04992140829563141,0.001837523770518601,0.0009120938484556973,0.0018436850514262915,0.1556989699602127,0.4942222237586975
fear.185,0.02749631181359291,0.005987153388559818,0.003956180065870285,0.00631245132535696,0.0032543549314141273,0.02945263683795929,0.8360996842384338,0.08744125813245773
fear.120,0.032266952097415924,0.07258622348308563,0.413507878780365,0.05419749766588211,0.09865366667509079,0.0023515354841947556,0.028007641434669495,0.29842856526374817
fear.186,0.9229199886322021,0.03049820475280285,0.004589628893882036,0.012799081392586231,0.0016604377888143063,0.0024460284039378166,0.011669411323964596,0.01341722346842289
fear.121,0.00012634499580599368,6.287830910878256e-05,0.00038697567651979625,0.0005778342019766569,0.012797996401786804,0.0018762520048767328,0.9003862738609314,0.08378545194864273
fear.187,0.14536409080028534,0.010077744722366333,0.08597485721111298,0.265639990568161,0.19450552761554718,0.004648271016776562,0.2587365210056305,0.03505289927124977
fear.122,0.042958714067935944,0.27486729621887207,0.09254541248083115,0.007504763547331095,0.014724346809089184,0.005769487004727125,0.20213080942630768,0.3594991862773895
fear.188,0.006379210855811834,0.004545384552329779,0.015200547873973846,0.028285857290029526,0.26733678579330444,0.004260130226612091,0.35723164677619934,0.316760390996933
fear.123,0.35954204201698303,0.08710341155529022,0.03751327842473984,0.028972474858164787,0.014168080873787403,0.11957032978534698,0.3100501596927643,0.04308014363050461
fear.189,0.44959166646003723,0.017834234982728958,0.007533789146691561,0.06849458068609238,0.023266255855560303,0.006062805186957121,0.24159735441207886,0.18561935424804688
fear.124,0.005261416547000408,0.8806102871894836,0.026432104408740997,0.0005254074931144714,0.002778491470962763,0.007873372174799442,0.029976431280374527,0.04654250293970108
fear.19,0.004540426656603813,0.05936906859278679,0.03865131363272667,0.012643602676689625,0.02004578523337841,0.00557323731482029,0.3312165141105652,0.5279600024223328
fear.125,0.004988489206880331,0.011957040056586266,0.001534034963697195,0.002338217571377754,0.012626423500478268,0.002377846045419574,0.3542618751525879,0.6099160313606262
fear.190,0.0227253008633852,0.008213581517338753,0.030224820598959923,0.026828695088624954,0.009485635906457901,0.0046190605498850346,0.6161752939224243,0.2817275822162628
fear.126,0.010687649250030518,0.020434852689504623,0.047378599643707275,0.04582487791776657,0.060656171292066574,0.0030252335127443075,0.3655068278312683,0.4464857280254364
fear.191,0.005766886752098799,0.012414291501045227,0.010843991301953793,0.010532100684940815,0.07041923701763153,0.003917505498975515,0.6367392539978027,0.24936683475971222
fear.127,0.0003684173570945859,0.0004450397682376206,0.0003919335431419313,0.0005284186918288469,0.05468956381082535,0.0007424399955198169,0.8240354061126709,0.11879881471395493
fear.192,0.009058312512934208,0.007630712352693081,0.0035924529656767845,0.005820581689476967,0.006924686953425407,0.4692423939704895,0.4941854476928711,0.003545488463714719
fear.128,0.11274432390928268,0.03212307393550873,0.04283416271209717,0.005956832319498062,0.2402985692024231,0.22875481843948364,0.13133127987384796,0.20595687627792358
fear.193,0.1788548231124878,0.043155718594789505,0.14915165305137634,0.22666558623313904,0.05091763287782669,0.006266442593187094,0.2640409767627716,0.08094721287488937
fear.129,0.0017891322495415807,0.0004425175138749182,0.0004165722639299929,0.0011715760920196772,0.030350735411047935,0.016155250370502472,0.7154298424720764,0.23424434661865234
fear.194,0.7422555685043335,0.03818861395120621,0.04379724711179733,0.06092804670333862,0.015401210635900497,0.022721635177731514,0.019922491163015366,0.0567852258682251
fear.13,0.01292057428508997,0.21621625125408173,0.013289263471961021,0.010395129211246967,0.01959984190762043,0.002050100825726986,0.03346263989806175,0.6920661926269531
fear.195,0.188870370388031,0.13555137813091278,0.09297298640012741,0.021019043400883675,0.14597691595554352,0.11024953424930573,0.10515899211168289,0.20020084083080292
fear.130,0.01320559997111559,0.021294213831424713,0.024428855627775192,0.013938555493950844,0.01558750681579113,0.20160579681396484,0.6950438022613525,0.014895672909915447
fear.196,0.020015131682157516,0.11451449990272522,0.10803214460611343,0.004925526678562164,0.02689765766263008,0.013580730184912682,0.5787469744682312,0.13328738510608673
fear.131,0.04820570349693298,0.07341393083333969,0.12253305315971375,0.013029880821704865,0.009458852931857109,0.5486317276954651,0.17562885582447052,0.00909794308245182
fear.197,0.001081695780158043,0.0006118206074461341,0.00219642068259418,0.0007967022247612476,0.03354606404900551,0.0037629944272339344,0.7019888758659363,0.2560153603553772
fear.132,0.2688329815864563,0.3939296305179596,0.009697869420051575,0.01297263614833355,0.0970495417714119,0.009062394499778748,0.0625496357679367,0.1459052711725235
fear.198,0.00011366752733010799,6.992842827457935e-05,2.521529677323997e-05,9.832443174673244e-05,0.007638354320079088,0.0009125981014221907,0.9886217713356018,0.0025201498065143824
fear.133,0.0017283866181969643,0.0015216571046039462,0.007784797344356775,0.00012100607273168862,0.01885816641151905,0.008271465077996254,0.8086074590682983,0.15310697257518768
fear.199,0.0003111179394181818,0.000310438044834882,0.00037999372580088675,0.0008273723069578409,0.011634614318609238,0.0002531333011575043,0.95210862159729,0.034174732863903046
fear.134,0.01704385131597519,0.06672273576259613,0.014537470415234566,0.019436081871390343,0.0072466591373085976,0.00374830630607903,0.7705702185630798,0.10069466382265091
fear.2,0.08463586866855621,0.09734000265598297,0.04222065955400467,0.011753917671740055,0.03918636962771416,0.06579548865556717,0.6090475916862488,0.050020091235637665
fear.135,0.0015373589703813195,0.002274100435897708,0.0013009165413677692,0.012523152865469456,0.03408907726407051,0.0008016728097572923,0.8372657299041748,0.11020800471305847
fear.20,0.0030435132794082165,0.012902793474495411,0.016213666647672653,0.0067000314593315125,0.03849339485168457,0.03858376294374466,0.4586448073387146,0.4254179894924164
fear.136,0.014033821411430836,0.060380928218364716,0.0034996147733181715,0.0013960975920781493,0.03856179490685463,0.055470626801252365,0.722575306892395,0.10408183932304382
fear.200,0.014359798282384872,0.8144066333770752,0.006525366101413965,0.0022768164053559303,0.15071402490139008,0.0006467238417826593,0.007717867381870747,0.0033528164494782686
fear.137,0.005675436928868294,0.004384571686387062,0.004962562117725611,0.0027384215500205755,0.0019125158432871103,0.005877478513866663,0.8747702240943909,0.09967879205942154
fear.201,0.03457639738917351,0.006147549021989107,0.006722806952893734,0.019828328862786293,0.03462770953774452,0.009784024208784103,0.8249828815460205,0.06333033740520477
fear.138,0.0012217159382998943,0.0004219556867610663,0.0006679320940747857,0.0006245466065593064,0.004849430173635483,0.03914273530244827,0.6310612559318542,0.3220103085041046
fear.202,0.010178548283874989,0.8526032567024231,0.012151292525231838,0.007218036334961653,0.03580468147993088,0.0017515307990834117,0.023046916350722313,0.057245850563049316
fear.139,0.01840043254196644,0.5609362721443176,0.0031110523268580437,0.020851071923971176,0.3508305847644806,0.0018361695110797882,0.03967588394880295,0.004358586389571428
fear.203,0.013264793902635574,0.01847750134766102,0.023270025849342346,0.011859199032187462,0.013699312694370747,0.5927674770355225,0.3214520812034607,0.005209592171013355
fear.14,0.09414632618427277,0.053598836064338684,0.05425547435879707,0.038493767380714417,0.4220350384712219,0.09957922995090485,0.07455092668533325,0.16334044933319092
fear.204,0.0006219256320036948,0.0005862453836016357,0.0005894467467442155,0.0014015617780387402,0.2893637418746948,0.00193607818800956,0.6012125015258789,0.10428854823112488
fear.140,0.03172863647341728,0.017774255946278572,0.14070376753807068,0.28218600153923035,0.11652784049510956,0.010001709684729576,0.1911359280347824,0.20994184911251068
fear.205,0.03421466052532196,0.08658938109874725,0.06409280747175217,0.005126948468387127,0.04840753600001335,0.005659068468958139,0.6174710392951965,0.1384386569261551
fear.141,0.0005657895817421377,9.526989015284926e-05,0.00017077049415092915,0.0010354520054534078,0.03455043211579323,0.002214755630120635,0.9591479301452637,0.002219563815742731
fear.206,0.01662677340209484,0.6961820721626282,0.01629185862839222,0.02700982242822647,0.22321270406246185,0.006906711030751467,0.0075165932066738605,0.006253415253013372
fear.142,0.010962226428091526,0.007000883109867573,0.057384833693504333,0.003043724223971367,0.037301331758499146,0.04140063002705574,0.6192887425422668,0.22361761331558228
fear.207,0.17599456012248993,0.011042928323149681,0.06519778072834015,0.0169027429074049,0.007668936159461737,0.28789469599723816,0.3845789134502411,0.05071945860981941
fear.143,0.00791617389768362,0.6554042100906372,0.21740294992923737,0.01204716507345438,0.016839854419231415,0.0051412018947303295,0.033007729798555374,0.05224078521132469
fear.208,0.035022661089897156,0.5060341954231262,0.0774926021695137,0.0068278624676167965,0.006936041172593832,0.0021701096557080746,0.10487054288387299,0.26064595580101013
fear.144,0.12768788635730743,0.10227922350168228,0.1552017331123352,0.025562521070241928,0.027891766279935837,0.26752567291259766,0.2456858903169632,0.048165325075387955
fear.209,0.00018724393157754093,0.9908865690231323,0.0008958707330748439,0.0024516035337001085,0.0009268924477510154,0.0002231817488791421,0.0014708050293847919,0.0029578187968581915
fear.145,0.03216291218996048,0.022795792669057846,0.02322477474808693,0.007247278932482004,0.00915311835706234,0.30634400248527527,0.5955142378807068,0.0035578568931668997
fear.21,0.0028734852094203234,0.005415016319602728,0.011631201952695847,0.006240823771804571,0.2935604155063629,0.0096395593136549,0.293293297290802,0.3773461878299713
fear.146,0.0064168362878263,0.45112019777297974,0.033008087426424026,0.25657275319099426,0.030108770355582237,0.01604556478559971,0.11545604467391968,0.09127175807952881
fear.210,0.04744433984160423,0.03760119527578354,0.022676557302474976,0.015742430463433266,0.09196680039167404,0.2986585199832916,0.2188650518655777,0.26704517006874084
fear.147,0.03219648450613022,0.010543028824031353,0.007144871633499861,0.009696612134575844,0.012519141659140587,0.25182780623435974,0.6725258827209473,0.003546146210283041
fear.211,0.001233992981724441,0.0010449845576658845,0.004635580815374851,0.0009607743704691529,0.13978759944438934,0.0058092884719371796,0.34972721338272095,0.4968005120754242
fear.148,0.002038763603195548,0.0011154677486047149,0.0034845671616494656,0.0022642442490905523,0.06909716129302979,0.01506973709911108,0.5341711640357971,0.3727588653564453
fear.212,0.023551378399133682,0.017415691167116165,0.020325014367699623,0.004000423476099968,0.14697374403476715,0.002473254455253482,0.4949394464492798,0.2903210520744324
fear.149,0.0394861102104187,0.014633385464549065,0.03746238350868225,0.09309418499469757,0.19769474864006042,0.0020624599419534206,0.3607902228832245,0.2547764778137207
fear.213,0.0012862992007285357,0.00032072002068161964,0.0008570398204028606,0.0035019381903111935,0.06429747492074966,0.003118994180113077,0.9165485501289368,0.010069018229842186
fear.15,0.008770433254539967,0.04010413587093353,0.005291430279612541,0.002851953264325857,0.032474808394908905,0.004565691575407982,0.8117678761482239,0.09417369961738586
fear.214,0.002488101599738002,0.0012907817726954818,0.0008177032577805221,0.0005172449164092541,0.029895957559347153,0.002982190577313304,0.9577108025550842,0.004297184757888317
fear.150,0.15129193663597107,0.03532350808382034,0.05389309301972389,0.004204470664262772,0.25620967149734497,0.01838330738246441,0.15053029358386993,0.3301636576652527
fear.215,0.01028503943234682,0.6131546497344971,0.09915145486593246,0.007225061301141977,0.01442873664200306,0.004750667605549097,0.10526934266090393,0.14573504030704498
fear.151,0.02827303111553192,0.016457248479127884,0.10878055542707443,0.1244359165430069,0.01629907824099064,0.026921341195702553,0.3454073965549469,0.33342549204826355
fear.216,0.014383182860910892,0.002783969510346651,0.06273587048053741,0.02299230732023716,0.12391389906406403,0.02911621890962124,0.6595197916030884,0.0845547541975975
fear.152,0.01148302387446165,0.15270544588565826,0.0019480977207422256,0.008862568065524101,0.7488004565238953,0.004976571071892977,0.020805461332201958,0.0504184290766716
fear.217,0.043412946164608,0.22064924240112305,0.047009486705064774,0.014227224513888359,0.03327573835849762,0.006766726262867451,0.1243935227394104,0.5102651715278625
fear.153,0.04998230189085007,0.030697910115122795,0.051769524812698364,0.03404734656214714,0.27917107939720154,0.008539143018424511,0.24551014602184296,0.3002825975418091
fear.161,0.05429358407855034,0.07168802618980408,0.04417520761489868,0.03388281911611557,0.0199294351041317,0.0032105594873428345,0.2511201500892639,0.5217001438140869
fear.218,0.025013567879796028,0.11747059971094131,0.01066645234823227,0.003604881465435028,0.01644878275692463,0.02623087540268898,0.10486149042844772,0.6957032680511475
fear.162,0.0024394213687628508,0.0009932011598721147,0.0008773616864345968,0.0008024402195587754,0.017038850113749504,0.0076713552698493,0.9280473589897156,0.04213009402155876
fear.219,0.0020215327385812998,0.013271660543978214,0.003040107199922204,0.0054167197085917,0.0015129358507692814,0.007619437761604786,0.9066040515899658,0.06051358953118324
fear.163,0.002899679820984602,0.038648609071969986,0.07607948780059814,0.005496043711900711,0.00718576880171895,0.0028795739635825157,0.14134205877780914,0.7254688143730164
fear.22,0.03438889980316162,0.08576181530952454,0.03800209239125252,0.0025963953230530024,0.001997854560613632,0.004234349355101585,0.24872072041034698,0.5842978954315186
fear.164,0.13239167630672455,0.11184892803430557,0.15227092802524567,0.04718079790472984,0.13306216895580292,0.17068783938884735,0.19157612323760986,0.06098153069615364
fear.220,0.04894518107175827,0.01807502843439579,0.006991215981543064,0.0020061645191162825,0.00973917543888092,0.0328691229224205,0.8239736557006836,0.05740055441856384
fear.165,0.051737818866968155,0.013534827157855034,0.030946984887123108,0.06696254014968872,0.12632112205028534,0.0493287555873394,0.6111001372337341,0.05006794258952141
fear.221,0.014598465524613857,0.018369629979133606,0.004554662853479385,0.010345309041440487,0.04647235944867134,0.005611530505120754,0.8862303495407104,0.013817660510540009
fear.166,0.0004480642091948539,0.0002851374156307429,0.0003206311375834048,0.0017202039016410708,0.04099373519420624,0.0004022451466880739,0.9527746438980103,0.003055343171581626
fear.222,0.0001657743559917435,0.0019313003867864609,0.0012769036693498492,0.0012191622518002987,0.08482278138399124,0.0013900748454034328,0.8174682259559631,0.09172576665878296
fear.167,0.03940886631608009,0.015506340190768242,0.013845902867615223,0.005224014166742563,0.035018354654312134,0.0036568858195096254,0.8088650703430176,0.07847443222999573
fear.223,0.0005803470849059522,0.0008372078882530332,0.0008591050282120705,0.0013228676980361342,0.017452780157327652,0.008430221118032932,0.9434834718704224,0.027034088969230652
fear.168,4.6538272727048025e-05,0.00023244653129950166,5.570300345425494e-05,0.0001937641791300848,0.012709341943264008,0.0025276760570704937,0.9837000966072083,0.0005343856173567474
fear.224,0.0005619642324745655,0.0013608286390081048,0.002216360066086054,0.0005832766182720661,0.026252632960677147,0.00323795760050416,0.8488463163375854,0.11694064736366272
fear.169,0.00805392675101757,0.004553772509098053,0.09525350481271744,0.0022370642982423306,0.6474719643592834,0.0035696590784937143,0.15683801472187042,0.0820220559835434
fear.225,0.004314569756388664,0.003962951246649027,0.017934266477823257,0.006599148269742727,0.07995384931564331,0.010858222842216492,0.7001141905784607,0.1762627810239792
fear.17,0.11377564817667007,0.0397573858499527,0.055459678173065186,0.009722094051539898,0.011069191619753838,0.19002681970596313,0.4461783468723297,0.1340109407901764
fear.226,0.02286738157272339,0.050442174077034,0.015069467946887016,0.013853769749403,0.03979742154479027,0.6006535291671753,0.19744227826595306,0.059873975813388824
fear.227,0.006552283652126789,0.008186138235032558,0.007570120505988598,0.010402570478618145,0.053772471845149994,0.46594929695129395,0.43850791454315186,0.00905916839838028
fear.228,0.0037427751813083887,0.0010914478916674852,0.0014570232015103102,0.003838997334241867,0.019571512937545776,0.12425263226032257,0.8445376753807068,0.0015079370932653546
fear.229,0.2018565982580185,0.11026626825332642,0.0442284494638443,0.02646045945584774,0.1698586642742157,0.02156224101781845,0.35929933190345764,0.0664680004119873
fear.23,0.026100533083081245,0.5943443179130554,0.023952120915055275,0.012637743726372719,0.0592627115547657,0.05213259905576706,0.027512338012456894,0.2040577083826065
fear.230,0.01558752916753292,0.007787244860082865,0.0030928070191293955,0.009904862381517887,0.1769733875989914,0.006911780685186386,0.698108434677124,0.08163385838270187
fear.231,0.005024225916713476,0.043947529047727585,0.011204474605619907,0.003484447253867984,0.020222553983330727,0.5027452111244202,0.3955375850200653,0.01783384568989277
fear.232,0.0003700139350257814,0.0001991016324609518,0.0009791699703782797,0.004225681535899639,0.20771628618240356,0.006714504677802324,0.7542718052864075,0.025523541495203972
fear.233,0.001215869328007102,0.0006806477904319763,0.0012525267666205764,0.012919696047902107,0.02330683544278145,0.034159742295742035,0.6944693326950073,0.23199543356895447
fear.234,0.005689713172614574,0.004837522283196449,0.007661323994398117,0.017843984067440033,0.12860476970672607,0.060396548360586166,0.7049372792243958,0.0700288861989975
fear.235,0.31194761395454407,0.26859545707702637,0.1044163927435875,0.16917619109153748,0.02053724229335785,0.01338048093020916,0.04212528094649315,0.0698213130235672
fear.236,0.027407817542552948,0.17352484166622162,0.13436473906040192,0.012101873755455017,0.05643880367279053,0.05218372121453285,0.4341007173061371,0.1098775565624237
fear.237,0.835104763507843,0.08104532957077026,0.017816763371229172,0.025783441960811615,0.011080038733780384,0.0015694460598751903,0.00877336971461773,0.018826838582754135
fear.238,4.235391315887682e-05,0.0001603209093445912,0.00010104661487275735,9.383811266161501e-05,0.00492378044873476,0.0011025886051356792,0.9605931043624878,0.03298299014568329
fear.239,0.02493828348815441,0.13089804351329803,0.020612027496099472,0.009895296767354012,0.008043779991567135,0.0036733155138790607,0.766279399394989,0.03565976023674011
fear.24,0.0013453876599669456,0.0016986781265586615,0.0013383545447140932,0.0006864913157187402,0.0037765922024846077,0.070359006524086,0.9188442826271057,0.0019511561840772629
fear.240,0.04843209311366081,0.011476805433630943,0.007098659873008728,0.004260542802512646,0.006546178366988897,0.13794858753681183,0.7723084092140198,0.011928709223866463
fear.241,0.0003388276672922075,0.0021424053702503443,0.007983345538377762,0.003168627852573991,0.0341518372297287,0.014154098927974701,0.8005654215812683,0.13749545812606812
fear.242,0.10876082628965378,0.026750663295388222,0.01590069942176342,0.011233624070882797,0.02183518558740616,0.04442935436964035,0.6897621750831604,0.08132745325565338
fear.243,0.043112367391586304,0.1363208144903183,0.36236387491226196,0.0139411436393857,0.01839095912873745,0.01008964329957962,0.3126868009567261,0.10309436172246933
fear.244,0.02453128807246685,0.09619344025850296,0.6304886341094971,0.046145614236593246,0.0829843133687973,0.00891959574073553,0.016818152740597725,0.09391893446445465
fear.245,0.05223400890827179,0.008914899080991745,0.01280627679079771,0.007736218627542257,0.48503294587135315,0.01199247408658266,0.3500775992870331,0.07120554149150848
fear.246,0.05892442166805267,0.04943908751010895,0.013340973295271397,0.004377664532512426,0.030957695096731186,0.015123287215828896,0.7751057744026184,0.052731093019247055
fear.247,0.002172928536310792,0.0008245866047218442,0.00029090349562466145,0.0019210061291232705,0.019929997622966766,0.004333750810474157,0.9172928333282471,0.0532340481877327
fear.248,0.13598628342151642,0.049341246485710144,0.03953048586845398,0.018696926534175873,0.06654830276966095,0.380098432302475,0.1834235042333603,0.12637485563755035
fear.249,0.1539265513420105,0.014565357007086277,0.007350111845880747,0.08386190980672836,0.5142247080802917,0.0023410466965287924,0.20550289750099182,0.01822741888463497
fear.25,0.04483366757631302,0.1012018620967865,0.08674409240484238,0.006300991401076317,0.009888315573334694,0.006220893003046513,0.0632992759346962,0.681510865688324
fear.250,0.01683940179646015,0.005766458809375763,0.005904399789869785,0.004821246489882469,0.023269299417734146,0.10109260678291321,0.833175778388977,0.009130765683948994
fear.251,0.0011517913080751896,0.0014661074383184314,0.0026644018944352865,0.0015279302606359124,0.0011464986018836498,0.008783098310232162,0.7356418371200562,0.24761827290058136
fear.252,0.0007420554757118225,0.0005143319140188396,0.0010735931573435664,0.0010360059095546603,0.001976332627236843,0.017437808215618134,0.9208827018737793,0.05633709952235222
fear.253,0.00149425002746284,0.008260145783424377,0.0023238363210111856,0.0020415212493389845,0.1269502341747284,0.030140861868858337,0.7332419157028198,0.09554719179868698
fear.254,0.02779036946594715,0.04157235845923424,0.004007577896118164,0.0034586479887366295,0.008993304334580898,0.0076215569861233234,0.48560190200805664,0.420954167842865
fear.255,0.0079252440482378,0.006500221788883209,0.007169933989644051,0.0025499756447970867,0.04542876407504082,0.126640185713768,0.5765326023101807,0.2272530347108841
fear.256,0.006612114142626524,0.001321135670877993,0.001728741335682571,0.005283484701067209,0.029761934652924538,0.07495605200529099,0.8718557357788086,0.008480812422931194
fear.257,8.885855640983209e-05,0.00019924707885365933,5.475883517647162e-05,0.0001298992137890309,0.056649357080459595,0.013275351375341415,0.928804874420166,0.000797593966126442
fear.258,0.0001058132475009188,9.120132745010778e-05,6.437832780648023e-05,0.0007263870211318135,0.024348894134163857,0.0030855571385473013,0.9652552008628845,0.006322719622403383
fear.259,0.009927961975336075,0.118959940969944,0.00868869200348854,0.006086491048336029,0.03147811442613602,0.015240735374391079,0.7582501173019409,0.05136796087026596
fear.26,0.007462677545845509,0.8101089000701904,0.014294628985226154,0.006844291929155588,0.005031636916100979,0.0023992627393454313,0.06473354995250702,0.08912504464387894
fear.260,0.006780121475458145,0.20252807438373566,0.03544458746910095,0.001667365781031549,0.03563488647341728,0.007074689958244562,0.49294623732566833,0.21792401373386383
fear.261,0.014508423395454884,0.8486126065254211,0.036463625729084015,0.01276586577296257,0.0034199280198663473,0.0065665156580507755,0.007002976723015308,0.07065997272729874
fear.262,0.015798436477780342,0.012999883852899075,0.013606322929263115,0.0055434186942875385,0.021450914442539215,0.022475097328424454,0.29306718707084656,0.6150587797164917
fear.263,0.005153691861778498,0.0028949955012649298,0.009414001367986202,0.0023781040217727423,0.013703372329473495,0.39750730991363525,0.31520378589630127,0.2537446916103363
fear.264,0.0164774302393198,0.02775806188583374,0.018894799053668976,0.00564375426620245,0.05234714224934578,0.03641382232308388,0.8039297461509705,0.038535226136446
fear.265,0.02181580662727356,0.09407959878444672,0.03272806853055954,0.04375725984573364,0.03345052897930145,0.024186305701732635,0.7037331461906433,0.04624931514263153
fear.266,0.02018858678638935,0.16535554826259613,0.06819074600934982,0.008960411883890629,0.03657466173171997,0.002712283283472061,0.15062908828258514,0.5473886728286743
fear.267,0.07402662932872772,0.007648346479982138,0.0032737068831920624,0.008570526726543903,0.043707940727472305,0.016909459605813026,0.8240560293197632,0.021807346493005753
fear.268,0.3877912163734436,0.1038791611790657,0.10057828575372696,0.07124300301074982,0.014419813640415668,0.029972439631819725,0.20672960579395294,0.08538646996021271
fear.269,0.00025168652064166963,0.00025811855448409915,0.0010501515353098512,0.0003085308999288827,0.008382069878280163,0.00507872411981225,0.7388186454772949,0.24585206806659698
fear.27,0.011686370708048344,0.6705333590507507,0.021268757060170174,0.0026157686952501535,0.004623411223292351,0.0017695690039545298,0.18156324326992035,0.10593962669372559
fear.270,0.048235561698675156,0.006587416864931583,0.008011030033230782,0.002579720923677087,0.22405092418193817,0.024576978757977486,0.579253613948822,0.10670475661754608
fear.271,0.012143605388700962,0.5776954293251038,0.03821127489209175,0.0020746756345033646,0.005474075675010681,0.0030065742321312428,0.2309296876192093,0.13046467304229736
fear.272,0.04582556337118149,0.06157209724187851,0.6952328085899353,0.005011873319745064,0.007299496792256832,0.004623089451342821,0.026940278708934784,0.153494730591774
fear.273,0.016805410385131836,0.030575521290302277,0.050003793090581894,0.008819369599223137,0.006332076154649258,0.04340695962309837,0.31030941009521484,0.5337474942207336
fear.274,0.0116216279566288,0.015285390429198742,0.0367446132004261,0.006824425887316465,0.8915405869483948,0.0037627043202519417,0.019139517098665237,0.015081220306456089
fear.275,0.0038122714031487703,0.848462700843811,0.016259057447314262,0.004463502671569586,0.010745476000010967,0.0006993517745286226,0.029400328174233437,0.08615733683109283
fear.276,0.12061786651611328,0.06907472759485245,0.020059805363416672,0.002833398524671793,0.040628883987665176,0.14282344281673431,0.49123212695121765,0.11272966116666794
fear.277,0.015246442519128323,0.017440197989344597,0.012602994218468666,0.008159075863659382,0.00397765077650547,0.034680865705013275,0.6799814105033875,0.22791138291358948
fear.278,0.037291739135980606,0.2851158082485199,0.04407409951090813,0.008241276256740093,0.040065448731184006,0.010456630028784275,0.24369953572750092,0.3310554623603821
fear.279,0.014157770201563835,0.0033550530206412077,0.011812918819487095,0.0014215735718607903,0.5000407099723816,0.004256584215909243,0.19719190895557404,0.26776349544525146
fear.28,0.000600161962211132,0.0007547438726760447,0.00023856828920543194,0.00011243962217122316,0.006680283695459366,0.011427910067141056,0.9565105438232422,0.023675361648201942
fear.280,0.009067797102034092,0.027866648510098457,0.07460121065378189,0.017098810523748398,0.12550993263721466,0.0031675673089921474,0.19733791053295135,0.545350193977356
fear.281,0.4306226372718811,0.13848373293876648,0.09887056797742844,0.07092045992612839,0.04567546024918556,0.05080258101224899,0.09440729767084122,0.07021734118461609
fear.282,0.02924642711877823,0.7941204309463501,0.01283094473183155,0.0037595643661916256,0.061437685042619705,0.0036275016609579325,0.05230375751852989,0.04267357289791107
fear.283,0.021630050614476204,0.03285017982125282,0.002913969336077571,0.002375619485974312,0.009869985282421112,0.005453682504594326,0.870913565158844,0.05399302765727043
fear.284,0.015586397610604763,0.618507981300354,0.007706189062446356,0.014822673052549362,0.1013115644454956,0.008695300668478012,0.1733366996049881,0.06003319099545479
fear.285,0.010758715681731701,0.05347183346748352,0.0335749015212059,0.003660994116216898,0.005808454006910324,0.25759804248809814,0.6165585517883301,0.01856856979429722
fear.286,0.09275934845209122,0.049742620438337326,0.10368161648511887,0.03725608438253403,0.08444217592477798,0.5542407035827637,0.06939635425806046,0.008481106720864773
fear.287,0.3236148953437805,0.04475684091448784,0.012212026864290237,0.25223174691200256,0.2539175748825073,0.05025274306535721,0.030336111783981323,0.032678037881851196
fear.288,0.08396736532449722,0.3292423188686371,0.18077364563941956,0.046381670981645584,0.07234951108694077,0.10182854533195496,0.1110631674528122,0.0743938460946083
fear.289,0.0228726863861084,0.01721007749438286,0.028829948976635933,0.010414328426122665,0.0065427073277533054,0.5219349265098572,0.3850761950016022,0.0071191368624567986
fear.29,0.1271151453256607,0.12203896045684814,0.052166324108839035,0.011302265338599682,0.04784846678376198,0.21082429587841034,0.3150938153266907,0.11361077427864075
fear.290,0.002136851428076625,0.001797536271624267,0.0016794211696833372,0.002077816054224968,0.23582106828689575,0.0011355368187651038,0.6558018922805786,0.09954985976219177
fear.291,0.0023541469126939774,0.000344291387591511,0.0014761253260076046,0.006284442730247974,0.21603190898895264,0.0011211112141609192,0.7386521100997925,0.033735889941453934
fear.292,0.0033834113273769617,0.9019664525985718,0.02151443623006344,0.023087795823812485,0.005763832479715347,0.014529026113450527,0.02007855474948883,0.009676502086222172
fear.293,0.07503422349691391,0.009275306947529316,0.017107078805565834,0.010964330285787582,0.1945921778678894,0.02385353483259678,0.610369861125946,0.05880342796444893
fear.294,0.03386189416050911,0.5409476161003113,0.031282491981983185,0.1359255015850067,0.13852514326572418,0.02711308002471924,0.02251284569501877,0.06983139365911484
fear.295,0.038668204098939896,0.9315398931503296,0.01117796078324318,0.0014478459488600492,0.0009102997137233615,0.0014273111009970307,0.008323590271174908,0.0065049175173044205
fear.296,0.0012715080520138144,0.0005839896621182561,0.0006546638906002045,0.0029950367752462626,0.0195365771651268,0.029453052207827568,0.9437501430511475,0.0017549782060086727
fear.297,0.0047345892526209354,0.004953655879944563,0.00262286770157516,0.002858209190890193,0.007585200015455484,0.00683097168803215,0.8750287890434265,0.09538565576076508
fear.298,0.03723938390612602,0.03405120596289635,0.013823555782437325,0.011150412261486053,0.34773775935173035,0.0025426410138607025,0.2562115788459778,0.29724350571632385
fear.299,0.02005697600543499,0.0771559402346611,0.022800901904702187,0.006111720111221075,0.07048293203115463,0.007864603772759438,0.7220914959907532,0.07343544811010361
fear.3,0.008283414877951145,0.057066190987825394,0.017204437404870987,0.001108817639760673,0.0015431332867592573,0.0006256571505218744,0.25299781560897827,0.6611705422401428
fear.30,0.010673475451767445,0.1917516142129898,0.00958174653351307,0.0024620878975838423,0.0019872912671417,0.008184293285012245,0.4409044682979584,0.3344549834728241
fear.300,0.1084040105342865,0.10995829850435257,0.012058268301188946,0.015807531774044037,0.00962123367935419,0.22146178781986237,0.49335384368896484,0.029335081577301025
fear.301,0.007206991780549288,0.011079647578299046,0.04934855177998543,0.01132021751254797,0.008588800206780434,0.0015851533971726894,0.5437638759613037,0.36710670590400696
fear.302,0.04487495496869087,0.1178218200802803,0.0259858351200819,0.01692965067923069,0.09558209031820297,0.0040735830552875996,0.5817036628723145,0.11302850395441055
fear.303,0.0025050509721040726,0.0030099740251898766,0.007618990261107683,0.0017626184271648526,0.012484190054237843,0.004911281634122133,0.850216805934906,0.11749113351106644
fear.304,0.008836453780531883,0.02459121309220791,0.010108157992362976,0.004548616707324982,0.006014217622578144,0.003637677291408181,0.4578670263290405,0.4843966066837311
fear.305,0.032320864498615265,0.008788765408098698,0.045760802924633026,0.07267629355192184,0.07414001226425171,0.018644245341420174,0.08882956951856613,0.6588394641876221
fear.306,0.08646487444639206,0.008186603896319866,0.07341513782739639,0.010362125933170319,0.04274493455886841,0.006573577877134085,0.6305864453315735,0.1416662633419037
fear.307,0.02422337606549263,0.010983860120177269,0.00984768196940422,0.0037114995066076517,0.009393650107085705,0.004110132344067097,0.8459003567695618,0.09182940423488617
fear.308,0.002286952454596758,0.002759163500741124,0.002729646395891905,0.0016455468721687794,0.010952525772154331,0.06726697087287903,0.8212965726852417,0.09106269478797913
fear.309,0.0035596496891230345,0.0024310657754540443,0.0055887699127197266,0.022541454061865807,0.03609468787908554,0.010235413908958435,0.8825607895851135,0.036988142877817154
fear.31,0.0037134303711354733,0.0034424562472850084,0.0029810962732881308,0.0012020389549434185,0.028570303693413734,0.10006248950958252,0.8067742586135864,0.0532538928091526
fear.310,0.014347786083817482,0.0021550338715314865,0.002572510624304414,0.004687942564487457,0.0536990724503994,0.013759773224592209,0.8400959968566895,0.06868191808462143
fear.311,0.00023711964604444802,0.0006150767439976335,0.0008677456062287092,0.0005163808818906546,0.005305515602231026,0.002073895651847124,0.8317684531211853,0.15861579775810242
fear.312,0.00303171225823462,0.006188772618770599,0.004432831425219774,0.0024337887298315763,0.042088449001312256,0.0018418232211843133,0.8534847497940063,0.08649778366088867
fear.313,0.03549386188387871,0.0609954334795475,0.010989666916429996,0.00334745179861784,0.044484082609415054,0.013692555017769337,0.6416776180267334,0.18931937217712402
fear.314,0.009362976998090744,0.0085300849750638,0.03285879269242287,0.03084123693406582,0.06441587209701538,0.0013070647837594151,0.7037190198898315,0.14896497130393982
fear.315,0.040980447083711624,0.2752203941345215,0.016928715631365776,0.01940709911286831,0.21112921833992004,0.01648551970720291,0.3234249949455261,0.09642361104488373
fear.316,0.008459757082164288,0.0034300480037927628,0.00513332849368453,0.006777193397283554,0.9472644925117493,0.003762276843190193,0.021312689408659935,0.0038601751439273357
fear.317,0.03230681270360947,0.013388997875154018,0.07455330342054367,0.029502244666218758,0.06889355927705765,0.001860305666923523,0.2117549479007721,0.5677398443222046
fear.318,0.02562268078327179,0.6450648903846741,0.05303538218140602,0.04431897774338722,0.009174525737762451,0.014376044273376465,0.12523341178894043,0.08317411690950394
fear.319,0.021547619253396988,0.5530251860618591,0.11692144721746445,0.020241450518369675,0.01742817834019661,0.11584747582674026,0.08497973531484604,0.07000885903835297
fear.32,0.017547916620969772,0.523531436920166,0.07760237902402878,0.004621426574885845,0.037354689091444016,0.004634174518287182,0.1181151494383812,0.21659278869628906
fear.320,0.04581306874752045,0.04153037071228027,0.023848598822951317,0.01966787315905094,0.04941472038626671,0.31663864850997925,0.27369967103004456,0.2293870598077774
fear.321,0.02149772457778454,0.8624585270881653,0.021478865295648575,0.009152699261903763,0.037866219878196716,0.0011073329951614141,0.00578887527808547,0.040649790316820145
fear.322,0.023049859330058098,0.023248450830578804,0.028834199532866478,0.0030365155544131994,0.016760192811489105,0.06849158555269241,0.7652547955513,0.07132446765899658
fear.323,0.010112103074789047,0.012651510536670685,0.021529745310544968,0.0016706767491996288,0.0035953919868916273,0.004514080937951803,0.5800414085388184,0.36588501930236816
fear.324,0.40936926007270813,0.1280958354473114,0.06655987352132797,0.008343569003045559,0.03282032534480095,0.1287306845188141,0.20528541505336761,0.02079503796994686
fear.325,0.03186258301138878,0.9042031168937683,0.003361464012414217,0.005017298739403486,0.015583645552396774,0.008319567888975143,0.028077326714992523,0.003574957838281989
fear.326,0.00394021300598979,0.006183954421430826,0.00579133490100503,0.008825461380183697,0.10692479461431503,0.004098707344383001,0.802395761013031,0.061839766800403595
fear.327,0.009110224433243275,0.06467240303754807,0.048733726143836975,0.003771938383579254,0.009628363884985447,0.0076836226508021355,0.43283531069755554,0.4235644042491913
fear.328,0.10556748509407043,0.10132180899381638,0.09947379678487778,0.043789342045784,0.1423179656267166,0.02858383022248745,0.23327800631523132,0.2456677407026291
fear.329,0.002007625065743923,0.0006121678161434829,0.0005965982563793659,0.010611633770167828,0.09083180129528046,0.01551755703985691,0.8643838167190552,0.015438844449818134
fear.33,0.009072297252714634,0.005775122903287411,0.0029728268273174763,0.02023119479417801,0.08436354249715805,0.0055017657577991486,0.85147625207901,0.020607003942131996
fear.330,0.00593907805159688,0.024453939869999886,0.003591570071876049,0.014613169245421886,0.8951143622398376,0.01470367144793272,0.038220856338739395,0.0033634526189416647
fear.34,0.015488055534660816,0.32292717695236206,0.00805307924747467,0.012789281085133553,0.3905234634876251,0.007773465942591429,0.1940162181854248,0.04842915013432503
fear.35,0.02267727628350258,0.016443178057670593,0.010051797144114971,0.0034680680837482214,0.005009952932596207,0.06592465937137604,0.3700049817562103,0.5064201354980469
fear.36,0.0017701301258057356,0.0022402633912861347,0.00559759046882391,0.0016653883503749967,0.21087215840816498,0.002501009963452816,0.07521265000104904,0.7001407742500305
fear.37,0.014223293401300907,0.014744466170668602,0.02948029339313507,0.005410051438957453,0.08428927510976791,0.018446188420057297,0.681134819984436,0.15227152407169342
fear.38,0.0020072453189641237,0.967822253704071,0.023846052587032318,0.0004268484772183001,0.0017303149215877056,0.00027662180946208537,0.001700610970146954,0.0021900427527725697
fear.39,0.029431842267513275,0.532200038433075,0.041413769125938416,0.002362610073760152,0.01657438464462757,0.002499812748283148,0.24959342181682587,0.12592419981956482
fear.4,0.02864627167582512,0.6678585410118103,0.14458127319812775,0.019335579127073288,0.03377232700586319,0.0025981373619288206,0.08349575102329254,0.019712064415216446
fear.40,0.15076442062854767,0.5036556720733643,0.02439037524163723,0.05040643364191055,0.07848817110061646,0.02020338363945484,0.15034516155719757,0.021746426820755005
fear.41,0.011034702882170677,0.03310541808605194,0.09336955100297928,0.05352049320936203,0.06969863176345825,0.0016498847398906946,0.5052175521850586,0.2324037253856659
fear.42,0.025232652202248573,0.006581820547580719,0.0029406121466308832,0.003228954505175352,0.9168243408203125,0.01867852732539177,0.02481343410909176,0.0016996873309835792
fear.43,0.014897368848323822,0.9635362029075623,0.008212880231440067,0.0006953137926757336,0.0036189991515129805,0.00013097294140607119,0.00584567803889513,0.003062661737203598
fear.44,0.07439098507165909,0.5419481992721558,0.04714222252368927,0.005129882600158453,0.03915504366159439,0.0060153440572321415,0.27105337381362915,0.015164932236075401
fear.45,0.6442496180534363,0.014717263169586658,0.02128797210752964,0.29971933364868164,0.006672414019703865,0.0012585616204887629,0.0070175849832594395,0.005077312234789133
fear.46,0.05283806845545769,0.9000706672668457,0.011550446972250938,0.001372698345221579,0.005020781885832548,0.0017804403323680162,0.0130841713398695,0.014282723888754845
fear.47,0.017716264352202415,0.8778204917907715,0.006321362219750881,0.003290393855422735,0.07032033056020737,0.0007082057418301702,0.013496294617652893,0.010326679795980453
fear.48,0.0032601519487798214,0.004947752226144075,0.004306798335164785,0.006143189035356045,0.024000249803066254,0.07452201098203659,0.8675108551979065,0.015308964066207409
fear.49,0.0076439883559942245,0.0033428429160267115,0.011327289044857025,0.0010835041757673025,0.008351562544703484,0.02975880354642868,0.7829135060310364,0.15557852387428284
fear.5,0.006479352246969938,0.0008191625238396227,0.0010621871333569288,0.004598801024258137,0.18770399689674377,0.004596760030835867,0.7890354990959167,0.005704130511730909
fear.50,0.13674409687519073,0.0403268076479435,0.23860225081443787,0.030580179765820503,0.019004691392183304,0.153991237282753,0.2479802668094635,0.13277047872543335
fear.51,0.0016757383709773421,0.0011363630183041096,0.002689499408006668,0.0006248158751986921,0.009628115221858025,0.008330420590937138,0.9203861355781555,0.055528875440359116
fear.52,0.15189988911151886,0.10925105959177017,0.09101717174053192,0.041959092020988464,0.17617511749267578,0.07934090495109558,0.23881874978542328,0.11153796315193176
fear.53,0.37741509079933167,0.05209966376423836,0.03189728781580925,0.050232525914907455,0.05519732087850571,0.049202241003513336,0.3665280342102051,0.01742791198194027
fear.54,0.003420585999265313,0.010111618787050247,0.011295403353869915,0.003082489361986518,0.0016366036143153906,0.0718945786356926,0.6339659094810486,0.2645929157733917
fear.55,0.008439342491328716,0.004525339230895042,0.021314147859811783,0.00029843891388736665,0.001183246378786862,0.009833332151174545,0.5160347819328308,0.43837133049964905
fear.56,0.0012306403368711472,0.00015556269499938935,0.00022129724675323814,0.0005041297990828753,0.012743663974106312,0.019429923966526985,0.9431891441345215,0.02252568118274212
fear.57,0.06536832451820374,0.11941546946763992,0.10616177320480347,0.01752789504826069,0.055556029081344604,0.11845355480909348,0.46182215213775635,0.05569466948509216
fear.58,0.09286945313215256,0.092270627617836,0.06918704509735107,0.02262056991457939,0.027096260339021683,0.34808051586151123,0.30184218287467957,0.04603332653641701
fear.59,4.607895971275866e-05,0.00025293591897934675,0.0001330687664449215,0.0001902034564409405,0.0005443444824777544,0.00153232307638973,0.8833271265029907,0.11397390067577362
fear.6,0.007023863960057497,0.00759765412658453,0.020630551502108574,0.016347818076610565,0.09600713849067688,0.3435559868812561,0.2149728536605835,0.2938641309738159
fear.60,0.004336502403020859,0.2115851640701294,0.015828214585781097,0.00475524365901947,0.006473878398537636,0.004016518592834473,0.017712047323584557,0.7352924346923828
fear.61,0.0018038528505712748,0.0035828440450131893,0.0022336426191031933,0.0019966287072747946,0.006821895949542522,0.43295276165008545,0.5484611988067627,0.0021471523214131594
fear.62,0.02404068037867546,0.0076799471862614155,0.015088268555700779,0.016384566202759743,0.009330077096819878,0.2207803577184677,0.5582873225212097,0.14840875566005707
fear.63,0.004532143007963896,0.003347216872498393,0.004364147316664457,0.0005414372426457703,0.12131009995937347,0.04444114863872528,0.7581682801246643,0.06329558044672012
fear.64,0.008034177124500275,0.16774356365203857,0.005735572427511215,0.004965172614902258,0.7488684058189392,0.01164359599351883,0.010011241771280766,0.04299827665090561
fear.65,0.05255458131432533,0.15902310609817505,0.6370567679405212,0.02141178771853447,0.016360482200980186,0.008170326240360737,0.05964605137705803,0.04577690735459328
fear.66,0.009449698030948639,0.007471855264157057,0.00849951058626175,0.005225172732025385,0.013421152718365192,0.29760685563087463,0.653652012348175,0.004673754796385765
fear.67,0.004436430521309376,0.00799302663654089,0.003531427588313818,0.007671630010008812,0.019672930240631104,0.2871655821800232,0.6621243953704834,0.0074046216905117035
fear.68,0.10381363332271576,0.08863823115825653,0.0547768659889698,0.03588038682937622,0.07265351712703705,0.07390113174915314,0.4677902162075043,0.10254605859518051
fear.69,0.5097333192825317,0.03022824600338936,0.08543141931295395,0.03295877203345299,0.008830302394926548,0.27430999279022217,0.03988158702850342,0.01862642914056778
fear.7,0.0009215817553922534,0.00038990104803815484,0.001093020779080689,0.00037032278487458825,0.003025529207661748,0.0023049137089401484,0.7166917324066162,0.27520304918289185
fear.70,0.017511118203401566,0.03218981996178627,0.037714455276727676,0.009706024080514908,0.017947055399417877,0.5449568033218384,0.3370208740234375,0.002953865798190236
fear.71,0.055161308497190475,0.04301225394010544,0.011596279218792915,0.0014446170534938574,0.003967977594584227,0.015554766170680523,0.801106870174408,0.0681559145450592
fear.72,0.006864301860332489,0.007281935773789883,0.004001596476882696,0.004009798169136047,0.0050470284186303616,0.6395618915557861,0.33115389943122864,0.0020795627497136593
fear.73,0.02313016727566719,0.004560825414955616,0.0059280842542648315,0.006114570889621973,0.03025468811392784,0.03374803811311722,0.8889486193656921,0.007314949296414852
fear.74,0.0008140613208524883,0.0008571383659727871,0.0003126212686765939,0.0005127499462105334,0.022672906517982483,0.001593644148670137,0.967596173286438,0.005640741437673569
fear.75,0.2597801685333252,0.36367812752723694,0.11858351528644562,0.007561962585896254,0.012442520819604397,0.1077733114361763,0.07490447163581848,0.05527589097619057
fear.76,0.02441977895796299,0.029736988246440887,0.01713605597615242,0.004812421277165413,0.0850348174571991,0.07726643979549408,0.7186245918273926,0.04296894744038582
fear.77,0.0904998853802681,0.016507241874933243,0.012115315534174442,0.020175842568278313,0.01854163035750389,0.0041608549654483795,0.8242800235748291,0.013719173148274422
fear.78,0.01221153512597084,0.01906019262969494,0.010897302068769932,0.00936873722821474,0.054662059992551804,0.05745271220803261,0.6298723816871643,0.20647504925727844
fear.79,0.08158227801322937,0.04209965467453003,0.2564886212348938,0.0022198136430233717,0.008683959022164345,0.013206402771174908,0.37996065616607666,0.21575862169265747
fear.8,0.006282140500843525,0.0016018861206248403,0.005295559298247099,0.005921199452131987,0.004612382501363754,0.8613458871841431,0.11207319051027298,0.0028677675873041153
fear.80,0.007145268376916647,0.010302633047103882,0.009012224152684212,0.0020502787083387375,0.045758992433547974,0.017337331548333168,0.8449262976646423,0.06346701085567474
fear.81,0.05071597173810005,0.23590265214443207,0.026310089975595474,0.0135490158572793,0.03573880344629288,0.009391195140779018,0.061464596539735794,0.5669276118278503
fear.82,0.01465365570038557,0.6634484529495239,0.06941146403551102,0.00780473230406642,0.023237040266394615,0.001504387240856886,0.17991408705711365,0.04002617299556732
fear.83,0.0007718147826381028,0.0017470684833824635,0.0008635972626507282,0.001563453464768827,0.009882517158985138,0.002477280329912901,0.7714112401008606,0.21128302812576294
fear.84,0.03583039715886116,0.014566922560334206,0.018607892096042633,0.002790044993162155,0.02112308144569397,0.028582453727722168,0.8411221504211426,0.037377018481492996
fear.85,0.0014142119325697422,0.0014801871730014682,0.002149144886061549,0.00019659035024233162,0.05164479464292526,0.005328737199306488,0.8999910950660706,0.037795182317495346
fear.86,0.022139566019177437,0.22122827172279358,0.009027136489748955,0.006349564995616674,0.011645661666989326,0.006756524555385113,0.49081364274024963,0.23203957080841064
fear.87,0.021640673279762268,0.4226367771625519,0.006325694266706705,0.004112841095775366,0.013162543997168541,0.011045023798942566,0.3445778787136078,0.17649851739406586
fear.88,0.08420272916555405,0.4758482575416565,0.06806634366512299,0.003045477671548724,0.07080833613872528,0.0034781359136104584,0.2732723355293274,0.021278399974107742
fear.89,0.3001536726951599,0.5775036811828613,0.08273034542798996,0.0033872395288199186,0.013727206736803055,0.0014550299383699894,0.011776524595916271,0.009266297332942486
fear.9,0.008367580361664295,0.023876609280705452,0.009408044628798962,0.006245676893740892,0.005007788073271513,0.5372398495674133,0.4055178463459015,0.004336554557085037
fear.90,0.0131954625248909,0.02909608744084835,0.05977302044630051,0.02952471189200878,0.10848736763000488,0.023679090663790703,0.2279418706893921,0.5083023309707642
fear.91,0.02424422651529312,0.010285483673214912,0.0020316189620643854,0.005389623809605837,0.038861677050590515,0.02152870036661625,0.8737547397613525,0.02390398271381855
fear.92,0.0012380919652059674,0.0026752897538244724,0.0017473786137998104,0.001667530508711934,0.1411322057247162,0.008695635013282299,0.6164191365242004,0.22642479836940765
fear.93,0.0077373431995511055,0.011460872367024422,0.01179928332567215,0.014423671178519726,0.023038841784000397,0.08421561866998672,0.8276572227478027,0.019667141139507294
fear.94,0.018539395183324814,0.04047241061925888,0.007897263392806053,0.07767751812934875,0.026545727625489235,0.001475745695643127,0.5628160834312439,0.26457592844963074
fear.95,0.005498291924595833,0.027656609192490578,0.0035785268992185593,0.002683364087715745,0.016267497092485428,0.009692718274891376,0.840601921081543,0.09402109682559967
fear.96,0.0650096982717514,0.08025912195444107,0.021569306030869484,0.07844128459692001,0.022862322628498077,0.08623457700014114,0.6401315331459045,0.005492208991199732
fear.97,0.1886022686958313,0.03577270358800888,0.03243403136730194,0.12283289432525635,0.06113390624523163,0.02023630402982235,0.493592232465744,0.045395661145448685
fear.98,0.5944282412528992,0.02434419095516205,0.06206652522087097,0.031390510499477386,0.014246555976569653,0.1299818754196167,0.07695981860160828,0.06658237427473068
fear.99,0.007164866663515568,0.7149089574813843,0.10281222313642502,0.006482378579676151,0.006532696541398764,0.00429839501157403,0.017002694308757782,0.14079777896404266
joy.154,0.2626115381717682,0.027405450120568275,0.1268920600414276,0.019988233223557472,0.020088372752070427,0.12924696505069733,0.27902647852897644,0.1347409188747406
joy.1,0.2689775228500366,0.3029422163963318,0.33128729462623596,0.012643708847463131,0.00920954067260027,0.005679996684193611,0.013985042460262775,0.05527471378445625
joy.155,0.04248867928981781,0.5866628885269165,0.07520876824855804,0.014018598012626171,0.026754649356007576,0.03470904380083084,0.18740758299827576,0.032749734818935394
joy.10,0.3320915699005127,0.057046256959438324,0.045806340873241425,0.07143182307481766,0.045398592948913574,0.051634661853313446,0.15399636328220367,0.2425943911075592
joy.156,0.15285935997962952,0.23434419929981232,0.0750991627573967,0.027643339708447456,0.05712511017918587,0.010344920679926872,0.2358785718679428,0.20670536160469055
joy.100,0.34985414147377014,0.20872874557971954,0.3944995403289795,0.012162054888904095,0.009540476836264133,0.0058106775395572186,0.004865767899900675,0.014538642019033432
joy.157,0.06470116972923279,0.5931223630905151,0.272458016872406,0.008632142096757889,0.005020812153816223,0.01324919331818819,0.028491893783211708,0.01432446762919426
joy.101,0.18188676238059998,0.3741348683834076,0.34210437536239624,0.009815347380936146,0.006799918599426746,0.009683479554951191,0.012250872328877449,0.06332442909479141
joy.159,0.1303327977657318,0.2545548677444458,0.34830209612846375,0.005895575974136591,0.019509730860590935,0.058697499334812164,0.050445228815078735,0.1322622299194336
joy.102,0.13243511319160461,0.46846988797187805,0.17785616219043732,0.17073772847652435,0.002490982646122575,0.005194105673581362,0.023666244000196457,0.019149769097566605
joy.158,0.5574270486831665,0.1981397569179535,0.19102737307548523,0.01664719171822071,0.003390820696949959,0.01165576372295618,0.011747688055038452,0.009964327327907085
joy.103,0.11710909754037857,0.05758580192923546,0.3382343649864197,0.03000359795987606,0.011378449387848377,0.005993865896016359,0.030215833336114883,0.4094790816307068
joy.16,0.038077812641859055,0.1574609875679016,0.16432613134384155,0.015412810258567333,0.030258459970355034,0.03562702238559723,0.47539180517196655,0.08344496041536331
joy.104,0.40755292773246765,0.015941694378852844,0.05536225065588951,0.021137014031410217,0.014257916249334812,0.36687415838241577,0.11186185479164124,0.0070121376775205135
joy.160,0.33806145191192627,0.27540314197540283,0.23818233609199524,0.01773112639784813,0.008076452650129795,0.00554859172552824,0.05359713360667229,0.06339974701404572
joy.105,0.018223820254206657,0.8901894688606262,0.05444331094622612,0.009685633704066277,0.006530531216412783,0.008180063217878342,0.00396009674295783,0.008786989375948906
joy.170,0.07600505650043488,0.3847026526927948,0.3212659955024719,0.011249992065131664,0.012671285308897495,0.11894260346889496,0.044043201953172684,0.03111926279962063
joy.106,0.16180400550365448,0.07593945413827896,0.3071522116661072,0.0073067788034677505,0.0036573733668774366,0.3003136217594147,0.10696927458047867,0.03685733303427696
joy.171,0.17621777951717377,0.20670092105865479,0.338116317987442,0.10015346854925156,0.011345547623932362,0.022835304960608482,0.027537615969777107,0.1170930489897728
joy.107,0.30828917026519775,0.11188715696334839,0.4994431436061859,0.029306713491678238,0.008752760477364063,0.029624514281749725,0.0040242490358650684,0.008672306314110756
joy.172,0.06441064178943634,0.26348185539245605,0.6332657933235168,0.005190206225961447,0.007811201736330986,0.007227851077914238,0.010399963706731796,0.008212440647184849
joy.108,0.33021628856658936,0.07869593054056168,0.38544872403144836,0.02589442767202854,0.008212756365537643,0.013769304379820824,0.034024037420749664,0.12373846024274826
joy.173,0.057075418531894684,0.4624696671962738,0.43707096576690674,0.011174784041941166,0.013633324764668941,0.0028803502209484577,0.007488279603421688,0.008207197301089764
joy.109,0.011304102838039398,0.7802297472953796,0.08935240656137466,0.056470975279808044,0.004642420914024115,0.004456249997019768,0.03375254571437836,0.019791563972830772
joy.174,0.23226681351661682,0.22572775185108185,0.4681323170661926,0.006699842866510153,0.015339958481490612,0.020397065207362175,0.017207061871886253,0.01422911323606968
joy.11,0.009999924339354038,0.015466694720089436,0.01842631958425045,0.005068251863121986,0.014587401412427425,0.04358091950416565,0.40972280502319336,0.48314762115478516
joy.175,0.6706816554069519,0.028998788446187973,0.2084110975265503,0.004840443376451731,0.004702417179942131,0.009831042028963566,0.025522597134113312,0.047011930495500565
joy.110,0.03748767822980881,0.0992816686630249,0.23474864661693573,0.4067392349243164,0.04342414438724518,0.021028771996498108,0.1325322836637497,0.02475757524371147
joy.176,0.005789030808955431,0.8971940279006958,0.009113957174122334,0.001717026811093092,0.05567970499396324,0.0004101501835975796,0.007652619853615761,0.02244342491030693
joy.111,0.2923184633255005,0.07278385758399963,0.5999415516853333,0.0063262926414608955,0.000998663599602878,0.0032314022537320852,0.004056144971400499,0.020343653857707977
joy.177,0.29156923294067383,0.2511958181858063,0.44804617762565613,0.0014880015514791012,0.0015425356104969978,0.0013162096729502082,0.0011432849569246173,0.003698799991980195
joy.112,0.1082073375582695,0.04921327158808708,0.17660309374332428,0.017718618735671043,0.02183173969388008,0.029591109603643417,0.22562217712402344,0.3712126612663269
joy.178,0.01704077608883381,0.07026553899049759,0.12958002090454102,0.02467983588576317,0.16024558246135712,0.004599579144269228,0.23565547168254852,0.3579331934452057
joy.113,0.026295045390725136,0.03301781788468361,0.04791630059480667,0.17515425384044647,0.042338721454143524,0.005931588355451822,0.05363943427801132,0.6157068610191345
joy.179,0.21606361865997314,0.11628666520118713,0.5965148210525513,0.005208904389292002,0.005666671320796013,0.024694640189409256,0.006816071458160877,0.028748715296387672
joy.114,0.011450896970927715,0.18978901207447052,0.270279198884964,0.34318825602531433,0.033246904611587524,0.00643997173756361,0.025504862889647484,0.12010098248720169
joy.18,0.7501846551895142,0.044761259108781815,0.016671322286128998,0.0027901234570890665,0.006125742569565773,0.04463878273963928,0.12295243889093399,0.011875786818563938
joy.115,0.01239655539393425,0.1599780023097992,0.5017120838165283,0.10170521587133408,0.030964238569140434,0.0005160773289389908,0.04648611322045326,0.14624179899692535
joy.180,0.39443814754486084,0.09193040430545807,0.42620500922203064,0.0025466359220445156,0.00411946652457118,0.004990048240870237,0.04643392562866211,0.029336370527744293
joy.116,0.6703826189041138,0.006808294914662838,0.05088168755173683,0.07933326810598373,0.005734764039516449,0.10483218729496002,0.07484285533428192,0.007184333633631468
joy.181,0.08667450398206711,0.22803115844726562,0.5677801966667175,0.010657836683094501,0.004782590549439192,0.005591860506683588,0.019161149859428406,0.07732080668210983
joy.117,0.26863861083984375,0.06880923360586166,0.5997989177703857,0.0019791191443800926,0.005645041819661856,0.0029605701565742493,0.006484670098870993,0.04568374902009964
joy.182,0.9210055470466614,0.0064842309802770615,0.006614397745579481,0.04114260897040367,0.0031516458839178085,0.004453878849744797,0.015654316172003746,0.0014934068312868476
joy.118,0.17452239990234375,0.4374624192714691,0.23666146397590637,0.0061225127428770065,0.00318607478402555,0.010083469562232494,0.046853430569171906,0.08510816842317581
joy.183,0.1858515590429306,0.01720607653260231,0.03991350531578064,0.022388314828276634,0.04932238161563873,0.055467721074819565,0.5684507489204407,0.06139964982867241
joy.119,0.020134544000029564,0.12159060686826706,0.812343180179596,0.01649494096636772,0.0036552005913108587,0.001085613272152841,0.0007829811074770987,0.023913059383630753
joy.184,0.4372194707393646,0.04265175759792328,0.024724842980504036,0.045789580792188644,0.003726321505382657,0.04154741391539574,0.2070593684911728,0.19728133082389832
joy.12,0.05862126499414444,0.05072780326008797,0.027626626193523407,0.004536551423370838,0.005677653476595879,0.7114357948303223,0.12204552441835403,0.019328806549310684
joy.185,0.8984086513519287,0.006511107552796602,0.0031977766193449497,0.05510428547859192,0.0009092072723433375,0.007468396797776222,0.02602202445268631,0.0023785873781889677
joy.120,0.2347155660390854,0.511893093585968,0.20043610036373138,0.006515153218060732,0.00784397218376398,0.02323768474161625,0.008213520050048828,0.00714489258825779
joy.186,0.10480834543704987,0.04456329345703125,0.01720677874982357,0.7615251541137695,0.02906411699950695,0.0017461773240938783,0.03740023076534271,0.0036858536768704653
joy.121,0.33090940117836,0.23323948681354523,0.3797870874404907,0.022786062210798264,0.00401181960478425,0.0047368984669446945,0.006349269766360521,0.018179986625909805
joy.187,0.22628580033779144,0.35715189576148987,0.34686654806137085,0.013288518413901329,0.009748397395014763,0.02680145390331745,0.005626004654914141,0.014231395907700062
joy.122,0.2880181670188904,0.33599138259887695,0.3412271738052368,0.0033310512080788612,0.003659195965155959,0.003402889473363757,0.005988014861941338,0.018382124602794647
joy.188,0.7190128564834595,0.11762732267379761,0.024842394515872,0.004797356203198433,0.0019339219434186816,0.074213907122612,0.04028277099132538,0.017289401963353157
joy.123,0.03950997442007065,0.2194640189409256,0.667591392993927,0.042839352041482925,0.004586411640048027,0.004937042016535997,0.008365868590772152,0.012705966830253601
joy.189,0.8893575668334961,0.0197078175842762,0.020164012908935547,0.004597162827849388,0.002050063805654645,0.012023519724607468,0.04725036397576332,0.004849412478506565
joy.124,0.0015291915042325854,0.9520400762557983,0.025727594271302223,0.01741505227982998,0.0007116774213500321,0.0005473276833072305,0.0008307654061354697,0.0011982021387666464
joy.19,0.9381685853004456,0.015666017308831215,0.002481798641383648,0.03214726224541664,0.0029035720508545637,0.00212304200977087,0.002438363851979375,0.004071432631462812
joy.125,0.02639629691839218,0.10403848439455032,0.7606435418128967,0.10188494622707367,0.0005209356895647943,0.00044953334145247936,0.0010008234530687332,0.00506549933925271
joy.190,0.24162054061889648,0.3949873149394989,0.3249017298221588,0.0022325192112475634,0.0030133044347167015,0.00501096248626709,0.014661187306046486,0.013572433032095432
joy.126,0.13629235327243805,0.06895747780799866,0.30591365694999695,0.10152916610240936,0.011803526431322098,0.054826244711875916,0.07214824855327606,0.24852930009365082
joy.191,0.8325971961021423,0.052288591861724854,0.04286041110754013,0.023194139823317528,0.0016162735410034657,0.004049705807119608,0.009080037474632263,0.03431367129087448
joy.127,0.2966492176055908,0.4280582666397095,0.21700292825698853,0.008734790608286858,0.008263397961854935,0.014932374469935894,0.01071753166615963,0.015641599893569946
joy.192,0.3974439799785614,0.11803235858678818,0.42266845703125,0.008154905401170254,0.004784352611750364,0.012055754661560059,0.019393086433410645,0.017467031255364418
joy.128,0.12980632483959198,0.1753777116537094,0.5517648458480835,0.008877369575202465,0.0017284057103097439,0.003348135855048895,0.0037932712584733963,0.1253039389848709
joy.193,0.5523067116737366,0.04020393639802933,0.1563856601715088,0.015047542750835419,0.007397978566586971,0.2086361050605774,0.01297496072947979,0.007047089748084545
joy.129,0.6399309039115906,0.01098630577325821,0.14548087120056152,0.04348750412464142,0.030219577252864838,0.007254541851580143,0.07857903838157654,0.04406123608350754
joy.194,0.3042394518852234,0.028196725994348526,0.02452303282916546,0.011013653129339218,0.15487603843212128,0.10834301263093948,0.29788944125175476,0.07091856747865677
joy.13,0.02128901518881321,0.054726455360651016,0.18041746318340302,0.7356714010238647,0.0017070689937099814,0.0004877731262240559,0.0015811915509402752,0.0041196211241185665
joy.195,0.04294387623667717,0.028830068185925484,0.03804616630077362,0.011788945645093918,0.013258125633001328,0.8048580288887024,0.04308414086699486,0.017190640792250633
joy.130,0.8387815952301025,0.018515678122639656,0.024118131026625633,0.010457128286361694,0.0055056605488061905,0.02016337215900421,0.0675123780965805,0.014945962466299534
joy.196,0.830491840839386,0.0326518714427948,0.03308991342782974,0.009700395166873932,0.014763080514967442,0.004663233179599047,0.04759662225842476,0.027043065056204796
joy.131,0.29134994745254517,0.2162265181541443,0.4071388840675354,0.019122879952192307,0.010875342413783073,0.007620691787451506,0.004367150366306305,0.043298590928316116
joy.197,0.33265694975852966,0.06551648676395416,0.021357934921979904,0.0880829468369484,0.05606675520539284,0.05883767455816269,0.25365209579467773,0.12382914870977402
joy.132,0.02497323788702488,0.4763329327106476,0.09697464853525162,0.3272837996482849,0.038703955709934235,0.015175568871200085,0.015636395663022995,0.004919480532407761
joy.198,0.03345146402716637,0.29917681217193604,0.4004189968109131,0.011991903185844421,0.010757558979094028,0.016309306025505066,0.012875996530056,0.2150179147720337
joy.133,0.04269383102655411,0.03588894382119179,0.24067269265651703,0.032081931829452515,0.025841698050498962,0.008243805728852749,0.08550525456666946,0.5290718078613281
joy.199,0.06999644637107849,0.7912099957466125,0.07042989879846573,0.001942773931659758,0.009687600657343864,0.007151470519602299,0.03552824258804321,0.014053577557206154
joy.134,0.3114868700504303,0.36607104539871216,0.22942233085632324,0.023853903636336327,0.035723976790905,0.00305851805023849,0.01605580560863018,0.014327517710626125
joy.2,0.20753611624240875,0.3567914366722107,0.3695528507232666,0.0034868773072957993,0.0026018901262432337,0.010886094532907009,0.006038989406079054,0.04310576245188713
joy.135,0.2105254977941513,0.16231390833854675,0.5828474164009094,0.007104530464857817,0.008791287429630756,0.005062456242740154,0.00625107204541564,0.017103880643844604
joy.20,0.16611893475055695,0.1868942677974701,0.570660412311554,0.009731016121804714,0.009619150310754776,0.021755261346697807,0.0055769626051187515,0.029644008725881577
joy.136,0.025379471480846405,0.32935452461242676,0.14363619685173035,0.467343807220459,0.010677210986614227,0.0006526405923068523,0.0173646230250597,0.005591546185314655
joy.200,0.03197644650936127,0.8079655766487122,0.0533602200448513,0.0028684325516223907,0.005095886532217264,0.0035763096529990435,0.05771173909306526,0.03744534030556679
joy.137,0.9452856779098511,0.010995055548846722,0.01741933263838291,0.023571284487843513,0.0006405840395018458,0.0010962169617414474,0.0003165898087900132,0.0006752730114385486
joy.201,0.9061136245727539,0.009961861185729504,0.04364781826734543,0.0028236848302185535,0.0021859861444681883,0.004517626017332077,0.009730269201099873,0.02101909928023815
joy.138,0.20964843034744263,0.07352003455162048,0.6639483571052551,0.0023710590321570635,0.002514513209462166,0.00410453462973237,0.006028147879987955,0.03786483779549599
joy.202,0.06082535162568092,0.012846940197050571,0.12200416624546051,0.05508662387728691,0.042255837470293045,0.0918225571513176,0.30949002504348755,0.3056684732437134
joy.139,0.035918835550546646,0.14878423511981964,0.675143301486969,0.03063984401524067,0.038811568170785904,0.021155094727873802,0.009860990568995476,0.03968619927763939
joy.203,0.12797151505947113,0.22803138196468353,0.5980553030967712,0.001206937711685896,0.0034181419759988785,0.007951720617711544,0.005238312762230635,0.02812664583325386
joy.14,0.012349462136626244,0.10548153519630432,0.013003449887037277,0.003420767839998007,0.017222130671143532,0.2638702988624573,0.5391036868095398,0.045548710972070694
joy.204,0.0024015740491449833,0.9626018404960632,0.004047461785376072,0.002875094534829259,0.003348440397530794,0.011478623375296593,0.010608227923512459,0.002638665959239006
joy.140,0.18941736221313477,0.4256587326526642,0.34813520312309265,0.0036595140118151903,0.004270989913493395,0.01654704660177231,0.0069468361325562,0.005364285781979561
joy.205,0.0887925922870636,0.019001832231879234,0.7142246961593628,0.025212587788701057,0.005628021899610758,0.007480321917682886,0.009579903446137905,0.13008011877536774
joy.141,0.18881267309188843,0.08420687168836594,0.6307592988014221,0.012060360051691532,0.009250517934560776,0.009034640155732632,0.013596496544778347,0.052279092371463776
joy.206,0.04876173287630081,0.26159265637397766,0.5276975631713867,0.05398935079574585,0.047354623675346375,0.016245301812887192,0.025176409631967545,0.01918231137096882
joy.142,0.17910009622573853,0.09207330644130707,0.4887618124485016,0.004248467274010181,0.00929820816963911,0.0966428816318512,0.07694783061742783,0.052927415817976
joy.207,0.10247372090816498,0.010390220209956169,0.03605632111430168,0.061820682138204575,0.17057767510414124,0.08970141410827637,0.3392500579357147,0.18972979485988617
joy.143,0.2510222792625427,0.4392012059688568,0.2503206729888916,0.006684690248221159,0.004464751109480858,0.010247918777167797,0.013491323217749596,0.024567194283008575
joy.208,0.7645103931427002,0.007067868020385504,0.012351775541901588,0.21145008504390717,0.00098444486502558,0.000836414285004139,0.0008721827762201428,0.0019267980242148042
joy.144,0.7878499627113342,0.01685735210776329,0.014089302159845829,0.14799609780311584,0.012384521774947643,0.0016222347039729357,0.01602868176996708,0.003171873977407813
joy.209,0.2302529662847519,0.006893871817737818,0.4404073655605316,0.059915691614151,0.08403188735246658,0.040962859988212585,0.04888860136270523,0.0886467918753624
joy.145,0.023686334490776062,0.4033268988132477,0.13697171211242676,0.005876048933714628,0.004048940725624561,0.010572375729680061,0.041338495910167694,0.37417924404144287
joy.21,0.054756440222263336,0.49371448159217834,0.21721825003623962,0.006310209631919861,0.013727415353059769,0.0018482450395822525,0.0901423841714859,0.12228258699178696
joy.146,0.4359837770462036,0.04188613221049309,0.15096436440944672,0.14439363777637482,0.009382905438542366,0.1752278059720993,0.02764609456062317,0.014515283517539501
joy.210,0.23810578882694244,0.32787275314331055,0.423151433467865,0.0026399099733680487,0.0022931864950805902,0.0011896577198058367,0.001636612694710493,0.0031106702517718077
joy.147,0.0706448182463646,0.17357037961483002,0.1130991205573082,0.3983021676540375,0.03824770823121071,0.0029344153590500355,0.1714143455028534,0.03178700432181358
joy.211,0.10754358023405075,0.5816267132759094,0.20892292261123657,0.01744173839688301,0.0042200456373393536,0.028336720541119576,0.021170521154999733,0.030737724155187607
joy.148,0.05066327750682831,0.8179582953453064,0.09614865481853485,0.008405422791838646,0.014572924934327602,0.0049048904329538345,0.0040646824054419994,0.0032819597981870174
joy.212,0.12994235754013062,0.11457585543394089,0.23737391829490662,0.24327726662158966,0.015067814849317074,0.05318727344274521,0.061104003340005875,0.14547154307365417
joy.149,0.00885840691626072,0.3166724145412445,0.123838871717453,0.5323866605758667,0.003612408647313714,0.0019020304316654801,0.005773529410362244,0.0069557130336761475
joy.213,0.0047250771895051,0.04235798493027687,0.0021974779665470123,0.004134812392294407,0.8811205625534058,0.00538953160867095,0.049210794270038605,0.010863682255148888
joy.15,0.23601074516773224,0.15263685584068298,0.5326360464096069,0.004076595418155193,0.02133103832602501,0.007631652522832155,0.007558323442935944,0.038118697702884674
joy.214,0.2079477608203888,0.1018419936299324,0.22238929569721222,0.10386767983436584,0.06373641639947891,0.09603126347064972,0.044504739344120026,0.1596807837486267
joy.150,0.3436799943447113,0.4130907654762268,0.20453110337257385,0.0054010869935154915,0.004229085054248571,0.0009259166545234621,0.0037815910764038563,0.024360416457057
joy.215,0.9218984246253967,0.011175872758030891,0.012726862914860249,0.01764313131570816,0.006278987508267164,0.004625135101377964,0.005494941025972366,0.020156752318143845
joy.151,0.06812673062086105,0.22094084322452545,0.3704114854335785,0.003334776498377323,0.010518254712224007,0.0031055978033691645,0.1053837463259697,0.2181786149740219
joy.216,0.6696632504463196,0.17927005887031555,0.13850782811641693,0.0024589619133621454,0.0005587612395174801,0.002442240482196212,0.0032228780910372734,0.0038759575691074133
joy.152,0.028987735509872437,0.6446890830993652,0.13890327513217926,0.11148272454738617,0.02160252444446087,0.0010692658834159374,0.028522487729787827,0.02474294602870941
joy.217,0.1626044064760208,0.12562872469425201,0.6966992616653442,0.0024707422126084566,0.007668458390980959,0.0002975901879835874,0.0014444267144426703,0.0031863648910075426
joy.153,0.09388250857591629,0.19317567348480225,0.4799196124076843,0.025447800755500793,0.023440202698111534,0.016079286113381386,0.051136188209056854,0.11691871285438538
joy.161,0.05276111885905266,0.19095751643180847,0.19501197338104248,0.3503502905368805,0.011573299765586853,0.025752896443009377,0.1049460843205452,0.06864684075117111
joy.218,0.19244444370269775,0.18618105351924896,0.4915144443511963,0.0038978448137640953,0.0012134283315390348,0.001403859700076282,0.00797859113663435,0.11536625027656555
joy.162,0.007051583845168352,0.007100711576640606,0.6496744155883789,0.006912210024893284,0.1467115581035614,0.003163931192830205,0.025968201458454132,0.15341736376285553
joy.219,0.15843145549297333,0.17596863210201263,0.50820392370224,0.039395611733198166,0.030184419825673103,0.011259018443524837,0.01747586391866207,0.059081148356199265
joy.163,0.014902830123901367,0.07830818742513657,0.008328897878527641,0.8408392071723938,0.015164007432758808,0.0009478955180384219,0.040029752999544144,0.001479133265092969
joy.22,0.5559569597244263,0.051308244466781616,0.07709819823503494,0.007137293927371502,0.006099930498749018,0.03482380881905556,0.08539169281721115,0.18218384683132172
joy.164,0.01241682656109333,0.7157533764839172,0.18942375481128693,0.014955207705497742,0.007156932260841131,0.00960426777601242,0.02132018469274044,0.029369430616497993
joy.220,0.24397864937782288,0.020164666697382927,0.03740211948752403,0.020859533920884132,0.01354831364005804,0.02691885270178318,0.32363173365592957,0.3134961426258087
joy.165,0.15537242591381073,0.05597454681992531,0.23920045793056488,0.0792064443230629,0.08476123958826065,0.05293794721364975,0.056014977395534515,0.2765319347381592
joy.221,0.8279105424880981,0.003961477428674698,0.0013197868829593062,0.16394639015197754,0.0010331559460610151,0.0006744824349880219,0.0005669351085089147,0.0005872934125363827
joy.166,0.14254839718341827,0.5159826278686523,0.2678363621234894,0.02355995960533619,0.002089887158945203,0.014882728457450867,0.025868261232972145,0.007231729570776224
joy.222,0.09416188299655914,0.12110290676355362,0.41718176007270813,0.013499059714376926,0.01806003414094448,0.19902710616588593,0.0625869631767273,0.0743803009390831
joy.167,0.34036362171173096,0.15135303139686584,0.46942079067230225,0.005251071881502867,0.012512626126408577,0.0041518486104905605,0.00703477393835783,0.009912228211760521
joy.223,0.2065742015838623,0.031463634222745895,0.7048225402832031,0.002483528107404709,0.0007794381817802787,0.0073115029372274876,0.014987611211836338,0.03157755732536316
joy.168,0.3872915506362915,0.2520182430744171,0.33597320318222046,0.003879465628415346,0.0033763579558581114,0.000994353904388845,0.0026388128753751516,0.013828015886247158
joy.224,0.04255906492471695,0.7346287369728088,0.16974304616451263,0.017880646511912346,0.018029112368822098,0.005323909223079681,0.0031554067973047495,0.008680022321641445
joy.169,0.28485649824142456,0.3498448133468628,0.31437674164772034,0.006755408830940723,0.005461044143885374,0.01511053554713726,0.01268384326249361,0.010911156423389912
joy.225,0.003277622861787677,0.9752247333526611,0.008179164491593838,0.0012961419997736812,0.004503612406551838,0.00027283845702186227,0.003461636835709214,0.0037842588499188423
joy.17,0.009565652348101139,0.8475276231765747,0.08252035081386566,0.009450661018490791,0.007212642580270767,0.01140390895307064,0.018214203417301178,0.014104964211583138
joy.226,0.005139767657965422,0.9559269547462463,0.02477038837969303,0.00037027185317128897,0.006746487691998482,0.0003430788347031921,0.004767468199133873,0.0019355507101863623
joy.227,0.020446652546525,0.01851106435060501,0.009184065274894238,0.12766657769680023,0.14489448070526123,0.0177747905254364,0.5978363156318665,0.06368612498044968
joy.228,0.3286568820476532,0.03605179861187935,0.6263746619224548,0.0018512543756514788,0.00021996656141709536,0.0007515494944527745,0.002390543231740594,0.0037033369299024343
joy.229,0.6649622917175293,0.03676001355051994,0.04960586130619049,0.188174769282341,0.012357986532151699,0.03071502596139908,0.002237549051642418,0.015186537988483906
joy.23,0.5961262583732605,0.0636608675122261,0.12510554492473602,0.023774513974785805,0.018869778141379356,0.05145570635795593,0.028756093233823776,0.09225127846002579
joy.230,0.8115297555923462,0.05419172719120979,0.11372921615839005,0.008379586040973663,0.0019036896992474794,0.0045468672178685665,0.0032136517111212015,0.002505479846149683
joy.231,0.035874634981155396,0.008199598640203476,0.005817572586238384,0.20839212834835052,0.21776773035526276,0.0071112411096692085,0.3139466941356659,0.20289047062397003
joy.232,0.27719876170158386,0.06290098279714584,0.6073783040046692,0.003346245037391782,0.0016636245418339968,0.015662124380469322,0.023269692435860634,0.008580257184803486
joy.233,0.2318662405014038,0.037040695548057556,0.055034805089235306,0.041747670620679855,0.012670489028096199,0.011077928356826305,0.2594291567802429,0.35113298892974854
joy.234,0.27515241503715515,0.12926016747951508,0.5394759774208069,0.005855838768184185,0.009862362407147884,0.017279906198382378,0.012892109341919422,0.010221187025308609
joy.235,0.16279111802577972,0.37936654686927795,0.416072815656662,0.0012523169862106442,0.004350739531219006,0.002896305173635483,0.01960286870598793,0.013667276129126549
joy.236,0.4269144535064697,0.15108148753643036,0.20679041743278503,0.06304759532213211,0.013064739294350147,0.021205857396125793,0.05981909856200218,0.05807630345225334
joy.237,0.19969876110553741,0.04091900587081909,0.3041832149028778,0.06014715135097504,0.021437209099531174,0.1327391117811203,0.04383162036538124,0.19704392552375793
joy.238,0.17378070950508118,0.06935954093933105,0.05289136990904808,0.028863728046417236,0.01821966841816902,0.6007544994354248,0.024502752348780632,0.03162764757871628
joy.239,0.15867961943149567,0.12635943293571472,0.5735687613487244,0.08590217679738998,0.007778567261993885,0.014203769154846668,0.007171215955168009,0.02633644826710224
joy.24,0.02464517392218113,0.7277368307113647,0.03356678783893585,0.0022430571261793375,0.019178640097379684,0.009862178936600685,0.12511982023715973,0.05764750391244888
joy.240,0.10085803270339966,0.36285921931266785,0.433198481798172,0.004193740896880627,0.005982952192425728,0.010305853560566902,0.01760074682533741,0.06500086933374405
joy.241,0.1452808976173401,0.18763594329357147,0.39894890785217285,0.023189770057797432,0.02035733312368393,0.07566690444946289,0.07487805932760239,0.07404212653636932
joy.242,0.22269582748413086,0.06425563246011734,0.10284078121185303,0.008673081174492836,0.012260614894330502,0.25657108426094055,0.2974245250225067,0.03527837619185448
joy.243,0.6594974994659424,0.018947646021842957,0.05466826632618904,0.11568637192249298,0.013255546800792217,0.05931646749377251,0.07414763420820236,0.004480493254959583
joy.244,0.011662363074719906,0.007546649780124426,0.08168399333953857,0.023415982723236084,0.09378162026405334,0.0031622794922441244,0.1263767033815384,0.6523704528808594
joy.245,0.08572103083133698,0.5260970592498779,0.2686690092086792,0.008552800863981247,0.02938111126422882,0.002396336058154702,0.006183698773384094,0.07299887388944626
joy.246,0.0014093328500166535,0.002025467809289694,0.00874329824000597,0.0024789252784103155,0.022907758131623268,0.06340011209249496,0.4901593029499054,0.40887579321861267
joy.247,0.3560912609100342,0.1084246039390564,0.2736179530620575,0.02733588218688965,0.023779528215527534,0.012566016055643559,0.03653351217508316,0.16165123879909515
joy.248,0.38030222058296204,0.3399396538734436,0.24961042404174805,0.005105343647301197,0.001968929311260581,0.010533689521253109,0.007031811401247978,0.00550794554874301
joy.249,0.027606917545199394,0.8985520601272583,0.01292885560542345,0.0020468314178287983,0.01760394684970379,0.0033316761255264282,0.014560936950147152,0.023368768393993378
joy.25,0.6235480308532715,0.05311115086078644,0.10234575718641281,0.029715970158576965,0.014880744740366936,0.05143037438392639,0.1166299507021904,0.008338004350662231
joy.250,0.017829900607466698,0.9430781006813049,0.025634529069066048,0.0006407024920918047,0.0031697917729616165,0.0002233750856248662,0.006234224420040846,0.0031893316190689802
joy.251,0.23094451427459717,0.10831011086702347,0.5890134572982788,0.015008412301540375,0.005639971233904362,0.011269824579358101,0.01651177369058132,0.023302016779780388
joy.252,0.2600342035293579,0.211255744099617,0.08474788814783096,0.1009693518280983,0.08885623514652252,0.07504910230636597,0.040692877024412155,0.13839447498321533
joy.253,0.9315264225006104,0.016364559531211853,0.027015652507543564,0.003704650793224573,0.0031422257889062166,0.006686463486403227,0.003776830853894353,0.007783304899930954
joy.254,0.006128966808319092,0.982093334197998,0.006020828615874052,0.0005340080824680626,0.0011311388807371259,0.0002510483318474144,0.001366380718536675,0.002474343404173851
joy.255,0.7766996026039124,0.005837238859385252,0.06736089289188385,0.06506717205047607,0.011344239115715027,0.04381642863154411,0.015283193439245224,0.014591289684176445
joy.256,0.8775516748428345,0.07529888302087784,0.01328162383288145,0.0033632838167250156,0.00466129882261157,0.002556657185778022,0.015929361805319786,0.0073571959510445595
joy.257,0.26598358154296875,0.04209521412849426,0.5907441973686218,0.017667172476649284,0.0037610838189721107,0.014544449746608734,0.012595743872225285,0.05260854959487915
joy.258,0.526921808719635,0.027900105342268944,0.049154046922922134,0.023215942084789276,0.03849790245294571,0.013911431655287743,0.1601439267396927,0.16025479137897491
joy.259,0.9857158064842224,0.007237904705107212,0.0010051917051896453,0.004559490364044905,0.00011594316310947761,0.0003683424147311598,0.0006658008205704391,0.00033154740231111646
joy.26,0.4067479074001312,0.01829511672258377,0.3014981150627136,0.012235542759299278,0.006299885455518961,0.0390879325568676,0.0976998433470726,0.11813563108444214
joy.260,0.051836803555488586,0.6291649341583252,0.0320294052362442,0.0025729911867529154,0.00824697408825159,0.003189206589013338,0.23844166100025177,0.034518126398324966
joy.261,0.11503876745700836,0.46099498867988586,0.3475964367389679,0.012985697947442532,0.005086477845907211,0.02318248338997364,0.007143108174204826,0.02797204628586769
joy.262,0.09657662361860275,0.5337910056114197,0.24978125095367432,0.10086797177791595,0.0008689798414707184,0.004056451376527548,0.008478359319269657,0.005579286254942417
joy.263,0.39752018451690674,0.11728978902101517,0.4308687448501587,0.005163565743714571,0.009892681613564491,0.006444947328418493,0.009250388480722904,0.023569749668240547
joy.264,0.13666386902332306,0.13464584946632385,0.0989169105887413,0.01713567040860653,0.034150440245866776,0.04695599526166916,0.47319650650024414,0.058334819972515106
joy.265,0.02561677061021328,0.3428618907928467,0.22732257843017578,0.08595626056194305,0.026347791776061058,0.01916905678808689,0.05296248942613602,0.2197631448507309
joy.266,0.19008995592594147,0.15204957127571106,0.2313038408756256,0.3146427869796753,0.026372279971837997,0.00898315291851759,0.01980830915272236,0.056750040501356125
joy.267,0.465248167514801,0.1902131587266922,0.31879425048828125,0.0061416649259626865,0.005912017077207565,0.0017252688994631171,0.0028305784799158573,0.009134853258728981
joy.268,0.3698790371417999,0.096697136759758,0.2585040330886841,0.004287337884306908,0.006609268486499786,0.05502357333898544,0.10403770208358765,0.10496186465024948
joy.269,0.4343956708908081,0.030921002849936485,0.3525187075138092,0.013914906419813633,0.013104130513966084,0.10772637277841568,0.0339038111269474,0.013515371829271317
joy.27,0.411636084318161,0.2620151937007904,0.2218151092529297,0.014465296640992165,0.007140954956412315,0.01094094105064869,0.03465468809008598,0.037331726402044296
joy.270,0.28766024112701416,0.026238959282636642,0.5328416228294373,0.029860680922865868,0.012848219834268093,0.0478304848074913,0.01641828566789627,0.046301454305648804
joy.271,0.009946308098733425,0.3896467685699463,0.014326987788081169,0.0034215538762509823,0.005008590407669544,0.0074224648997187614,0.10558468848466873,0.46464264392852783
joy.272,0.04997267574071884,0.5974460244178772,0.2685641944408417,0.012793311849236488,0.005629231687635183,0.034448686987161636,0.0153266042470932,0.015819378197193146
joy.273,0.6379008293151855,0.06975018233060837,0.1920367181301117,0.026708707213401794,0.0016974152531474829,0.02349410019814968,0.027355903759598732,0.02105610817670822
joy.274,0.005708709359169006,0.8838244080543518,0.03595879673957825,0.008066636510193348,0.002047221641987562,0.006364308763295412,0.03032185696065426,0.027708077803254128
joy.275,0.42708370089530945,0.03573925048112869,0.04363282769918442,0.4337581396102905,0.0058798338286578655,0.01155733410269022,0.02057727612555027,0.021771688014268875
joy.276,0.3139819800853729,0.2950088679790497,0.25062188506126404,0.013803327456116676,0.004153076559305191,0.09368488192558289,0.012254738248884678,0.01649121381342411
joy.277,0.1995110809803009,0.028739187866449356,0.5979902744293213,0.002168108243495226,0.0015690902946516871,0.01796114817261696,0.004014676436781883,0.14804641902446747
joy.278,0.11643388122320175,0.03916722908616066,0.15450218319892883,0.06347176432609558,0.09460491687059402,0.09992515295743942,0.12679006159305573,0.3051048219203949
joy.279,0.09462232887744904,0.4531746804714203,0.4173508286476135,0.006697218865156174,0.007971801795065403,0.0015383746940642595,0.002891979180276394,0.015752822160720825
joy.28,0.4203444719314575,0.08282028138637543,0.37777018547058105,0.061434056609869,0.00491933710873127,0.021622976288199425,0.016323350369930267,0.014765286818146706
joy.280,0.10524403303861618,0.025767376646399498,0.3426336348056793,0.5118398666381836,0.0013608807930722833,0.00040106417145580053,0.0018076603300869465,0.010945450514554977
joy.281,0.11357720196247101,0.01505319494754076,0.7703042030334473,0.0033242120407521725,0.0008248366066254675,0.01160137914121151,0.016012314707040787,0.06930265575647354
joy.282,0.3408617675304413,0.2562964856624603,0.28054726123809814,0.03292848542332649,0.008913339115679264,0.015019727870821953,0.0140712670981884,0.05136166140437126
joy.283,0.17640641331672668,0.3271891176700592,0.08364469558000565,0.08479060977697372,0.040171533823013306,0.04308313503861427,0.0814167857170105,0.16329777240753174
joy.284,0.09288228303194046,0.6209192872047424,0.08968541026115417,0.023450719192624092,0.018317917361855507,0.00754203274846077,0.048102907836437225,0.09909940510988235
joy.285,0.08781185746192932,0.5146099328994751,0.3775416314601898,0.0020834903698414564,0.0021724263206124306,0.005944659002125263,0.00335653405636549,0.006479450035840273
joy.286,0.019904254004359245,0.5871360898017883,0.018468428403139114,0.008473970927298069,0.007622527424246073,0.0024450437631458044,0.07608187943696976,0.2798677682876587
joy.287,0.35706695914268494,0.03152836114168167,0.24876117706298828,0.2729363739490509,0.04353005811572075,0.012957804836332798,0.020116416737437248,0.013102796860039234
joy.288,0.20364178717136383,0.31611374020576477,0.43037840723991394,0.010261586867272854,0.005677663721144199,0.01312449760735035,0.00822235643863678,0.012579976581037045
joy.289,0.12803496420383453,0.31676042079925537,0.5202287435531616,0.003189138602465391,0.005430150777101517,0.007236608304083347,0.0055787223391234875,0.013541333377361298
joy.29,0.011953332461416721,0.9560044407844543,0.023050397634506226,0.0012145460350438952,0.000592224532738328,0.0015878856647759676,0.0009357293602079153,0.004661464132368565
joy.290,0.028381437063217163,0.03591921925544739,0.02212844043970108,0.053086891770362854,0.0507686585187912,0.03880930691957474,0.44162115454673767,0.3292848765850067
joy.291,0.033780671656131744,0.20987731218338013,0.11070623248815536,0.3000739812850952,0.0812225490808487,0.011206814087927341,0.13635243475437164,0.11677995324134827
joy.292,0.0008173293899744749,0.9867086410522461,0.008044491522014141,0.0022708424367010593,0.00016542311641387641,5.169684300199151e-05,0.00020162858709227294,0.0017399274511262774
joy.293,0.37130293250083923,0.08236470818519592,0.39035359025001526,0.07525461912155151,0.003245673608034849,0.04166948422789574,0.014585800468921661,0.021223226562142372
joy.294,0.025147126987576485,0.0881238579750061,0.8010396957397461,0.04113619029521942,0.017318272963166237,0.0036005384754389524,0.008494953624904156,0.01513943076133728
joy.295,0.36827823519706726,0.23166823387145996,0.2070777863264084,0.04646535590291023,0.011619003489613533,0.04618221893906593,0.061075080186128616,0.027634039521217346
joy.296,0.207170769572258,0.3254408538341522,0.30307793617248535,0.01328225340694189,0.032076504081487656,0.036351196467876434,0.052282001823186874,0.03031855821609497
joy.297,0.013047532178461552,0.06623448431491852,0.17776291072368622,0.003729175543412566,0.00683615542948246,0.006338050123304129,0.3573979139328003,0.368653804063797
joy.298,0.16231077909469604,0.5881698727607727,0.211079940199852,0.009568450041115284,0.007874539121985435,0.0027063824236392975,0.004441752564162016,0.01384828519076109
joy.299,0.041111502796411514,0.23489704728126526,0.6567092537879944,0.017591385170817375,0.022149981930851936,0.008701127953827381,0.010618958622217178,0.008220781572163105
joy.3,0.16410450637340546,0.1906430572271347,0.6036565899848938,0.014377017505466938,0.011613069102168083,0.00367012619972229,0.004728647880256176,0.0072069549933075905
joy.30,0.06081804260611534,0.6980903744697571,0.22263596951961517,0.004791567102074623,0.0036397918593138456,0.0025427467189729214,0.002646141918376088,0.004835375584661961
joy.300,0.6635284423828125,0.05224849283695221,0.11630203574895859,0.09389406442642212,0.010835734196007252,0.03496469929814339,0.011506633833050728,0.016719907522201538
joy.301,0.4999224543571472,0.18360666930675507,0.29764312505722046,0.0038927611894905567,0.0009903887985274196,0.0038400813937187195,0.0067809103056788445,0.003323586191982031
joy.302,0.14719179272651672,0.23190918564796448,0.05429074913263321,0.01244855672121048,0.02180866338312626,0.01637999899685383,0.22741517424583435,0.2885558307170868
joy.303,0.34586742520332336,0.10416131466627121,0.1594068855047226,0.10187598317861557,0.04026935622096062,0.021899618208408356,0.14206646382808685,0.08445297926664352
joy.304,0.9190894961357117,0.01406154502183199,0.02044091746211052,0.003057401394471526,0.00045599002623930573,0.028468893840909004,0.0046963985078036785,0.009729350917041302
joy.305,0.33539170026779175,0.18645691871643066,0.2501855194568634,0.03570861741900444,0.07335413247346878,0.012504377402365208,0.021195143461227417,0.08520355075597763
joy.306,0.9025861024856567,0.007243538275361061,0.002630514558404684,0.0013996980851516128,0.0038069954607635736,0.007779212202876806,0.06691340357065201,0.007640587631613016
joy.307,0.13445523381233215,0.4847441017627716,0.012442151084542274,0.009533077478408813,0.014872879721224308,0.018030542880296707,0.22510658204555511,0.10081543773412704
joy.308,0.3935146927833557,0.16283412277698517,0.026681210845708847,0.010628068819642067,0.025791125372052193,0.005985410884022713,0.3366032540798187,0.03796204924583435
joy.309,0.4420735239982605,0.49899160861968994,0.01302243396639824,0.006878414191305637,0.011905201710760593,0.0024746283888816833,0.014214384369552135,0.010439829900860786
joy.31,0.050947174429893494,0.7310291528701782,0.17695996165275574,0.004631467163562775,0.005771164782345295,0.010962843894958496,0.010779600590467453,0.0089186429977417
joy.310,0.6423651576042175,0.04013928398489952,0.01163538545370102,0.17186559736728668,0.04180186614394188,0.015140741132199764,0.03859376907348633,0.03845815733075142
joy.311,0.01378484908491373,0.022887585684657097,0.013141319155693054,0.9221100211143494,0.013346164487302303,0.0008210724336095154,0.011323151178658009,0.0025858068838715553
joy.312,0.03735291585326195,0.3217873275279999,0.3645203113555908,0.12797068059444427,0.00725784245878458,0.024233253672719002,0.04321756958961487,0.07366014271974564
joy.313,0.1726478934288025,0.44914233684539795,0.07381812483072281,0.002908026799559593,0.014488622546195984,0.03631749749183655,0.18272769451141357,0.06794972717761993
joy.314,0.4327799379825592,0.07983490824699402,0.3887474238872528,0.015040142461657524,0.001364186406135559,0.01712404564023018,0.014558183960616589,0.05055120587348938
joy.315,0.11599769443273544,0.5952025651931763,0.1284981369972229,0.0026888020802289248,0.03402980417013168,0.005785495508462191,0.07852323353290558,0.03927427530288696
joy.316,0.4364054799079895,0.1693105697631836,0.35914042592048645,0.003184532979503274,0.003837925847619772,0.009533867239952087,0.009647960774600506,0.008939173072576523
joy.317,0.4688239097595215,0.24464991688728333,0.09132329374551773,0.14683407545089722,0.012442083097994328,0.01085531897842884,0.009495803155004978,0.01557554304599762
joy.318,0.04020192101597786,0.27170732617378235,0.027979979291558266,0.5785641074180603,0.006265082862228155,0.0007831454277038574,0.06669998914003372,0.007798419799655676
joy.319,0.24778972566127777,0.24780379235744476,0.3973606824874878,0.056116972118616104,0.017620770260691643,0.006914855912327766,0.0063352640718221664,0.02005794830620289
joy.32,0.16607794165611267,0.48398420214653015,0.18284018337726593,0.014200958423316479,0.010211902670562267,0.053673919290304184,0.08021270483732224,0.008798113092780113
joy.320,0.045697733759880066,0.6440257430076599,0.04545777663588524,0.010594923049211502,0.010788867250084877,0.0038496784400194883,0.14103364944458008,0.09855161607265472
joy.321,0.16596318781375885,0.1307113617658615,0.07573111355304718,0.34275972843170166,0.0858769565820694,0.03760521113872528,0.06908433139324188,0.09226803481578827
joy.322,0.06708066910505295,0.42626461386680603,0.3571698069572449,0.0070772962644696236,0.007781997788697481,0.04843498021364212,0.02973018027842045,0.056460462510585785
joy.323,0.5649811625480652,0.042405057698488235,0.32987043261528015,0.015491925179958344,0.002528710523620248,0.002812015824019909,0.016496561467647552,0.02541417069733143
joy.324,0.386187344789505,0.1901845782995224,0.37113267183303833,0.010215307585895061,0.007891225628554821,0.0062226541340351105,0.009350459091365337,0.018815690651535988
joy.325,0.10228350013494492,0.22401686012744904,0.22340552508831024,0.21307790279388428,0.03353847935795784,0.05844508111476898,0.057581499218940735,0.08765117824077606
joy.326,0.34807196259498596,0.23837636411190033,0.31687402725219727,0.0023467291612178087,0.0045090229250490665,0.01027892529964447,0.01425332110375166,0.0652896836400032
joy.327,0.24676856398582458,0.18356133997440338,0.44942766427993774,0.016276411712169647,0.018818659707903862,0.0570245161652565,0.014229513704776764,0.013893325813114643
joy.328,0.22699682414531708,0.1914527863264084,0.5288048386573792,0.016609830781817436,0.006919862236827612,0.002690076595172286,0.005513828247785568,0.021011926233768463
joy.329,0.30984243750572205,0.4607087969779968,0.1539345234632492,0.04531502351164818,0.005848586559295654,0.009604564867913723,0.0035145673900842667,0.01123153418302536
joy.33,0.044731587171554565,0.6358034610748291,0.060639288276433945,0.007102031260728836,0.22938571870326996,0.0066195582039654255,0.00867966003715992,0.007038682233542204
joy.330,0.13770832121372223,0.02584107033908367,0.018958916887640953,0.1168634444475174,0.13510103523731232,0.02218802459537983,0.2629782259464264,0.28036102652549744
joy.34,0.12817984819412231,0.2065345197916031,0.37429696321487427,0.0813002735376358,0.038697585463523865,0.05806833133101463,0.04141543060541153,0.07150706648826599
joy.35,0.015252912417054176,0.3485817015171051,0.5472085475921631,0.07115258276462555,0.003848282853141427,0.005880681332200766,0.0013356888666749,0.006739569827914238
joy.36,0.32479649782180786,0.32830512523651123,0.1545359343290329,0.020709877833724022,0.033247195184230804,0.02297186478972435,0.03713156282901764,0.07830189913511276
joy.37,0.028752092272043228,0.19086408615112305,0.6291180849075317,0.1362665295600891,0.0034366243053227663,0.0005470088217407465,0.002238335320726037,0.008777258917689323
joy.38,0.566440999507904,0.14080727100372314,0.03422880545258522,0.03466268256306648,0.2086474448442459,0.0023083563428372145,0.008460895158350468,0.0044435495510697365
joy.39,0.12756486237049103,0.24718862771987915,0.30118802189826965,0.049327921122312546,0.03094920888543129,0.029829075559973717,0.15185630321502686,0.062095969915390015
joy.4,0.22560471296310425,0.06432220339775085,0.6209953427314758,0.02809966914355755,0.008074765093624592,0.012484831735491753,0.013814195059239864,0.02660425752401352
joy.40,0.06745554506778717,0.4123702049255371,0.36693739891052246,0.00693326024338603,0.019932951778173447,0.03466574102640152,0.028240859508514404,0.06346400082111359
joy.41,0.16558536887168884,0.11167199909687042,0.5274231433868408,0.003828496905043721,0.004010956268757582,0.0033554336987435818,0.05389700084924698,0.13022765517234802
joy.42,0.054230645298957825,0.4693211019039154,0.35787877440452576,0.06546677649021149,0.004853044170886278,0.005881941877305508,0.004420213866978884,0.037947509437799454
joy.43,0.021966442465782166,0.05815943703055382,0.028192132711410522,0.8650174736976624,0.01004753913730383,0.001389463315717876,0.01161652710288763,0.0036110703367739916
joy.44,0.06825563311576843,0.29309213161468506,0.06532571464776993,0.00975919421762228,0.011766509152948856,0.04750083386898041,0.362734854221344,0.14156511425971985
joy.45,0.12174366414546967,0.03603431209921837,0.7513831257820129,0.015063601545989513,0.008184845559298992,0.008138447999954224,0.025013800710439682,0.034438181668519974
joy.46,0.010080608539283276,0.8817209005355835,0.0715581625699997,0.01632196642458439,0.0012549880193546414,0.002521311864256859,0.0037106843665242195,0.012831373140215874
joy.47,0.21001610159873962,0.5906176567077637,0.11734272539615631,0.018680313602089882,0.01136296708136797,0.020256415009498596,0.02154892310500145,0.01017491053789854
joy.48,0.03971400856971741,0.02111617848277092,0.054008547216653824,0.06018709018826485,0.04973439499735832,0.010925577022135258,0.7201981544494629,0.044116053730249405
joy.49,0.3706396520137787,0.1446748673915863,0.4489206373691559,0.005685253534466028,0.0028017470613121986,0.00995710864663124,0.0051407585851848125,0.012180020101368427
joy.5,0.23539958894252777,0.05994906276464462,0.6153606176376343,0.005216911900788546,0.039880622178316116,0.012210789136588573,0.01288535539060831,0.019097067415714264
joy.50,0.37880438566207886,0.16738729178905487,0.3574160635471344,0.007517269346863031,0.00506802462041378,0.007372329477220774,0.017711274325847626,0.05872327834367752
joy.51,0.3694469928741455,0.0323602519929409,0.45307043194770813,0.015918781980872154,0.017817439511418343,0.048721857368946075,0.023293836042284966,0.039370425045490265
joy.52,0.001968037337064743,0.9725221991539001,0.004164915066212416,0.0007800938910804689,0.015297775156795979,0.00039981238660402596,0.0024428912438452244,0.0024241546634584665
joy.53,0.062132421880960464,0.32976722717285156,0.4863392412662506,0.02667957730591297,0.02790948748588562,0.03607064485549927,0.01605728641152382,0.015044134110212326
joy.54,0.2364700436592102,0.18022407591342926,0.4002421498298645,0.004606167785823345,0.018356138840317726,0.013584223575890064,0.048752766102552414,0.09776443243026733
joy.55,0.25680220127105713,0.077971912920475,0.39799365401268005,0.006186749320477247,0.01450114231556654,0.11220559477806091,0.06892511993646622,0.06541365385055542
joy.56,0.011444244533777237,0.841629147529602,0.11755841970443726,0.00434616906568408,0.0025565922260284424,0.00035732632386498153,0.006612439174205065,0.015495599247515202
joy.57,0.1364118456840515,0.22591760754585266,0.48438864946365356,0.019881440326571465,0.022907394915819168,0.03072005696594715,0.021782375872135162,0.05799063667654991
joy.58,0.4519639015197754,0.04840166121721268,0.14712058007717133,0.01899939402937889,0.019979748874902725,0.13072508573532104,0.16653214395046234,0.016277505084872246
joy.59,0.23723505437374115,0.02244439348578453,0.655777096748352,0.0009917838033288717,0.0015266421250998974,0.015285874716937542,0.01246942114084959,0.05426972359418869
joy.6,0.05478740856051445,0.2837216854095459,0.19980990886688232,0.14439091086387634,0.05709172785282135,0.049128707498311996,0.11569543182849884,0.09537435322999954
joy.60,0.21195322275161743,0.3517525792121887,0.42019712924957275,0.00380186690017581,0.002399175427854061,0.0021160084288567305,0.0021476123947650194,0.005632331129163504
joy.61,0.19438572227954865,0.3802124857902527,0.06869501620531082,0.2683789134025574,0.023365071043372154,0.004209567792713642,0.014050384983420372,0.04670288786292076
joy.62,0.12568682432174683,0.10287176072597504,0.12148810923099518,0.18893952667713165,0.18556807935237885,0.025920968502759933,0.09561371058225632,0.15391108393669128
joy.63,0.25436368584632874,0.15501469373703003,0.5081263184547424,0.012315011583268642,0.007120292633771896,0.014320842921733856,0.019695010036230087,0.02904416434466839
joy.64,0.0769498273730278,0.9001235961914062,0.015253552235662937,0.00198686053045094,0.0028981207869946957,0.00022377795539796352,0.0005176445702090859,0.0020466172136366367
joy.65,0.19947242736816406,0.07359525561332703,0.5895707011222839,0.007013591472059488,0.007236354053020477,0.039610978215932846,0.042616914957761765,0.04088369384407997
joy.66,0.5755186676979065,0.12699833512306213,0.05165928602218628,0.010142762213945389,0.0020914690103381872,0.003921781666576862,0.05989165976643562,0.16977597773075104
joy.67,0.9769561886787415,0.007457203697413206,0.005893985275179148,0.0020251998212188482,0.0017729919636622071,0.0022069199476391077,0.00241717672906816,0.0012702441308647394
joy.68,0.18689116835594177,0.08249938488006592,0.08637881278991699,0.054361358284950256,0.017157871276140213,0.1543174833059311,0.39654356241226196,0.02185036800801754
joy.69,0.3649958074092865,0.26339632272720337,0.14048448204994202,0.00996388029307127,0.00820714607834816,0.08674076944589615,0.07394919544458389,0.05226234346628189
joy.7,0.021432168781757355,0.6274284720420837,0.15999382734298706,0.04156637564301491,0.051445238292217255,0.0032942232210189104,0.05926738679409027,0.035572268068790436
joy.70,0.002707652049139142,0.005674714222550392,0.008798481896519661,0.010857408866286278,0.021276328712701797,0.0056530567817389965,0.4200766980648041,0.524955689907074
joy.71,0.33508816361427307,0.08200144022703171,0.5273616909980774,0.027393626049160957,0.007010173052549362,0.003546501509845257,0.010871796868741512,0.0067265769466757774
joy.72,0.03515555337071419,0.07486514747142792,0.819161593914032,0.004239340778440237,0.012963070534169674,0.009650765918195248,0.006673857104033232,0.037290602922439575
joy.73,0.9016723036766052,0.004593126475811005,0.028398338705301285,0.01173743512481451,0.0018910400103777647,0.04374866932630539,0.00536250090226531,0.00259665260091424
joy.74,0.9127104878425598,0.010843868367373943,0.025382382795214653,0.013694286346435547,0.003938318695873022,0.0010694749653339386,0.013255058787763119,0.01910603977739811
joy.75,0.4915333390235901,0.06447629630565643,0.03221025690436363,0.002904006978496909,0.01765280030667782,0.02179083786904812,0.35501620173454285,0.014416228048503399
joy.76,0.6753209233283997,0.11771952360868454,0.010632315650582314,0.041920971125364304,0.11495178937911987,0.010569428093731403,0.019705381244421005,0.009179717861115932
joy.77,0.003965097479522228,0.8528837561607361,0.032247669994831085,0.016538521274924278,0.010845418088138103,0.010198296047747135,0.06368938088417053,0.009631829336285591
joy.78,0.002305189613252878,0.9886554479598999,0.006168636493384838,0.0011992629151791334,0.00028061700868420303,0.0003833917435258627,0.00012729002628475428,0.0008802419761195779
joy.79,0.1452370584011078,0.02994530089199543,0.6210005283355713,0.022362638264894485,0.025602668523788452,0.012139751575887203,0.08058265596628189,0.06312932074069977
joy.8,0.10588864237070084,0.1325930953025818,0.7254108190536499,0.006549078971147537,0.00713594164699316,0.0043034679256379604,0.007554452866315842,0.010564452968537807
joy.80,0.3277943730354309,0.20794737339019775,0.40265899896621704,0.0017083173152059317,0.0014904884155839682,0.007697196211665869,0.02350912056863308,0.02719414420425892
joy.81,0.584168553352356,0.202321857213974,0.10707966983318329,0.019233975559473038,0.006925512105226517,0.029901355504989624,0.025268128141760826,0.0251009464263916
joy.82,0.002552960067987442,0.3916977345943451,0.5359356999397278,0.016022566705942154,0.0030464758165180683,0.00045131746446713805,0.0021264797542244196,0.04816673323512077
joy.83,0.08698893338441849,0.3714087903499603,0.2636364996433258,0.1792716085910797,0.0091180969029665,0.01039611641317606,0.04785151779651642,0.031328339129686356
joy.84,0.3610887825489044,0.05933947488665581,0.3517109751701355,0.030132628977298737,0.0022675420623272657,0.054529786109924316,0.028920646756887436,0.11201014369726181
joy.85,0.3402101993560791,0.09575895220041275,0.45740190148353577,0.015057094395160675,0.002532460493966937,0.012310863472521305,0.012222005054354668,0.06450650095939636
joy.86,0.21015439927577972,0.07945485413074493,0.6348965167999268,0.0037921364419162273,0.005276745185256004,0.0069838715717196465,0.03130519017577171,0.02813630737364292
joy.87,0.18954795598983765,0.11577069014310837,0.6240720748901367,0.003387695411220193,0.005595074035227299,0.011975003406405449,0.004736661445349455,0.04491478577256203
joy.88,0.0917714461684227,0.05591154843568802,0.056575533002614975,0.06926169991493225,0.20338174700737,0.03267794847488403,0.11241394281387329,0.37800610065460205
joy.89,0.16821905970573425,0.021802689880132675,0.006696898024529219,0.012180748395621777,0.002406093990430236,0.004334219265729189,0.7298840284347534,0.05447622016072273
joy.9,0.16527868807315826,0.28335776925086975,0.39525866508483887,0.055971499532461166,0.03153788670897484,0.02046077512204647,0.01163646299391985,0.03649818152189255
joy.90,0.4731368124485016,0.06496435403823853,0.14109376072883606,0.02715485915541649,0.009306306019425392,0.14841264486312866,0.06790973991155624,0.06802148371934891
joy.91,0.3546898663043976,0.09421434998512268,0.3760225772857666,0.022788267582654953,0.028243202716112137,0.009500475600361824,0.014199843630194664,0.10034138709306717
joy.92,0.31244131922721863,0.16778796911239624,0.42167624831199646,0.027025975286960602,0.021895885467529297,0.015951188281178474,0.006138794124126434,0.027082575485110283
joy.93,0.22413316369056702,0.22416667640209198,0.3240402638912201,0.016454951837658882,0.01847188174724579,0.026663977652788162,0.12674376368522644,0.039325252175331116
joy.94,0.19053512811660767,0.02156471088528633,0.7121751308441162,0.0200213510543108,0.012714456766843796,0.030409544706344604,0.005723451264202595,0.006856177933514118
joy.95,0.022545717656612396,0.3031512498855591,0.07362139225006104,0.5370178818702698,0.035076554864645004,0.0022135439794510603,0.021886367350816727,0.004487243015319109
joy.96,0.0038368736859411,0.9356297850608826,0.026837442070245743,0.006225562654435635,0.004182491917163134,0.0005639252485707402,0.019552258774638176,0.003171677468344569
joy.97,0.8268406987190247,0.04641833156347275,0.11163031309843063,0.0024783960543572903,0.0019102876540273428,0.0014227861538529396,0.005118402186781168,0.00418078014627099
joy.98,0.2244093120098114,0.04215381667017937,0.68355792760849,0.014909022487699986,0.0025867132935673,0.007124025374650955,0.003132144920527935,0.022127041593194008
joy.99,0.05903320387005806,0.7238433957099915,0.15683776140213013,0.004834189545363188,0.003966969903558493,0.029255960136651993,0.0063733612187206745,0.01585523411631584
sadness.154,0.01071257796138525,0.012868027202785015,0.013911322690546513,0.027053112164139748,0.2025243490934372,0.003657796187326312,0.45481717586517334,0.2744556665420532
sadness.1,0.010301928035914898,0.006500713061541319,0.04398088902235031,0.006417528260499239,0.020653294399380684,0.0015002323780208826,0.5467959046363831,0.3638495206832886
sadness.155,0.0655394047498703,0.012860871851444244,0.04162296652793884,0.06386855989694595,0.020787961781024933,0.023192301392555237,0.2609768211841583,0.511151134967804
sadness.10,0.057175882160663605,0.1585199236869812,0.0959063246846199,0.020309502258896828,0.6059470772743225,0.0021255777683109045,0.01360293384641409,0.04641279578208923
sadness.156,0.02156296744942665,0.0051253181882202625,0.026752401143312454,0.042639315128326416,0.026997994631528854,0.005533253308385611,0.7496862411499023,0.12170258909463882
sadness.100,0.002478997455909848,0.007765096612274647,0.003479449078440666,0.0029763435013592243,0.0014937669038772583,0.008337114937603474,0.6896573901176453,0.2838118374347687
sadness.157,0.041625864803791046,0.02041613683104515,0.0956106185913086,0.061935484409332275,0.08592896908521652,0.009134518913924694,0.4165966212749481,0.26875171065330505
sadness.101,0.04100152105093002,0.071658194065094,0.04816862568259239,0.008977117016911507,0.014589889906346798,0.02878461591899395,0.20875610411167145,0.5780639052391052
sadness.159,0.013510327786207199,0.03339355066418648,0.08366179466247559,0.01774308644235134,0.07584257423877716,0.009149372577667236,0.1711289882659912,0.5955703258514404
sadness.102,0.0006003730231896043,0.0012723217951133847,0.012264182791113853,0.002116915537044406,0.0013153933687135577,0.006341502070426941,0.005503107327967882,0.9705862402915955
sadness.158,0.001569831743836403,0.0013842306798323989,0.04051147401332855,0.005097829271107912,0.030281556770205498,0.0003632598090916872,0.013233190402388573,0.9075587391853333
sadness.103,0.002808191580697894,0.006745025049895048,0.18161435425281525,0.0062211197800934315,0.030438579618930817,0.005472988355904818,0.3500952422618866,0.41660448908805847
sadness.16,0.06643388420343399,0.15597417950630188,0.44104698300361633,0.012914451770484447,0.006671440321952105,0.00419074110686779,0.12272245436906815,0.1900458186864853
sadness.104,0.020371736958622932,0.014132359065115452,0.13167494535446167,0.044295698404312134,0.029312076047062874,0.0026852996088564396,0.423894464969635,0.3336333632469177
sadness.160,0.3193643391132355,0.19278210401535034,0.0926254466176033,0.1944863200187683,0.01329392846673727,0.0009856518590822816,0.11960986256599426,0.06685226410627365
sadness.105,0.01698794588446617,0.0066463095135986805,0.013063034974038601,0.03304516151547432,0.07670258730649948,0.004124800208956003,0.5994725227355957,0.2499576359987259
sadness.170,0.04110938683152199,0.03009529411792755,0.2738299071788788,0.06248599290847778,0.07376764714717865,0.0053899954073131084,0.2049713134765625,0.30835041403770447
sadness.106,0.00843908078968525,0.005491314921528101,0.035546667873859406,0.01129271648824215,0.19192509353160858,0.014333581551909447,0.06534826010465622,0.6676232218742371
sadness.171,0.009308384731411934,0.011744354851543903,0.008242283016443253,0.013917682692408562,0.0035510181915014982,0.04371228441596031,0.7394643425941467,0.1700596809387207
sadness.107,0.003487479640170932,0.007564880885183811,0.004199984949082136,0.002063334221020341,0.005469792056828737,0.0035048541612923145,0.19803452491760254,0.7756750583648682
sadness.172,0.015130046755075455,0.0012738759396597743,0.25166061520576477,0.0053917421028018,0.009626483544707298,0.0017752054845914245,0.11516784131526947,0.5999741554260254
sadness.108,0.00018111750250682235,0.0008725751540623605,0.0031852417159825563,0.003562638536095619,0.013171340338885784,0.0005154258687980473,0.010616865009069443,0.9678947329521179
sadness.173,0.003729705000296235,0.0033494019880890846,0.0037558560725301504,0.014983093366026878,0.046147752553224564,0.003925058525055647,0.23703062534332275,0.6870784163475037
sadness.109,0.0035415170714259148,0.9536465406417847,0.01451183669269085,0.0014707779046148062,0.013535454869270325,0.0002674396673683077,0.008490822277963161,0.004535692743957043
sadness.174,0.09778574109077454,0.013552132993936539,0.039220720529556274,0.2886546552181244,0.13145555555820465,0.0228261798620224,0.319449782371521,0.08705520629882812
sadness.11,0.02667597495019436,0.025487598031759262,0.08266982436180115,0.012657994404435158,0.08324228227138519,0.0006433416856452823,0.20181365311145782,0.5668092966079712
sadness.175,0.07147370278835297,0.3715817332267761,0.10265535861253738,0.02805771678686142,0.027837039902806282,0.042207539081573486,0.02815774828195572,0.3280291259288788
sadness.110,0.00405527139082551,0.9599971771240234,0.01837155781686306,0.005380142480134964,0.00509134866297245,0.0003738578234333545,0.004803795367479324,0.0019268268952146173
sadness.176,0.00098261923994869,0.006309091113507748,0.0019020243780687451,0.00030936504481360316,0.0019867538940161467,0.0006931864190846682,0.16991615295410156,0.8179007768630981
sadness.111,0.0016491931164637208,0.0017216810956597328,0.02144775725901127,0.001595512731000781,0.0026741158217191696,0.001318138325586915,0.0019560547079890966,0.9676374793052673
sadness.177,0.07285317778587341,0.006404722575098276,0.6331470012664795,0.029446948319673538,0.002793974941596389,0.001408382668159902,0.027978291735053062,0.22596751153469086
sadness.112,0.023434067144989967,0.003629492362961173,0.1705673784017563,0.001889473176561296,0.0077366577461361885,0.01421167142689228,0.03007178008556366,0.7484594583511353
sadness.178,0.0020939905662089586,0.012159722857177258,0.003951307386159897,0.0008827436831779778,0.0017750810366123915,0.0011743707582354546,0.03553216531872749,0.9424306154251099
sadness.113,0.007160338573157787,0.0023912976030260324,0.0061128889210522175,0.007163224276155233,0.11072881519794464,0.0013680492993444204,0.6336256861686707,0.231449693441391
sadness.179,0.02535928599536419,0.0033977788407355547,0.07459071278572083,0.020552339032292366,0.02298147790133953,0.09262929856777191,0.2573941648006439,0.5030948519706726
sadness.114,0.0015750821912661195,0.0007586565334349871,0.004341759718954563,0.00618821382522583,0.02197043038904667,0.0010502049699425697,0.8110377192497253,0.1530778557062149
sadness.18,0.00040776553214527667,0.0006361324922181666,0.000730236351955682,5.385593249229714e-05,0.015373905189335346,0.008572708815336227,0.7628732919692993,0.2113521546125412
sadness.115,0.1495101898908615,0.038693688809871674,0.0758579671382904,0.015040476806461811,0.38410136103630066,0.012791408225893974,0.14334754645824432,0.18065734207630157
sadness.180,0.1373855471611023,0.22768232226371765,0.5895384550094604,0.0015864669112488627,0.0030619418248534203,0.003743378445506096,0.010339914821088314,0.0266619510948658
sadness.116,0.037016574293375015,0.035195644944906235,0.05313665047287941,0.03502451628446579,0.01896783895790577,0.0036274902522563934,0.45726534724235535,0.3597659766674042
sadness.181,0.07681161910295486,0.27075570821762085,0.5979234576225281,0.0010448748944327235,0.0022963290102779865,0.0050914110615849495,0.014788472093641758,0.03128815442323685
sadness.117,0.14297406375408173,0.014642633497714996,0.08075631409883499,0.09168355911970139,0.047509025782346725,0.007456683088093996,0.18477201461791992,0.430205762386322
sadness.182,0.005295487120747566,0.0019278191030025482,0.016420600935816765,0.04817643389105797,0.027977580204606056,0.007999573834240437,0.2628347873687744,0.6293677091598511
sadness.118,0.06370465457439423,0.09447217732667923,0.05161996930837631,0.002740435069426894,0.04574950039386749,0.011302726343274117,0.6084651350975037,0.12194543331861496
sadness.183,0.05254776030778885,0.1313255876302719,0.4580362141132355,0.005761650390923023,0.006000056862831116,0.002641631755977869,0.02223770134150982,0.3214493989944458
sadness.119,0.00679326057434082,0.1652105450630188,0.21333321928977966,0.011676725000143051,0.025559961795806885,0.0037252549082040787,0.014486799016594887,0.5592142343521118
sadness.184,0.008052780292928219,0.011888363398611546,0.009202679619193077,0.014097673818469048,0.009966852143406868,0.0030205748043954372,0.8557928204536438,0.08797828108072281
sadness.12,0.0018689838470891118,0.002090257126837969,0.008673753589391708,0.00838395580649376,0.07275871932506561,0.0010235123336315155,0.017186326906085014,0.888014554977417
sadness.185,0.0003611571155488491,0.0014940729597583413,0.003677966771647334,0.0004942243103869259,0.0030070911161601543,0.0017699063755571842,0.6799193024635315,0.3092763125896454
sadness.120,0.038573507219552994,0.16854628920555115,0.0735284686088562,0.02043207921087742,0.09440058469772339,0.00766716105863452,0.17390356957912445,0.42294830083847046
sadness.186,0.014686573296785355,0.02748638018965721,0.03563637286424637,0.001236851792782545,0.018473107367753983,0.011036262847483158,0.115270234644413,0.7761741876602173
sadness.121,0.006110060028731823,0.002424258505925536,0.02946757711470127,0.0032971156761050224,0.037627607583999634,0.0011972212232649326,0.529387891292572,0.39048829674720764
sadness.187,0.015439617447555065,0.006477090064436197,0.1427081674337387,0.048471737653017044,0.021197646856307983,0.0052072955295443535,0.010420860722661018,0.7500776648521423
sadness.122,0.05099586397409439,0.5432478189468384,0.35004156827926636,0.007531381212174892,0.004656452685594559,0.0042506312020123005,0.0022946291137486696,0.03698168322443962
sadness.188,0.022816834971308708,0.04682127758860588,0.07597926259040833,0.004535430110991001,0.38686802983283997,0.014122173190116882,0.30743837356567383,0.1414186656475067
sadness.123,0.0024706879630684853,0.003380664624273777,0.01628551259636879,0.004870578646659851,0.033941738307476044,0.018000373616814613,0.3727705180644989,0.5482799410820007
sadness.189,0.2820144295692444,0.011027294211089611,0.04141837731003761,0.5397580862045288,0.009220092557370663,0.006594378966838121,0.06562726199626923,0.0443401113152504
sadness.124,0.0009917492279782891,0.00030469842022284865,0.000562674889806658,0.01079055480659008,0.026109999045729637,0.0032048742286860943,0.9356476664543152,0.022387785837054253
sadness.19,0.0028939153999090195,0.01607474870979786,0.004283013287931681,0.0013511576689779758,0.015620547346770763,0.06886638700962067,0.3422759771347046,0.5486342310905457
sadness.125,0.06129692494869232,0.01870470866560936,0.5295249819755554,0.08428987115621567,0.02219708263874054,0.003503639716655016,0.19147942960262299,0.08900339901447296
sadness.190,0.006853173021227121,0.0056221638806164265,0.01496076863259077,0.09158297628164291,0.03630981221795082,0.016113631427288055,0.3011150062084198,0.527442455291748
sadness.126,0.03117561712861061,0.04592036083340645,0.1115187406539917,0.09452848136425018,0.08956679701805115,0.07197829335927963,0.015603696927428246,0.5397080183029175
sadness.191,0.01743522472679615,0.03595895320177078,0.03719896823167801,0.06600087136030197,0.1046668216586113,0.0027258731424808502,0.13760028779506683,0.5984129905700684
sadness.127,0.0022521812934428453,0.001198577811010182,0.0347188338637352,0.014522292651236057,0.0067480565048754215,0.0037888127844780684,0.5385651588439941,0.39820611476898193
sadness.192,9.859800047706813e-05,0.000430707645136863,0.0008676802390255034,0.0003458355786278844,0.003406053874641657,0.0022218916565179825,0.3686312139034271,0.6239980459213257
sadness.128,0.008525174111127853,0.005817942321300507,0.0045636603608727455,0.007115248125046492,0.022357016801834106,0.0626126304268837,0.7605466246604919,0.12846164405345917
sadness.193,0.004312590230256319,0.021348625421524048,0.006192520726472139,0.000753414467908442,0.04403223469853401,0.08748604357242584,0.7466874718666077,0.0891871377825737
sadness.129,0.08739496022462845,0.004654310178011656,0.35898908972740173,0.03877614438533783,0.0083821015432477,0.0060061258263885975,0.07178627699613571,0.4240110218524933
sadness.194,0.005137603729963303,0.006829060614109039,0.03845467418432236,0.007873453199863434,0.10502739250659943,0.002438686555251479,0.10970491170883179,0.7245342135429382
sadness.13,0.018498314544558525,0.026028061285614967,0.05721830949187279,0.0146323936060071,0.08749429136514664,0.09165195375680923,0.11785504966974258,0.5866215825080872
sadness.195,0.024116000160574913,0.18216285109519958,0.32843440771102905,0.002243509516119957,0.030566586181521416,0.010762685909867287,0.23259352147579193,0.18912044167518616
sadness.130,0.002210952341556549,0.7739498019218445,0.037745676934719086,0.002842077286913991,0.02219836413860321,0.0010270812781527638,0.11005973815917969,0.04996633529663086
sadness.196,0.12271372973918915,0.021721752360463142,0.11901165544986725,0.045533113181591034,0.14865407347679138,0.009173273108899593,0.3770810663700104,0.15611137449741364
sadness.131,0.0002975818351842463,0.0005851105670444667,0.0014801385113969445,0.002040680032223463,0.018171006813645363,0.003220389597117901,0.5317805409431458,0.44242456555366516
sadness.197,0.0794292762875557,0.019170451909303665,0.40970081090927124,0.1015014797449112,0.02184961549937725,0.006293195765465498,0.1000300943851471,0.26202505826950073
sadness.132,0.013546919450163841,0.05965438485145569,0.018855860456824303,0.004637251608073711,0.02132859267294407,0.0020086634904146194,0.3898785412311554,0.4900897741317749
sadness.198,0.004167879931628704,0.00680956756696105,0.15545536577701569,0.002935598371550441,0.026856377720832825,0.02743314392864704,0.33310574293136597,0.4432363510131836
sadness.133,0.0907760038971901,0.05066511407494545,0.14248518645763397,0.009248350746929646,0.021590659394860268,0.13283389806747437,0.3996686339378357,0.15273219347000122
sadness.199,0.013767276890575886,0.0015397164970636368,0.02362164855003357,0.006619204301387072,0.012787568382918835,0.004569440148770809,0.09322579950094223,0.8438693284988403
sadness.134,0.010926498100161552,0.01633480377495289,0.004924396984279156,0.002569259377196431,0.011978896334767342,0.006807862780988216,0.13831563293933868,0.8081427216529846
sadness.2,0.00538333086296916,0.015461969189345837,0.0325489267706871,0.005117759574204683,0.005631828680634499,0.04682619869709015,0.12172717601060867,0.7673028111457825
sadness.135,0.0699113979935646,0.12612295150756836,0.18446621298789978,0.028954824432730675,0.20335888862609863,0.043017491698265076,0.23187962174415588,0.11228863149881363
sadness.20,0.22147968411445618,0.10139448195695877,0.13298621773719788,0.09036999195814133,0.027341898530721664,0.08199094235897064,0.09201938658952713,0.2524174153804779
sadness.136,0.0016987600829452276,0.006550418678671122,0.002998905722051859,0.00045270443661138415,0.0024701282382011414,0.0010022807400673628,0.16432353854179382,0.820503294467926
sadness.200,0.01747000217437744,0.00387333775870502,0.005018553230911493,0.037253424525260925,0.1194295808672905,0.0031606073025614023,0.7024050951004028,0.11138930171728134
sadness.137,0.11113613843917847,0.5105530619621277,0.2876524031162262,0.007461962755769491,0.005364582873880863,0.002304990077391267,0.038941897451877594,0.03658502921462059
sadness.201,0.02819201909005642,0.02256729267537594,0.3743639588356018,0.021648647263646126,0.015560989268124104,0.048428069800138474,0.1843322217464447,0.30490684509277344
sadness.138,0.019856495782732964,0.136566624045372,0.1135728657245636,0.012220321223139763,0.5358726382255554,0.028304066509008408,0.04444276541471481,0.10916411131620407
sadness.202,0.0010605613933876157,0.002111949725076556,0.004202201031148434,0.011681856587529182,0.011285596527159214,0.005330429878085852,0.9068734049797058,0.05745411291718483
sadness.139,0.015330782160162926,0.005841410253196955,0.1920861452817917,0.10043693333864212,0.08328955620527267,0.024784276261925697,0.29247593879699707,0.28575488924980164
sadness.203,0.005465751513838768,0.0039649601094424725,0.2926955223083496,0.0031158269848674536,0.007115242071449757,0.0018657390028238297,0.04892139881849289,0.6368556022644043
sadness.14,0.003666333155706525,0.0003424464666750282,0.0005655618151649833,0.0015968028455972672,0.012018091045320034,0.05730554834008217,0.9207088947296143,0.00379634159617126
sadness.204,0.0005265948711894453,0.003393664490431547,0.0026589157059788704,0.0005768794217146933,0.003475504694506526,0.0017507896991446614,0.11699244379997253,0.8706251978874207
sadness.140,0.12007240951061249,0.052352163940668106,0.003813881427049637,0.026053359732031822,0.006655052304267883,0.008215835317969322,0.5559785962104797,0.22685863077640533
sadness.205,0.012284410186111927,0.0025172149762511253,0.03565734624862671,0.011514744721353054,0.006467295810580254,0.022597402334213257,0.2806864380836487,0.6282750368118286
sadness.141,0.12427074462175369,0.08844243735074997,0.6375297904014587,0.0063017443753778934,0.011423838324844837,0.0004895711899735034,0.01825329288840294,0.11328857392072678
sadness.206,0.00017271640535909683,0.0006238811765797436,0.0010546771809458733,0.00017438772192690521,0.0003431395743973553,0.0012514637783169746,0.2855396866798401,0.7108400464057922
sadness.142,0.03553728386759758,0.31984227895736694,0.22446368634700775,0.055535681545734406,0.028309375047683716,0.01355596724897623,0.13400304317474365,0.18875278532505035
sadness.207,0.0003906173224095255,0.000385854858905077,0.014774833805859089,0.0037035478744655848,0.0291083175688982,0.0003289434243924916,0.21304507553577423,0.7382628321647644
sadness.143,0.5598734617233276,0.23152226209640503,0.14033235609531403,0.008806273341178894,0.0019270830089226365,0.021677091717720032,0.013762332499027252,0.022099047899246216
sadness.208,0.03494691103696823,0.03828568756580353,0.01296439953148365,0.02603323571383953,0.023460734635591507,0.40230879187583923,0.2481035441160202,0.2138967216014862
sadness.144,0.014476783573627472,0.15749545395374298,0.023889649659395218,0.13602672517299652,0.16495947539806366,0.08138158172369003,0.18507689237594604,0.23669347167015076
sadness.209,0.0006622910732403398,0.0012471198569983244,0.003902715165168047,0.00198272499255836,0.1870611608028412,0.0008067614398896694,0.013281417079269886,0.7910558581352234
sadness.145,0.03297046571969986,0.00798849668353796,0.029569363221526146,0.029560143128037453,0.09685872495174408,0.020980926230549812,0.6265929937362671,0.15547893941402435
sadness.21,0.011862706393003464,0.3489115834236145,0.01961498335003853,0.00733658391982317,0.012577813118696213,0.0026376384776085615,0.08456502109766006,0.5124937295913696
sadness.146,0.008302806876599789,0.00200824486091733,0.018498675897717476,0.0025467327795922756,0.08245301246643066,0.1745178997516632,0.6221626400947571,0.08950994908809662
sadness.210,0.0003370770427864045,0.0004532563907559961,0.001654946245253086,0.0005568567430600524,0.004752061329782009,4.7779201850062236e-05,0.0064998590387403965,0.9856981635093689
sadness.147,0.01909196376800537,0.006929414812475443,0.012502001598477364,0.0030379698146134615,0.012256222777068615,0.10376279056072235,0.43722784519195557,0.4051918089389801
sadness.211,0.7931560277938843,0.05754029378294945,0.07378369569778442,0.016285287216305733,0.002600546693429351,0.035804543644189835,0.011010651476681232,0.00981898047029972
sadness.148,0.021576128900051117,0.04656223952770233,0.11368876695632935,0.0037182599771767855,0.021222710609436035,0.003122325288131833,0.25310584902763367,0.537003755569458
sadness.212,0.17134933173656464,0.30326199531555176,0.42913100123405457,0.00101491529494524,0.0037544998340308666,0.0026630512438714504,0.018734555691480637,0.07009069621562958
sadness.149,0.2579619586467743,0.030903983861207962,0.033851440995931625,0.38048556447029114,0.08876565843820572,0.008112698793411255,0.03594936430454254,0.16396932303905487
sadness.213,0.011687565594911575,0.4593272805213928,0.10239959508180618,0.03020353801548481,0.02831551432609558,0.011541048064827919,0.116514652967453,0.24001078307628632
sadness.15,0.002590699354186654,0.012277184054255486,0.005308158230036497,0.0007785302004776895,0.002827554475516081,0.0020329465623944998,0.060573481023311615,0.9136114716529846
sadness.214,0.032471664249897,0.025958264246582985,0.04026827961206436,0.02792147360742092,0.04947943985462189,0.08046887814998627,0.49216389656066895,0.25126808881759644
sadness.150,0.03157550469040871,0.3351239264011383,0.06726263463497162,0.029961954802274704,0.09594643115997314,0.04762577638030052,0.16305607557296753,0.2294476479291916
sadness.215,0.006717471871525049,0.006944478955119848,0.09668168425559998,0.005629402119666338,0.02037653513252735,0.003649851307272911,0.1678531914949417,0.6921473741531372
sadness.151,0.13784590363502502,0.20188190042972565,0.07076951861381531,0.009348738007247448,0.023483868688344955,0.04831479862332344,0.4246057868003845,0.08374946564435959
sadness.216,0.014430224895477295,0.005691089667379856,0.0718061625957489,0.009606339037418365,0.059607747942209244,0.005740318913012743,0.36194318532943726,0.47117504477500916
sadness.152,0.038369469344615936,0.19321830570697784,0.2063513994216919,0.0518481582403183,0.03009038046002388,0.009496866725385189,0.2068471759557724,0.2637782394886017
sadness.217,0.1952318251132965,0.43515029549598694,0.27848488092422485,0.006088724825531244,0.0016731919022276998,0.002272015903145075,0.033121295273303986,0.047977715730667114
sadness.153,0.005395015701651573,0.002243827097117901,0.2937684655189514,0.024105129763484,0.01253469381481409,0.007269701920449734,0.012313521467149258,0.6423696279525757
sadness.161,0.03716237097978592,0.03188062831759453,0.08333952724933624,0.0257941372692585,0.2837204337120056,0.1943531483411789,0.0990387499332428,0.24471092224121094
sadness.218,0.03974422067403793,0.10018861293792725,0.07361692935228348,0.07591050118207932,0.09620289504528046,0.13515426218509674,0.11984773725271225,0.35933488607406616
sadness.162,0.0052629802376031876,0.001608824823051691,0.00812972616404295,0.005606368649750948,0.010450568050146103,0.016384175047278404,0.2650447189807892,0.6875125765800476
sadness.219,0.00025349127827212214,0.001189520349726081,0.0030649155378341675,0.001902522286400199,0.010414309799671173,0.0040974123403429985,0.01060898881405592,0.9684688448905945
sadness.163,0.019813014194369316,0.004123367834836245,0.1298457831144333,0.024207931011915207,0.03827493637800217,0.0052168662659823895,0.016211699694395065,0.7623064517974854
sadness.22,0.03106730431318283,0.25461244583129883,0.09349706768989563,0.02139044553041458,0.03693845123052597,0.02660607546567917,0.48038044571876526,0.05550774931907654
sadness.164,0.04507303982973099,0.006586572155356407,0.04134519398212433,0.007489789742976427,0.045299921184778214,0.026278750970959663,0.6735917329788208,0.15433499217033386
sadness.220,0.01575617305934429,0.17156390845775604,0.1280275136232376,0.007446334697306156,0.004739538300782442,0.0034645982086658478,0.06743193417787552,0.6015699505805969
sadness.165,0.0177377350628376,0.5137145519256592,0.2350703924894333,0.028759270906448364,0.011273091658949852,0.0025854134000837803,0.06556642800569534,0.12529316544532776
sadness.221,0.0007420492474921048,0.006464631296694279,0.008412807248532772,0.00138129573315382,0.036558445543050766,0.0017965463921427727,0.04658003896474838,0.8980642557144165
sadness.166,0.004877997096627951,0.0022884164936840534,0.0024035072419792414,0.007923250086605549,0.15807709097862244,0.0013233815552666783,0.6222540140151978,0.20085230469703674
sadness.222,0.012755634263157845,0.005899619311094284,0.10675836354494095,0.005099077243357897,0.04940157011151314,0.0008105576853267848,0.011568145826458931,0.8077069520950317
sadness.167,0.005562898702919483,0.0036021708510816097,0.027417274191975594,0.0036250189878046513,0.003492186078801751,0.16804833710193634,0.39332056045532227,0.3949316143989563
sadness.223,0.05764364078640938,0.014335553161799908,0.08082372695207596,0.006224068347364664,0.010670013725757599,0.3501386046409607,0.3392174243927002,0.14094695448875427
sadness.168,0.005443771369755268,0.0018000253476202488,0.026488659903407097,0.0895385593175888,0.1294526606798172,0.019103849306702614,0.07730966806411743,0.6508628129959106
sadness.224,0.013068347238004208,0.013733328320086002,0.008762353099882603,0.021054577082395554,0.18246816098690033,0.015617958270013332,0.2706819176673889,0.4746134281158447
sadness.169,0.03824393078684807,0.024965018033981323,0.1270030289888382,0.04880495369434357,0.15245480835437775,0.00184568390250206,0.23260509967803955,0.3740774691104889
sadness.225,0.0020188346970826387,0.00027125808992423117,0.0030108143109828234,0.003186901332810521,0.034687936305999756,0.016735007986426353,0.8300921320915222,0.10999716073274612
sadness.17,0.0648685097694397,0.050264205783605576,0.041104283183813095,0.023004239425063133,0.02235468477010727,0.0326104611158371,0.7088210582733154,0.05697263404726982
sadness.226,0.15530399978160858,0.023241613060235977,0.15873892605304718,0.08380024135112762,0.05128610506653786,0.07222089916467667,0.03656158223748207,0.41884666681289673
sadness.227,0.0006385812885127962,0.0014024359406903386,0.0043866937048733234,0.002844170667231083,0.030401835218071938,0.0021540275774896145,0.18266277015209198,0.7755094766616821
sadness.228,0.04361428692936897,0.007835048250854015,0.17824997007846832,0.06070362403988838,0.14358942210674286,0.013722195290029049,0.023732054978609085,0.5285534262657166
sadness.229,0.008820241317152977,0.005999553482979536,0.018104566261172295,0.01835947483778,0.03546425327658653,0.0016619970556348562,0.029411422088742256,0.8821784853935242
sadness.23,0.05487825348973274,0.1966978758573532,0.09920996427536011,0.5121874213218689,0.06144813075661659,0.001419673440977931,0.06293989717960358,0.011218748986721039
sadness.230,0.004753269255161285,0.006123517174273729,0.007024517748504877,0.0023183960001915693,0.00439186068251729,0.002720561344176531,0.5692098736763,0.40345802903175354
sadness.231,0.006528574973344803,0.008271992206573486,0.798576831817627,0.003660080721601844,0.000668163935188204,0.0003106510266661644,0.004747306928038597,0.17723634839057922
sadness.232,0.013231895864009857,0.043819356709718704,0.0325426310300827,0.0006691330345347524,0.004292487166821957,0.00412024138495326,0.05444420501589775,0.8468800783157349
sadness.233,0.01507155317813158,0.043299973011016846,0.02037106081843376,0.0024906478356570005,0.13885211944580078,0.026591332629323006,0.367641806602478,0.38568148016929626
sadness.234,0.006539799273014069,0.01144260074943304,0.026982707902789116,0.019321007654070854,0.006934568285942078,0.021985618397593498,0.12606367468833923,0.7807300090789795
sadness.235,0.0027735992334783077,0.004427735693752766,0.0026320484466850758,0.005563277751207352,0.0028671021573245525,0.004160800017416477,0.8034858703613281,0.17408958077430725
sadness.236,0.014072900637984276,0.6474488377571106,0.022041112184524536,0.03055187128484249,0.07150483131408691,0.004893640521913767,0.07468824833631516,0.1347985863685608
sadness.237,0.036972999572753906,0.035967327654361725,0.04779861494898796,0.17993584275245667,0.18234498798847198,0.027643924579024315,0.19459973275661469,0.2947366535663605
sadness.238,0.0009653765591792762,0.009262163192033768,0.004553596954792738,0.001225047162733972,0.0018475701799616218,0.001428264775313437,0.033415522426366806,0.9473024010658264
sadness.239,0.025575092062354088,0.6057756543159485,0.167844757437706,0.01893158070743084,0.018982917070388794,0.061489079147577286,0.03017314337193966,0.07122781127691269
sadness.24,0.0028796850237995386,0.004971345420926809,0.008199552074074745,0.023531995713710785,0.08747466653585434,0.0002605534973554313,0.5425476431846619,0.33013463020324707
sadness.240,0.0005780723877251148,0.0009954769629985094,0.005250922869890928,0.0016331457300111651,0.010881876572966576,0.01416061446070671,0.1665906310081482,0.799909234046936
sadness.241,0.006574817467480898,0.004619542974978685,0.027445124462246895,0.005117602646350861,0.022063368931412697,0.4460941553115845,0.2882134020328522,0.1998719573020935
sadness.242,0.0345904678106308,0.010996424593031406,0.25746721029281616,0.011363934725522995,0.08578439056873322,0.007769373245537281,0.05440700426697731,0.5376212000846863
sadness.243,0.00015188737597782165,0.00021412201749626547,0.0012669074349105358,0.000548181589692831,0.010656030848622322,0.002686557359993458,0.01807519420981407,0.9664011001586914
sadness.244,0.06916415691375732,0.6686140298843384,0.06012660637497902,0.011812717653810978,0.005911170970648527,0.004749021027237177,0.08699436485767365,0.09262795746326447
sadness.245,0.015097906813025475,0.7648077607154846,0.09147217124700546,0.012781067751348019,0.004079717211425304,0.0033790948800742626,0.008534780703485012,0.0998474732041359
sadness.246,0.5330063104629517,0.012930396012961864,0.0317748598754406,0.00862000323832035,0.004826519638299942,0.0031222261022776365,0.33367305994033813,0.0720466896891594
sadness.247,0.0022291128989309072,0.0021693825256079435,0.014274399727582932,0.0028562957886606455,0.007808608002960682,0.0020878531504422426,0.07047314196825027,0.898101270198822
sadness.248,0.0068815648555755615,0.7838287353515625,0.010308673605322838,0.002941550686955452,0.010124878026545048,0.0019826930947601795,0.016437001526355743,0.16749490797519684
sadness.249,0.0011461710091680288,0.0013338826829567552,0.0019099863711744547,0.0006604099180549383,0.006718742661178112,0.008916384540498257,0.3723526895046234,0.6069617867469788
sadness.25,0.0005899509997107089,0.01186764519661665,0.002089389832690358,0.00018178208847530186,0.0008767120889388025,0.000520185218192637,0.005660087335854769,0.9782142639160156
sadness.250,0.014602779410779476,0.044164858758449554,0.04025448113679886,0.023339463397860527,0.3817443549633026,0.05052585527300835,0.20154574513435364,0.2438223958015442
sadness.251,0.04120317101478577,0.20483769476413727,0.4005502164363861,0.20609739422798157,0.016883788630366325,0.0016421036561951041,0.06516461819410324,0.06362103670835495
sadness.252,0.026864023879170418,0.0061703030951321125,0.019608967006206512,0.007132821716368198,0.07994569838047028,0.004941939376294613,0.18058878183364868,0.6747474670410156
sadness.253,0.02013060823082924,0.030359650030732155,0.40761035680770874,0.007271531969308853,0.014557862654328346,0.023656941950321198,0.1429215669631958,0.3534914553165436
sadness.254,0.016526268795132637,0.3568493723869324,0.5533548593521118,0.011337175965309143,0.015866288915276527,0.0059870765544474125,0.020100248977541924,0.019978802651166916
sadness.255,0.01644277386367321,0.06282731890678406,0.07303022593259811,0.023070134222507477,0.07468181103467941,0.002052171388641,0.40892598032951355,0.3389696180820465
sadness.256,0.03627515956759453,0.2687385082244873,0.4923720061779022,0.017828581854701042,0.008548414334654808,0.0032815844751894474,0.1355411410331726,0.0374145470559597
sadness.257,0.0016354979015886784,0.001326682628132403,0.0012238038470968604,0.0009559514583088458,0.06500633805990219,0.005502949468791485,0.7097940444946289,0.21455472707748413
sadness.258,0.002373266499489546,0.688327968120575,0.034564509987831116,0.003081244882196188,0.047610457986593246,0.03139147534966469,0.04984993860125542,0.14280112087726593
sadness.259,0.01145207416266203,0.01698884926736355,0.030447835102677345,0.03136471286416054,0.1880086362361908,0.003070907201617956,0.0968998521566391,0.6217671632766724
sadness.26,0.004153835121542215,0.002934435149654746,0.06684038788080215,0.013512421399354935,0.012027128599584103,0.006164690479636192,0.04162614792585373,0.8527409434318542
sadness.260,0.003461389569565654,0.017007535323500633,0.10123421251773834,0.015198519453406334,0.009775716811418533,0.00047318803262896836,0.08755148202180862,0.765298068523407
sadness.261,0.09686846286058426,0.006963386666029692,0.016039343550801277,0.04512561857700348,0.17321863770484924,0.004326828755438328,0.6116532683372498,0.0458044558763504
sadness.262,0.00771322101354599,0.004004486836493015,0.025593219324946404,0.012064259499311447,0.09111210703849792,0.004207161255180836,0.1405217945575714,0.7147837281227112
sadness.263,0.001365899806842208,0.0005597820854745805,0.003921586088836193,0.0006268437136895955,0.00045504752779379487,0.0009992494015023112,0.061539627611637115,0.9305319786071777
sadness.264,0.2403670996427536,0.046219758689403534,0.4950392246246338,0.073341965675354,0.007273517549037933,0.019242513924837112,0.007772714830935001,0.11074317991733551
sadness.265,0.009068083949387074,0.011990378610789776,0.07232879847288132,0.00128918734844774,0.004756055306643248,0.003015608759596944,0.14639361202716827,0.7511582374572754
sadness.266,0.0023720392491668463,0.002597304293885827,0.004098125267773867,0.004607918672263622,0.07015569508075714,0.003605825826525688,0.6518802046775818,0.2606828212738037
sadness.267,0.012594228610396385,0.01275132317095995,0.008093798533082008,0.009823002852499485,0.03535868227481842,0.03954625129699707,0.3053142726421356,0.5765184164047241
sadness.268,0.027333324775099754,0.1698959916830063,0.07945161312818527,0.08695264905691147,0.00711028790101409,0.002239151857793331,0.18200816214084625,0.4450088441371918
sadness.269,0.014841915108263493,0.8585984110832214,0.10093091428279877,0.0052752504125237465,0.003942189738154411,0.005040368530899286,0.003879808122292161,0.00749111408367753
sadness.27,0.0023507566656917334,0.04683012515306473,0.036912575364112854,0.0041940538212656975,0.004943264182657003,0.04082658514380455,0.2900691330432892,0.5738734602928162
sadness.270,0.02071276679635048,0.05483115464448929,0.014080815017223358,0.008432997390627861,0.007547389715909958,0.0022529829293489456,0.13463933765888214,0.7575026154518127
sadness.271,0.016735659912228584,0.025747451931238174,0.011393504217267036,0.0022362181916832924,0.013584699481725693,0.013253938406705856,0.6493839025497437,0.26766467094421387
sadness.272,0.010348870418965816,0.015986839309334755,0.20147478580474854,0.006762741599231958,0.0630912259221077,0.003398735309019685,0.4716096818447113,0.2273271381855011
sadness.273,0.000639513018541038,0.004961770493537188,0.00735189625993371,0.0010744354221969843,0.07729191333055496,0.02524431049823761,0.6514298319816589,0.23200637102127075
sadness.274,0.04226559400558472,0.008238408714532852,0.011557194404304028,0.009377756156027317,0.0681934654712677,0.0040357233956456184,0.8129552602767944,0.04337666556239128
sadness.275,0.03102174401283264,0.10966209322214127,0.044231951236724854,0.003002097364515066,0.019243065267801285,0.104939304292202,0.5469200015068054,0.14097964763641357
sadness.276,0.046241458505392075,0.13723836839199066,0.07791504263877869,0.010560405440628529,0.12999802827835083,0.010284475982189178,0.2873440086841583,0.3004182279109955
sadness.277,0.010664221830666065,0.051701806485652924,0.5563698410987854,0.027615947648882866,0.015368310734629631,0.007620670832693577,0.23141901195049286,0.0992402508854866
sadness.278,0.0032033270690590143,0.01563812606036663,0.01654372364282608,0.004139465745538473,0.010427309200167656,0.0005244060303084552,0.49047961831092834,0.45904409885406494
sadness.279,0.0015016458928585052,0.001131395809352398,0.0061948890797793865,0.0015386452432721853,0.0034208002034574747,0.004061524290591478,0.47514447569847107,0.5070066452026367
sadness.28,0.006486508063971996,0.008507047779858112,0.4154559373855591,0.004629660863429308,0.0059668985195457935,0.008254585787653923,0.2271794080734253,0.3235200047492981
sadness.280,0.1092933788895607,0.3179868459701538,0.3885819613933563,0.0038420811761170626,0.022789785638451576,0.029269495978951454,0.037358298897743225,0.09087814390659332
sadness.281,0.0012984528439119458,0.9773063063621521,0.008660174906253815,0.0030078613199293613,0.00403421139344573,0.00047295261174440384,0.00348245189525187,0.001737613813020289
sadness.282,0.0024628760293126106,0.004110217094421387,0.020407676696777344,0.007090377621352673,0.0642886608839035,0.0010023490758612752,0.20695076882839203,0.6936871409416199
sadness.283,0.0030861401464790106,0.002852835925295949,0.006490643601864576,0.00411913450807333,0.02335164323449135,0.0038508379366248846,0.24754077196121216,0.7087079882621765
sadness.284,0.0014756422024220228,0.0027662948705255985,0.014307585544884205,0.002574416110292077,0.02015683986246586,0.0006045198533684015,0.17696167528629303,0.78115314245224
sadness.285,0.031458623707294464,0.01742015779018402,0.02609146200120449,0.012028575874865055,0.060492005199193954,0.013409092091023922,0.4706162214279175,0.36848393082618713
sadness.286,0.012266121804714203,0.007188707124441862,0.054371949285268784,0.008808682672679424,0.01833060011267662,0.029155490919947624,0.10976829379796982,0.7601101994514465
sadness.287,0.005093433428555727,0.014234298840165138,0.09708841145038605,0.029188185930252075,0.008167177438735962,0.004341725260019302,0.0911155641078949,0.750771164894104
sadness.288,0.013061950914561749,0.6150465607643127,0.13956564664840698,0.11818638443946838,0.016915293410420418,0.009921388700604439,0.03560033068060875,0.05170244351029396
sadness.289,0.0006546202930621803,0.0018582496559247375,0.0015196712920442224,0.002869082149118185,0.018950527533888817,0.03437379002571106,0.8718100786209106,0.06796403974294662
sadness.29,0.11310390383005142,0.07253319770097733,0.3435957729816437,0.003353904699906707,0.05382990092039108,0.08677224069833755,0.25157472491264343,0.07523632794618607
sadness.290,0.02576819807291031,0.019322795793414116,0.21140174567699432,0.03241410851478577,0.49845221638679504,0.00510674761608243,0.07507414370775223,0.13245996832847595
sadness.291,0.00038748999941162765,0.0012368329335004091,0.00221000867895782,0.0005868233856745064,0.0501769483089447,0.0002609305374789983,0.0744176134467125,0.8707233667373657
sadness.292,0.0010792254470288754,0.003857252886518836,0.13999226689338684,0.0009687787387520075,0.005693796556442976,0.0012111010728403926,0.012196056544780731,0.8350014090538025
sadness.293,0.005607756786048412,0.0028479367028921843,0.0022571247536689043,0.0019955772440880537,0.005994513165205717,0.004608173854649067,0.6457268595695496,0.33096206188201904
sadness.294,0.0006256388151086867,0.00041847408283501863,0.002047779504209757,0.0006366829038597643,0.0008858166984282434,0.029779136180877686,0.7020253539085388,0.26358112692832947
sadness.295,0.12028875946998596,0.216941237449646,0.20389969646930695,0.060844503343105316,0.011585807427763939,0.006629084702581167,0.360001802444458,0.019809022545814514
sadness.296,0.1303372085094452,0.2857685089111328,0.3612038493156433,0.012154544703662395,0.011688971891999245,0.01995338872075081,0.07258684933185577,0.10630674660205841
sadness.297,0.02831677906215191,0.07765553891658783,0.017128508538007736,0.08766726404428482,0.021362939849495888,0.010735245421528816,0.4416603147983551,0.315473347902298
sadness.298,0.11219436675310135,0.021253395825624466,0.569361686706543,0.009159786626696587,0.016638193279504776,0.029213737696409225,0.054388951510190964,0.18778987228870392
sadness.299,0.062431350350379944,0.05648793652653694,0.3841894567012787,0.04031738266348839,0.08362909406423569,0.010518799535930157,0.2517618238925934,0.11066416651010513
sadness.3,0.007173989433795214,0.33825260400772095,0.036191344261169434,0.018623098731040955,0.013310389593243599,0.005883150268346071,0.32171016931533813,0.25885525345802307
sadness.30,0.247462198138237,0.20988479256629944,0.048168450593948364,0.004551456775516272,0.006321039516478777,0.2123347818851471,0.20285114645957947,0.06842611730098724
sadness.300,0.14329543709754944,0.03097151219844818,0.04455423355102539,0.02835029549896717,0.05541544035077095,0.054312873631715775,0.3416292071342468,0.301471084356308
sadness.301,0.00706692598760128,0.005213714670389891,0.2558978497982025,0.012134533375501633,0.07387439161539078,0.010181993246078491,0.18493255972862244,0.4506980776786804
sadness.302,0.006177825387567282,0.008749794214963913,0.02667592652142048,0.014592562802135944,0.027353378012776375,0.0014322631759569049,0.33384642004966736,0.5811718702316284
sadness.303,0.0023282598704099655,0.002201140159741044,0.006762833334505558,0.005175603553652763,0.06890389323234558,0.003043278120458126,0.36431729793548584,0.5472676753997803
sadness.304,0.0005515298107638955,0.01077653281390667,0.0006178004550747573,0.00020748520910274237,0.0021004104055464268,0.006497553084045649,0.09679292887449265,0.8824557662010193
sadness.305,0.0109925651922822,0.0035030199214816093,0.0463627390563488,0.013038893230259418,0.2437315732240677,0.002454275032505393,0.28658148646354675,0.3933354318141937
sadness.306,0.11126871407032013,0.029937321320176125,0.5913746356964111,0.022859787568449974,0.015225403010845184,0.02173680253326893,0.024525698274374008,0.18307165801525116
sadness.307,0.0009135609143413603,0.0023004314862191677,0.012416331097483635,0.0024580892641097307,0.14251483976840973,0.0038219743873924017,0.05783403292298317,0.7777407765388489
sadness.308,0.005710278637707233,0.006342385429888964,0.016179615631699562,0.006487403064966202,0.033757325261831284,0.004624624270945787,0.9039661884307861,0.022932222113013268
sadness.309,0.003728021401911974,0.005465192254632711,0.02439689449965954,0.002136019989848137,0.009965967386960983,0.034771788865327835,0.8878619074821472,0.03167424723505974
sadness.31,0.00023418381169904023,0.0009882838930934668,0.0015337964287027717,0.0002559399581514299,0.002878380473703146,0.050074826925992966,0.04120481014251709,0.9028298258781433
sadness.310,0.01744334027171135,0.010008650831878185,0.2629620134830475,0.014020794071257114,0.024801503866910934,0.0030313439201563597,0.11690855026245117,0.5508237481117249
sadness.311,0.1880524456501007,0.3388477563858032,0.11193215101957321,0.006639205850660801,0.049793872982263565,0.0055983830243349075,0.27396729588508606,0.025168906897306442
sadness.312,0.0035353407729417086,0.026669900864362717,0.0024873018264770508,0.0007487403927370906,0.0007389749516732991,0.0025179656222462654,0.038066137582063675,0.9252356886863708
sadness.313,0.027281029149889946,0.04026993364095688,0.07663413137197495,0.027219418436288834,0.2165178656578064,0.01276433002203703,0.21874183416366577,0.38057151436805725
sadness.314,0.011182112619280815,0.21761177480220795,0.04009109362959862,0.007458773907274008,0.012180257588624954,0.010808626189827919,0.04850541800260544,0.6521620154380798
sadness.315,0.03567270562052727,0.010414395481348038,0.03096899203956127,0.05926378071308136,0.049736138433218,0.0021691364236176014,0.35900068283081055,0.4527742266654968
sadness.316,0.0020285758655518293,0.8632522225379944,0.06327223777770996,0.013227567076683044,0.008188145235180855,0.0010891964193433523,0.009094659239053726,0.03984733298420906
sadness.317,0.00039506732719019055,0.0015276109334081411,0.0046791816130280495,0.0013216418446972966,0.013435383327305317,0.0014240468153730035,0.16900943219661713,0.8082075715065002
sadness.318,0.05908505618572235,0.02265273593366146,0.20578457415103912,0.009929702617228031,0.012216836214065552,0.37659943103790283,0.20752906799316406,0.10620256513357162
sadness.319,0.009614391252398491,0.028785403817892075,0.06871090084314346,0.3649585545063019,0.16929836571216583,0.0040566944517195225,0.2545963227748871,0.09997940808534622
sadness.32,0.0030510404612869024,0.021055834367871284,0.06711036711931229,0.0052733696065843105,0.02731313556432724,0.0016994031611829996,0.48617684841156006,0.38832008838653564
sadness.320,0.014269862323999405,0.019070621579885483,0.2139182984828949,0.17398293316364288,0.02341693826019764,0.002866271184757352,0.07492335885763168,0.47755178809165955
sadness.321,0.013674261048436165,0.013692322187125683,0.08990751206874847,0.020919958129525185,0.06426678597927094,0.0057146428152918816,0.09743503481149673,0.6943894624710083
sadness.322,0.0027443196158856153,0.48014459013938904,0.00784868374466896,0.0020262040197849274,0.005285853520035744,0.0020609383936971426,0.058875489979982376,0.4410138428211212
sadness.323,0.12099345773458481,0.11590234190225601,0.09456060081720352,0.011847708374261856,0.1041521206498146,0.14850229024887085,0.29484444856643677,0.10919706523418427
sadness.324,0.17705821990966797,0.38764140009880066,0.3284884989261627,0.0012970553943887353,0.0024224859662353992,0.001923761097714305,0.028523437678813934,0.07264509052038193
sadness.325,0.0006110051181167364,0.0016394105041399598,0.001906636287458241,0.0006635359022766352,0.001978617627173662,0.004912021104246378,0.664415180683136,0.3238736391067505
sadness.326,0.009051341563463211,0.04805814474821091,0.17260663211345673,0.03678235039114952,0.06958413869142532,0.003192993812263012,0.15460173785686493,0.5061227083206177
sadness.327,0.004112232942134142,0.0037845084443688393,0.010140708647668362,0.03530902788043022,0.014270045794546604,0.0017173697706311941,0.06906414031982422,0.8616019487380981
sadness.328,0.010495485737919807,0.021577127277851105,0.022632397711277008,0.004230542108416557,0.00782476831227541,0.0028488088864833117,0.5399319529533386,0.39045894145965576
sadness.329,0.015994790941476822,0.004581565968692303,0.014768538996577263,0.07084804028272629,0.2804352939128876,0.00237440993078053,0.3582494258880615,0.25274795293807983
sadness.33,0.6907472014427185,0.006038384512066841,0.12305030971765518,0.00637012766674161,0.00754094822332263,0.0076236124150455,0.10081927478313446,0.05781012773513794
sadness.330,0.08803336322307587,0.02112816646695137,0.041358403861522675,0.093632772564888,0.01191524788737297,0.5896470546722412,0.06829146295785904,0.08599349856376648
sadness.34,0.022783180698752403,0.008549311198294163,0.019918490201234818,0.05326901748776436,0.10656057298183441,0.00533959548920393,0.6373441219329834,0.1462356597185135
sadness.35,0.1426229178905487,0.013431467115879059,0.16669556498527527,0.018748460337519646,0.032040029764175415,0.0271912794560194,0.23708750307559967,0.36218270659446716
sadness.36,0.0009004284511320293,0.0012270585866644979,0.004851466044783592,0.007080497220158577,0.18477962911128998,0.00045288869296200573,0.5936359763145447,0.2070719450712204
sadness.37,0.004016009625047445,0.010766403749585152,0.03652513027191162,0.009939491748809814,0.04093119874596596,0.003887718077749014,0.09077581018209457,0.8031583428382874
sadness.38,0.03979877755045891,0.16985708475112915,0.6449588537216187,0.009508389979600906,0.009208331815898418,0.020362207666039467,0.017361728474497795,0.08894472569227219
sadness.39,0.08829793334007263,0.039627064019441605,0.2840990722179413,0.036315448582172394,0.037174392491579056,0.12598511576652527,0.15826690196990967,0.2302340865135193
sadness.4,0.20527631044387817,0.2345910221338272,0.057251133024692535,0.051414210349321365,0.04302489012479782,0.06815692782402039,0.19174596667289734,0.14853961765766144
sadness.40,0.013815737329423428,0.42960503697395325,0.3186261057853699,0.012084522284567356,0.004936374258249998,0.004744056146591902,0.09946442395448685,0.11672370880842209
sadness.41,0.0042743380181491375,0.7249236702919006,0.17926324903964996,0.0016998575301840901,0.0021190736442804337,0.0038615588564425707,0.01589532382786274,0.06796285510063171
sadness.42,0.003201888408511877,0.0012377132661640644,0.003018595976755023,0.004685268737375736,0.05408404394984245,0.0004931878647767007,0.8710241317749023,0.06225518882274628
sadness.43,0.36661162972450256,0.07771553844213486,0.466204971075058,0.000798343971837312,0.0017477985238656402,0.011186417192220688,0.03479086980223656,0.04094436392188072
sadness.44,0.011767205782234669,0.00995650514960289,0.013985988683998585,0.001436556689441204,0.0015502130845561624,0.006286619231104851,0.027653232216835022,0.9273635745048523
sadness.45,0.0029909664299339056,0.014498792588710785,0.030228979885578156,0.008636155165731907,0.033910758793354034,0.050140056759119034,0.1822160929441452,0.6773781776428223
sadness.46,0.006002125795930624,0.0035116926301270723,0.003555117640644312,0.006387871224433184,0.23767615854740143,0.005548483692109585,0.16959363222122192,0.5677249431610107
sadness.47,0.007119162939488888,0.023790432140231133,0.023974644020199776,0.015296675264835358,0.10469689220190048,0.03369884565472603,0.5036158561706543,0.28780749440193176
sadness.48,0.0022562192752957344,0.007362803444266319,0.005288919433951378,0.002185491379350424,0.019562216475605965,0.018520791083574295,0.17557275295257568,0.7692508101463318
sadness.49,0.00044416479067876935,0.002082203282043338,0.005776602309197187,0.002081779297441244,0.043316204100847244,0.00034841487649828196,0.008919617161154747,0.9370309114456177
sadness.5,0.11747337877750397,0.033794667571783066,0.15548193454742432,0.011175700463354588,0.06394829601049423,0.08554854989051819,0.46315234899520874,0.06942521780729294
sadness.50,0.01635511964559555,0.012922949157655239,0.018055863678455353,0.00622429046779871,0.24395765364170074,0.006017811596393585,0.4229259192943573,0.27354034781455994
sadness.51,0.009566104970872402,0.0072587160393595695,0.015334095805883408,0.017239030450582504,0.16097326576709747,0.006272149737924337,0.4797533452510834,0.30360326170921326
sadness.52,0.0009812952484935522,0.001806315267458558,0.004131982568651438,0.0020920787937939167,0.0036137488204985857,0.004431554581969976,0.8540114760398865,0.12893156707286835
sadness.53,0.004141959361732006,0.025163700804114342,0.03888688609004021,0.020371602848172188,0.13897691667079926,0.0020053181797266006,0.1009959876537323,0.6694576740264893
sadness.54,0.0029372526332736015,0.01742725260555744,0.02703053504228592,0.006131359841674566,0.004498290829360485,0.04602683708071709,0.8722643256187439,0.023684164509177208
sadness.55,0.008401144295930862,0.012643713504076004,0.040797073394060135,0.000866429996676743,0.0033038719557225704,0.10088273137807846,0.2965165674686432,0.5365885496139526
sadness.56,0.0007837626035325229,0.0012015183456242085,0.0008668501977808774,0.0003536930598784238,0.0015892655355855823,0.0039663491770625114,0.8997159600257874,0.09152267128229141
sadness.57,0.0019638603553175926,0.000780868052970618,0.018141956999897957,0.001420218381099403,0.017210545018315315,0.0182226300239563,0.2580775022506714,0.6841824054718018
sadness.58,0.0017867025453597307,0.004389999434351921,0.004739813506603241,0.0028696460649371147,0.027472706511616707,0.0037612016312777996,0.2262982875108719,0.7286816835403442
sadness.59,0.0021614048164337873,0.0071664792485535145,0.004676439333707094,0.0007396273431368172,0.001969156786799431,0.002249658340588212,0.11526154726743698,0.8657757043838501
sadness.6,0.0013586673885583878,0.0394698828458786,0.004350738599896431,0.001040400005877018,0.0004898552433587611,0.0005033099441789091,0.004221441224217415,0.948565661907196
sadness.60,0.04596620053052902,0.5169898867607117,0.24618901312351227,0.021211374551057816,0.0073500098660588264,0.027814209461212158,0.057789307087659836,0.07668999582529068
sadness.61,0.030468164011836052,0.11639965325593948,0.2238779515028,0.5725937485694885,0.003997346386313438,0.0016808812506496906,0.008419456891715527,0.04256276413798332
sadness.62,0.013759883120656013,0.014380132779479027,0.10580406337976456,0.05443853512406349,0.03291146084666252,0.07668721675872803,0.28724926710128784,0.41476938128471375
sadness.63,0.26082518696784973,0.023875240236520767,0.22930090129375458,0.3579912781715393,0.0071081421338021755,0.015001320280134678,0.039796460419893265,0.06610143929719925
sadness.64,0.0018660851055756211,0.008208896033465862,0.019088638946413994,0.004384198691695929,0.006552077829837799,0.0032389527186751366,0.1857493817806244,0.7709118127822876
sadness.65,0.04115353897213936,0.03746404871344566,0.10606686025857925,0.020507793873548508,0.01369097176939249,0.08568507432937622,0.1016121432185173,0.5938194990158081
sadness.66,0.03322131559252739,0.02311016619205475,0.027153657749295235,0.08862674236297607,0.01973440684378147,0.026105847209692,0.3238144516944885,0.45823341608047485
sadness.67,0.21786093711853027,0.1682865023612976,0.05102424696087837,0.03291140869259834,0.04070129618048668,0.1671137660741806,0.2873036563396454,0.03479810804128647
sadness.68,0.0027877818793058395,0.0016097648767754436,0.001450812560506165,0.0005451945471577346,0.003966096788644791,0.007036506664007902,0.4869149625301361,0.49568885564804077
sadness.69,0.22538812458515167,0.5700802803039551,0.1378149539232254,0.0011252169497311115,0.001854067319072783,0.02502964809536934,0.02425277605652809,0.014454929158091545
sadness.7,0.007381327450275421,0.9766322374343872,0.00659624207764864,0.0006125784129835665,0.0016993526369333267,0.0008219672599807382,0.0040032085962593555,0.0022530443966388702
sadness.70,0.0025146640837192535,0.011986205354332924,0.01963610202074051,0.005011572502553463,0.016304366290569305,0.001403315574862063,0.5085073709487915,0.43463632464408875
sadness.71,0.03681114315986633,0.01216947939246893,0.055468153208494186,0.03770515322685242,0.019217241555452347,0.012186487205326557,0.7334083914756775,0.09303390234708786
sadness.72,0.22841812670230865,0.08062314242124557,0.18682019412517548,0.007557165343314409,0.008520998060703278,0.10951235890388489,0.14977721869945526,0.22877085208892822
sadness.73,0.012149356305599213,0.009065080434083939,0.07042021304368973,0.1054024025797844,0.1737636923789978,0.0034334692172706127,0.2806628942489624,0.3451029062271118
sadness.74,0.40596190094947815,0.45776721835136414,0.05428097024559975,0.016629502177238464,0.007167273201048374,0.03244907781481743,0.01585003361105919,0.00989405158907175
sadness.75,0.0005139723070897162,0.0013303657760843635,0.0030549836810678244,0.0032136798836290836,0.009259375743567944,0.0025650542229413986,0.37755271792411804,0.6025099158287048
sadness.76,0.017529921606183052,0.32014474272727966,0.43092164397239685,0.01748884655535221,0.002806231379508972,0.004275190178304911,0.013910270296037197,0.1929231435060501
sadness.77,0.00943917315453291,0.7847156524658203,0.08322995901107788,0.02470969222486019,0.0049093132838606834,0.0018099910812452435,0.03243522718548775,0.05875092372298241
sadness.78,0.01405066903680563,0.02658011019229889,0.04024061560630798,0.007024697959423065,0.017146022990345955,0.5657418966293335,0.1326742023229599,0.19654181599617004
sadness.79,0.0043351431377232075,0.0021601300686597824,0.01207603607326746,0.008778986521065235,0.09305009245872498,0.004087943583726883,0.7520468235015869,0.12346480041742325
sadness.8,0.21251524984836578,0.08971256017684937,0.3564213216304779,0.03285886347293854,0.003598354524001479,0.18145520985126495,0.04249481484293938,0.08094360679388046
sadness.80,0.006853200029581785,0.16847844421863556,0.07212203741073608,0.011619878001511097,0.04896785318851471,0.0857359990477562,0.12765073776245117,0.47857195138931274
sadness.81,0.3365919291973114,0.008426522836089134,0.09131108969449997,0.5069906115531921,0.02553129754960537,0.0035819890908896923,0.0073468382470309734,0.02021973766386509
sadness.82,0.0672227293252945,0.010583139024674892,0.04212981089949608,0.147770494222641,0.03366214409470558,0.021054210141301155,0.23806582391262054,0.4395116865634918
sadness.83,0.18659421801567078,0.008412902243435383,0.5229484438896179,0.021006567403674126,0.009838737547397614,0.002930860035121441,0.023368705064058304,0.2248995453119278
sadness.84,0.07915174961090088,0.13726621866226196,0.08739250898361206,0.0016720826970413327,0.003565757302567363,0.4330035150051117,0.17275884747505188,0.0851893499493599
sadness.85,0.0038569055031985044,0.0049170502461493015,0.013397639617323875,0.006946062669157982,0.2156030684709549,0.1462041139602661,0.2022368460893631,0.4068383574485779
sadness.86,0.04925394803285599,0.04135093092918396,0.04650348797440529,0.03463195636868477,0.10187476128339767,0.09123152494430542,0.14263521134853363,0.4925181269645691
sadness.87,0.09977664798498154,0.021290915086865425,0.241095170378685,0.06839602440595627,0.025847680866718292,0.07876934856176376,0.07256724685430527,0.3922569453716278
sadness.88,0.0354190431535244,0.026875121518969536,0.1342039704322815,0.02684442698955536,0.17244891822338104,0.0017927719745784998,0.05545341596007347,0.5469622611999512
sadness.89,0.0027446828316897154,0.0033413111232221127,0.005917192902415991,0.0043634348548948765,0.01804974116384983,0.0017802811926230788,0.6217764019966125,0.342026948928833
sadness.9,0.010502188466489315,0.012938360683619976,0.12191431224346161,0.004582277033478022,0.10725713521242142,0.006304023787379265,0.5465492010116577,0.18995250761508942
sadness.90,0.0157476756721735,0.017168017104268074,0.007952957414090633,0.02986634150147438,0.03191361948847771,0.008617492392659187,0.7832732200622559,0.10546070337295532
sadness.91,0.02619517222046852,0.31506139039993286,0.23172900080680847,0.059572137892246246,0.05376787111163139,0.0005017986986786127,0.049538325518369675,0.26363426446914673
sadness.92,0.004748097155243158,0.010853027924895287,0.2163085788488388,0.01617719605565071,0.017190178856253624,0.01003785990178585,0.24686788022518158,0.4778172969818115
sadness.93,0.02573525905609131,0.023956427350640297,0.05416075140237808,0.07067409157752991,0.04432075843214989,0.002280093962326646,0.6296820640563965,0.14919057488441467
sadness.94,0.061802469193935394,0.09472450613975525,0.09730550646781921,0.10870012640953064,0.22644160687923431,0.006765737663954496,0.11340611428022385,0.29085391759872437
sadness.95,0.21651947498321533,0.015811895951628685,0.3849886953830719,0.25592240691185,0.02953503653407097,0.006436556112021208,0.03787825629115105,0.052907634526491165
sadness.96,0.12581726908683777,0.7378516793251038,0.04931528493762016,0.00670667365193367,0.005276603624224663,0.010689571499824524,0.02846343256533146,0.03587944805622101
sadness.97,0.009166989475488663,0.009395504370331764,0.17013297975063324,0.006489758379757404,0.06487790495157242,0.0006063614273443818,0.11507011950016022,0.624260425567627
sadness.98,0.02230195142328739,0.09538089483976364,0.06702238321304321,0.02832309529185295,0.06629503518342972,0.008174032904207706,0.28399229049682617,0.4285103678703308
sadness.99,0.003664187388494611,0.007650212850421667,0.003447752445936203,0.0028355694375932217,0.01314279343932867,0.03371020033955574,0.022193042561411858,0.9133562445640564
surprise.154,0.008692944422364235,0.8186586499214172,0.12237537652254105,0.0017400368815287948,0.002025522058829665,0.0022893957793712616,0.011047850362956524,0.03317021578550339
surprise.1,0.018352577462792397,0.8618677854537964,0.008511538617312908,0.008266819640994072,0.02227778546512127,0.001436979160644114,0.05427384003996849,0.025012802332639694
surprise.155,0.008923458866775036,0.017858806997537613,0.010093789547681808,0.001262603560462594,0.007823353633284569,0.6844549179077148,0.23656147718429565,0.03302166983485222
surprise.10,0.002666509710252285,0.9675302505493164,0.006231998559087515,0.012435619719326496,0.006162968464195728,0.0013915563467890024,0.0012399228289723396,0.002341204322874546
surprise.156,0.194595605134964,0.12314367294311523,0.23784655332565308,0.054674435406923294,0.02891380712389946,0.15886181592941284,0.05904814228415489,0.1429159790277481
surprise.100,0.04382803663611412,0.022688554599881172,0.012606439180672169,0.5617476105690002,0.14266353845596313,0.009311282075941563,0.14471657574176788,0.062438011169433594
surprise.157,0.20010218024253845,0.025112776085734367,0.14154846966266632,0.11759220063686371,0.040030043572187424,0.003170751966536045,0.1432628035545349,0.3291807472705841
surprise.101,0.16241322457790375,0.038191016763448715,0.061780061572790146,0.319377601146698,0.09511792659759521,0.08591742813587189,0.08874152600765228,0.1484612077474594
surprise.159,0.5482780337333679,0.22406911849975586,0.07357791066169739,0.050694942474365234,0.018784061074256897,0.0049606249667704105,0.025514554232358932,0.05412078648805618
surprise.102,0.0034909991081804037,0.9286879301071167,0.05524803698062897,0.001495863194577396,0.0034071363043040037,0.0002898317470680922,0.0038656562101095915,0.0035144188441336155
surprise.158,0.04406866058707237,0.021179651841521263,0.022377584129571915,0.04608242213726044,0.018926406279206276,0.01336321234703064,0.7364982962608337,0.09750377386808395
surprise.103,0.13426215946674347,0.30094632506370544,0.5044832825660706,0.008414455689489841,0.006602847017347813,0.006939212325960398,0.010870018042623997,0.027481652796268463
surprise.16,0.33995816111564636,0.17305932939052582,0.33511584997177124,0.00756370835006237,0.005867757834494114,0.03577810898423195,0.08446655422449112,0.01819051057100296
surprise.104,0.007206125650554895,0.028925321996212006,0.016367534175515175,0.0746031180024147,0.0706683099269867,0.5458564162254333,0.13242727518081665,0.12394586950540543
surprise.160,0.385891854763031,0.11731046438217163,0.2212035059928894,0.02719147503376007,0.0029652053490281105,0.06938622891902924,0.06326375156641006,0.11278760433197021
surprise.105,0.012497510761022568,0.9619948863983154,0.009463618509471416,0.0012874698732048273,0.006035829894244671,0.00044999661622568965,0.004197461064904928,0.004073148127645254
surprise.170,0.08926266431808472,0.15539732575416565,0.09586990624666214,0.17452533543109894,0.07754974067211151,0.017122406512498856,0.35652583837509155,0.033746879547834396
surprise.106,0.15234574675559998,0.3166719973087311,0.07152850180864334,0.3254193663597107,0.04871278628706932,0.005426167510449886,0.056903354823589325,0.022992050275206566
surprise.171,0.7210953235626221,0.009214693680405617,0.14217925071716309,0.07560253888368607,0.013354730792343616,0.006065442226827145,0.008999896235764027,0.023488078266382217
surprise.107,0.04353036731481552,0.11253458261489868,0.029998179525136948,0.1572057008743286,0.18732590973377228,0.006646350957453251,0.4084647595882416,0.054294243454933167
surprise.172,0.5723544955253601,0.10060447454452515,0.019368425011634827,0.2281108945608139,0.03152531385421753,0.0025392964016646147,0.013958006165921688,0.03153914585709572
surprise.108,0.24123167991638184,0.22853988409042358,0.4688476026058197,0.008917959406971931,0.00857960619032383,0.005382342729717493,0.025527765974402428,0.012973234057426453
surprise.173,0.0011492519406601787,0.9909963607788086,0.003222337458282709,0.0003342230338603258,0.0008551325299777091,0.00021583570924121886,0.0010984031250700355,0.0021284939721226692
surprise.109,0.03403441235423088,0.015078808180987835,0.09329299628734589,0.011179542168974876,0.08032147586345673,0.35008394718170166,0.159852534532547,0.25615623593330383
surprise.174,0.17472641170024872,0.02353903464972973,0.3528282046318054,0.026697853580117226,0.020002026110887527,0.3186267614364624,0.052517034113407135,0.031062576919794083
surprise.11,0.25565534830093384,0.02947230637073517,0.037880487740039825,0.4853851795196533,0.09179341793060303,0.013610233552753925,0.013384743593633175,0.07281830906867981
surprise.175,0.5637522339820862,0.03051106072962284,0.005542783997952938,0.007659509312361479,0.024466488510370255,0.12373192608356476,0.22924737632274628,0.015088646672666073
surprise.110,0.008967986330389977,0.8955218195915222,0.06129909306764603,0.014727026224136353,0.003526708111166954,0.005453088320791721,0.006899236235767603,0.0036049140617251396
surprise.176,0.11058646440505981,0.18874117732048035,0.07275435328483582,0.5394299626350403,0.0376637727022171,0.002081126207485795,0.030679455026984215,0.018063651397824287
surprise.111,0.025993485003709793,0.8988854289054871,0.02133776992559433,0.0018060690490528941,0.013859575614333153,0.00037368785706348717,0.027717294171452522,0.010026825591921806
surprise.177,0.05025283247232437,0.5848098397254944,0.023683646693825722,0.0037555182352662086,0.04643438383936882,0.013556036166846752,0.18308962881565094,0.09441813826560974
surprise.112,0.006188815925270319,0.014487743377685547,0.007977759465575218,0.0032534003257751465,0.006411092821508646,0.005443904548883438,0.9057642817497253,0.050473038107156754
surprise.178,0.012583392672240734,0.957895040512085,0.016689788550138474,0.0013683961005881429,0.005168606527149677,0.00022983306553214788,0.0038147480227053165,0.002250137971714139
surprise.113,0.895094096660614,0.015362020581960678,0.02277143858373165,0.04935387894511223,0.002504505217075348,0.009403403848409653,0.0019343094900250435,0.0035763680934906006
surprise.179,0.18180833756923676,0.018916331231594086,0.05910147354006767,0.15119831264019012,0.022183585911989212,0.11127102375030518,0.15447208285331726,0.30104878544807434
surprise.114,0.13170987367630005,0.1553320586681366,0.09944698959589005,0.01971801556646824,0.043384287506341934,0.3484616279602051,0.10973956435918808,0.09220762550830841
surprise.18,0.07233677059412003,0.06714385002851486,0.029100386425852776,0.07625537365674973,0.05517292395234108,0.11743839085102081,0.4839436709880829,0.09860856086015701
surprise.115,0.1750728189945221,0.33733072876930237,0.14518694579601288,0.02027088962495327,0.028741972520947456,0.03630758076906204,0.06715559959411621,0.18993350863456726
surprise.180,0.0030124601908028126,0.9372668862342834,0.026274200528860092,0.0046814316883683205,0.011970369145274162,0.0018272966844961047,0.005331162363290787,0.00963619165122509
surprise.116,0.014648946933448315,0.014998030848801136,0.01915387436747551,0.36552026867866516,0.30555006861686707,0.012586437165737152,0.23919646441936493,0.028345955535769463
surprise.181,0.1923225373029709,0.017329568043351173,0.05023444443941116,0.6798993945121765,0.019257329404354095,0.001532341237179935,0.008683730848133564,0.03074076771736145
surprise.117,0.0172786395996809,0.9327623844146729,0.007363386917859316,0.0014399787178263068,0.024403369054198265,0.00020681845489889383,0.010053236968815327,0.00649215467274189
surprise.182,0.017701705917716026,0.0072870198637247086,0.04265879839658737,0.0029380512423813343,0.013107669539749622,0.7993393540382385,0.08689432591199875,0.030072951689362526
surprise.118,0.421421080827713,0.031069224700331688,0.00888493750244379,0.005645895842462778,0.09255432337522507,0.038139741867780685,0.38091906905174255,0.021365778520703316
surprise.183,0.0005129126366227865,0.9951685667037964,0.0026168387848883867,0.0008654547273181379,0.0003966160584241152,2.6395731765660457e-05,0.00012359113316051662,0.0002896418736781925
surprise.119,0.336698979139328,0.06093866378068924,0.10354231297969818,0.4190375506877899,0.012033027596771717,0.0032187297474592924,0.017513658851385117,0.047017086297273636
surprise.184,0.06886646151542664,0.06509986519813538,0.796530544757843,0.006705841049551964,0.0032904737163335085,0.001268646214157343,0.0015431510983034968,0.05669499188661575
surprise.12,0.07810240983963013,0.2518298923969269,0.040110718458890915,0.02351638861000538,0.08158019185066223,0.33632901310920715,0.14376500248908997,0.0447663739323616
surprise.185,0.06612442433834076,0.01836083084344864,0.012543844059109688,0.1589396446943283,0.01232943870127201,0.23678113520145416,0.48259082436561584,0.012329812161624432
surprise.120,0.31557324528694153,0.186069518327713,0.09345842897891998,0.00962847750633955,0.016066618263721466,0.011866207234561443,0.32240474224090576,0.0449327751994133
surprise.186,0.1861502081155777,0.08400798588991165,0.13040417432785034,0.2721449136734009,0.03717750683426857,0.13567107915878296,0.12740826606750488,0.027035875245928764
surprise.121,0.024188142269849777,0.9326342940330505,0.010669204406440258,0.019325468689203262,0.006417914293706417,0.0013466117670759559,0.0011508289026096463,0.0042675333097577095
surprise.187,0.14924946427345276,0.2437644749879837,0.31762343645095825,0.02409789338707924,0.01971086673438549,0.08421540260314941,0.09712016582489014,0.06421834975481033
surprise.122,0.4488174319267273,0.0412553995847702,0.02237873710691929,0.010307650081813335,0.11065611988306046,0.04210865870118141,0.19548651576042175,0.12898948788642883
surprise.188,0.02579629234969616,0.020422203466296196,0.00983496755361557,0.04041820392012596,0.7847763895988464,0.0018739511724561453,0.04729940742254257,0.0695786401629448
surprise.123,0.0011879713274538517,0.9892282485961914,0.0052496287971735,0.000477372610475868,0.0010670721530914307,0.00026631125365383923,0.0006997189484536648,0.0018236547475680709
surprise.189,0.016963182017207146,0.06645268946886063,0.8849191665649414,0.018830768764019012,0.004550622776150703,0.002641707891598344,0.0018262505764141679,0.0038155841175466776
surprise.124,0.004645623732358217,0.96665358543396,0.021159250289201736,0.001169499708339572,0.0028631698805838823,0.00013563735410571098,0.001187486806884408,0.002185821533203125
surprise.19,0.18911559879779816,0.02492481842637062,0.06514585018157959,0.0036413150373846292,0.0025416414719074965,0.6990201473236084,0.00687309168279171,0.008737601339817047
surprise.125,0.01901112124323845,0.3125433027744293,0.034837156534194946,0.024010643362998962,0.08905012160539627,0.09862625598907471,0.37323176860809326,0.048689644783735275
surprise.190,0.009712355211377144,0.017584826797246933,0.007204257883131504,0.003709353506565094,0.008580589666962624,0.29731038212776184,0.6533199548721313,0.0025783167220652103
surprise.126,0.07182157784700394,0.388531357049942,0.06193919479846954,0.07302816957235336,0.0620739683508873,0.009923557750880718,0.30564790964126587,0.027034299448132515
surprise.191,0.16133320331573486,0.4820016920566559,0.03888188675045967,0.01271096896380186,0.008644257672131062,0.01542670838534832,0.1657441109418869,0.1152571439743042
surprise.127,0.016885114833712578,0.8614140152931213,0.007953059859573841,0.0659758523106575,0.002210217760875821,0.005808605812489986,0.0048416913487017155,0.03491158038377762
surprise.192,0.002789031248539686,0.9768508672714233,0.007190619129687548,0.005399628542363644,0.0012114669661968946,0.00198748498223722,0.0007875824230723083,0.00378339271992445
surprise.128,0.024825245141983032,0.026786014437675476,0.015908492729067802,0.019674772396683693,0.0825498178601265,0.051886457949876785,0.4366704523563385,0.3416987657546997
surprise.193,0.3577372133731842,0.17789296805858612,0.36130738258361816,0.05096031725406647,0.005722371861338615,0.013330645859241486,0.011737512424588203,0.021311592310667038
surprise.129,0.1234358549118042,0.2587282657623291,0.18160805106163025,0.005531145725399256,0.019369546324014664,0.14097198843955994,0.08349648118019104,0.1868586391210556
surprise.194,0.03717634081840515,0.8830117583274841,0.017519865185022354,0.0026140736881643534,0.025441549718379974,0.0005332717555575073,0.021878518164157867,0.011824693530797958
surprise.13,0.5004964470863342,0.016613949090242386,0.07548714429140091,0.06474617123603821,0.004831335041671991,0.008630208671092987,0.136957049369812,0.1922377347946167
surprise.195,0.011096218600869179,0.9424570202827454,0.007716598454862833,0.0008977781399153173,0.01386536005884409,0.00033885976881720126,0.018645016476511955,0.004983141552656889
surprise.130,0.00966405775398016,0.9074352979660034,0.04866090789437294,0.0035175587981939316,0.0008188918000087142,0.0007565743871964514,0.006105868611484766,0.02304086834192276
surprise.196,0.14444036781787872,0.6811087727546692,0.039425358176231384,0.018985509872436523,0.07749762386083603,0.004192852880805731,0.030520031228661537,0.0038294049445539713
surprise.131,0.01526668481528759,0.9601417779922485,0.011961961165070534,0.004332223441451788,0.004219936206936836,0.0011117743561044335,0.001201655133627355,0.0017640627920627594
surprise.197,0.09938264638185501,0.7473176717758179,0.02565755881369114,0.00324250222183764,0.012573247775435448,0.001797370263375342,0.09117403626441956,0.018855039030313492
surprise.132,0.21370179951190948,0.13709396123886108,0.3811701536178589,0.18630799651145935,0.013011078350245953,0.01019277423620224,0.031066307798027992,0.02745593897998333
surprise.198,0.14607219398021698,0.3164489269256592,0.06659916788339615,0.06595536321401596,0.02184395119547844,0.016352539882063866,0.21246907114982605,0.15425877273082733
surprise.133,0.009313574060797691,0.7643629908561707,0.009298695251345634,0.0031637626234441996,0.0025764598976820707,0.0014085450675338507,0.019265832379460335,0.1906101554632187
surprise.199,0.00020763764041475952,0.9980946183204651,0.0005388916470110416,0.00021595942962449044,0.00011103521683253348,9.256120392819867e-05,0.00013378492440097034,0.00060546729946509
surprise.134,0.012085645459592342,0.5130512118339539,0.38978633284568787,0.007409814279526472,0.017598820850253105,0.010022517293691635,0.025488216429948807,0.02455740049481392
surprise.2,0.019619088619947433,0.05305617302656174,0.052517011761665344,0.34004074335098267,0.05536273121833801,0.09854433685541153,0.3254908621311188,0.05536907538771629
surprise.135,0.028576917946338654,0.11550500988960266,0.13403496146202087,0.04824822396039963,0.5935061573982239,0.005424764472991228,0.007375526241958141,0.06732836365699768
surprise.20,0.006565149873495102,0.7824669480323792,0.16329443454742432,0.03337547183036804,0.0027198439929634333,0.001062594703398645,0.0012139459140598774,0.009301573038101196
surprise.136,0.21557070314884186,0.07929263263940811,0.39824020862579346,0.016421010717749596,0.04884573817253113,0.11370888352394104,0.08934386819601059,0.03857695683836937
surprise.200,0.056992292404174805,0.2008802741765976,0.05435847118496895,0.07888364046812057,0.21361877024173737,0.029168009757995605,0.31751549243927,0.04858310520648956
surprise.137,0.18085069954395294,0.17762985825538635,0.05127387493848801,0.08540637046098709,0.2553618550300598,0.06793764978647232,0.027478942647576332,0.15406081080436707
surprise.201,0.03540002182126045,0.43441277742385864,0.06844967603683472,0.292185515165329,0.11910787224769592,0.008291210979223251,0.01230650395154953,0.0298464335501194
surprise.138,0.023598715662956238,0.9177663922309875,0.016812169924378395,0.0014410571893677115,0.01429626066237688,0.0006497906288132071,0.02019352652132511,0.00524214468896389
surprise.202,0.1567951738834381,0.1582634598016739,0.10437868535518646,0.029392441734671593,0.04995475709438324,0.31933945417404175,0.09003878384828568,0.09183727204799652
surprise.139,0.12155738472938538,0.10851220041513443,0.4670275151729584,0.04499043896794319,0.027188599109649658,0.09327220171689987,0.1119888573884964,0.025462834164500237
surprise.203,0.06444825977087021,0.31802815198898315,0.05949762091040611,0.04409312456846237,0.17304649949073792,0.0034736236557364464,0.28205791115760803,0.05535480007529259
surprise.14,0.02809145674109459,0.03402000665664673,0.01722647435963154,0.007246026303619146,0.008456115610897541,0.010877896100282669,0.03722596913576126,0.8568560481071472
surprise.204,0.05664259195327759,0.29211682081222534,0.14764459431171417,0.0480988435447216,0.06345923990011215,0.013506071642041206,0.2655407190322876,0.11299104243516922
surprise.140,0.14210493862628937,0.1126691997051239,0.0961327850818634,0.30758243799209595,0.04197206720709801,0.018698588013648987,0.17364893853664398,0.10719103366136551
surprise.205,0.009660376235842705,0.36210981011390686,0.5549630522727966,0.06609830260276794,0.0002678855671547353,0.0009887568885460496,0.0014293171698227525,0.00448252446949482
surprise.141,0.00880630686879158,0.9363025426864624,0.03017582930624485,0.007379170041531324,0.0060027283616364,0.0005943035357631743,0.002634570235386491,0.008104514330625534
surprise.206,0.020166123285889626,0.011934099718928337,0.004933526273816824,0.006582619156688452,0.0319533608853817,0.011291047558188438,0.6357862949371338,0.2773529887199402
surprise.142,0.012366566807031631,0.020579788833856583,0.022669915109872818,0.007419621106237173,0.12867797911167145,0.01203401479870081,0.5604220032691956,0.2358301728963852
surprise.207,0.08925008028745651,0.2073553502559662,0.10689716041088104,0.5446566343307495,0.019762426614761353,0.002365380758419633,0.002452757442370057,0.027260232716798782
surprise.143,0.7818983793258667,0.015077687799930573,0.009842507541179657,0.008012404665350914,0.02035508304834366,0.06288247555494308,0.0963834747672081,0.005547959357500076
surprise.208,0.4737772047519684,0.027482284232974052,0.006130109075456858,0.0035019030328840017,0.04271106794476509,0.013557820580899715,0.42384105920791626,0.008998663164675236
surprise.144,0.014867160469293594,0.8561152815818787,0.014487571083009243,0.002010307740420103,0.006857614032924175,0.0013447264209389687,0.0521966814994812,0.05212065950036049
surprise.209,0.0004417362797539681,0.988840639591217,0.0018685305258259177,0.0011007348075509071,0.0008057350059971213,0.0002009147865464911,0.0014176993863657117,0.005323980934917927
surprise.145,0.007897499017417431,0.94419926404953,0.013102446682751179,0.004265530500560999,0.006348969880491495,0.010628564283251762,0.0051638223230838776,0.008393918164074421
surprise.21,0.05276229605078697,0.186586394906044,0.10044240951538086,0.1061311587691307,0.05085588991641998,0.25499188899993896,0.213536337018013,0.034693650901317596
surprise.146,0.09940629452466965,0.15790146589279175,0.22621391713619232,0.3131788969039917,0.05847342312335968,0.033747151494026184,0.05885464698076248,0.05222420394420624
surprise.210,0.018797459080815315,0.8883287906646729,0.008721020072698593,0.008364373818039894,0.0019696163944900036,0.05790039524435997,0.008656767196953297,0.007261576130986214
surprise.147,0.15431813895702362,0.25082314014434814,0.13099753856658936,0.19845645129680634,0.03580711781978607,0.015412787906825542,0.049787748605012894,0.16439709067344666
surprise.211,0.0070039741694927216,0.9349071979522705,0.04632972553372383,0.005295132286846638,0.0009821302955970168,0.0003574076108634472,0.002954156370833516,0.0021703094244003296
surprise.148,0.14594754576683044,0.6587924361228943,0.02193952165544033,0.012828401289880276,0.04209662973880768,0.030378222465515137,0.08178070932626724,0.0062365299090743065
surprise.212,0.0015309995505958796,0.9907324314117432,0.004639620427042246,0.0005570587236434221,0.00029718977748416364,9.970326209440827e-05,0.00043862825259566307,0.0017044005217030644
surprise.149,0.010291080921888351,0.30896493792533875,0.01976449228823185,0.009410138241946697,0.00438704201951623,0.0037728892639279366,0.07232450693845749,0.5710848569869995
surprise.213,0.0018428257899358869,0.9492738842964172,0.039648208767175674,0.0008582040318287909,0.0012053892714902759,0.0005498816026374698,0.0020224000327289104,0.0045992289669811726
surprise.15,0.006899922154843807,0.9717207551002502,0.00856685172766447,0.0006504860357381403,0.002863864181563258,0.00023136376694310457,0.0061682118102908134,0.0028986174147576094
surprise.214,0.026365116238594055,0.8945901989936829,0.01588158868253231,0.001420816290192306,0.019783981144428253,0.0005478330422192812,0.018097907304763794,0.023312536999583244
surprise.150,0.009078821167349815,0.6273599863052368,0.02274598740041256,0.303895503282547,0.01410168781876564,0.004626135807484388,0.008948207832872868,0.009243703447282314
surprise.215,0.0014039825182408094,0.9851509928703308,0.009320019744336605,0.0019482267089188099,0.001175411744043231,0.00019969017012044787,0.00035979622043669224,0.0004418833996169269
surprise.151,0.0040564630180597305,0.9790664315223694,0.010122007690370083,0.0023071859031915665,0.0008644689223729074,0.00021476786059793085,0.0005558374687097967,0.0028128030244261026
surprise.216,0.0063989912159740925,0.9292678833007812,0.016943693161010742,0.0031062208581715822,0.00778159499168396,0.003567573381587863,0.016938766464591026,0.015995219349861145
surprise.152,0.07126934826374054,0.022576546296477318,0.018001679331064224,0.018833046779036522,0.02787186950445175,0.313611775636673,0.306393027305603,0.22144271433353424
surprise.217,0.016496142372488976,0.8863316774368286,0.014116591773927212,0.010055758990347385,0.0033625636715441942,0.03296565264463425,0.033214449882507324,0.0034573301672935486
surprise.153,0.009747610427439213,0.39026153087615967,0.08161944895982742,0.49157285690307617,0.011325664818286896,0.005182622466236353,0.004529660567641258,0.005760649684816599
surprise.161,0.17692647874355316,0.3457385301589966,0.09196817129850388,0.019791897386312485,0.010017048567533493,0.11360884457826614,0.11550814658403397,0.1264408826828003
surprise.218,0.0026300593744963408,0.9695862531661987,0.019448313862085342,0.0015858376864343882,0.00043700795504264534,0.000580730673391372,0.0006696450291201472,0.005062134936451912
surprise.162,0.348095566034317,0.12462737411260605,0.11969756335020065,0.01821236126124859,0.039738863706588745,0.05431902036070824,0.2761586308479309,0.019150597974658012
surprise.219,0.05728091672062874,0.6995283365249634,0.041333314031362534,0.16015863418579102,0.0037047399673610926,0.014577124267816544,0.008073076605796814,0.015343914739787579
surprise.163,0.04203858971595764,0.0362626314163208,0.011363266967236996,0.03263886645436287,0.03738397732377052,0.5812247395515442,0.23409225046634674,0.02499561384320259
surprise.22,0.7468729615211487,0.010334508493542671,0.01810998097062111,0.004545867443084717,0.0066312989220023155,0.028746554628014565,0.18066950142383575,0.004089382942765951
surprise.164,0.10931980609893799,0.006094518583267927,0.1126432940363884,0.12653516232967377,0.27752891182899475,0.03945368155837059,0.25817692279815674,0.07024764269590378
surprise.220,0.012988025322556496,0.023533429950475693,0.014420180581510067,0.02060353383421898,0.06046133115887642,0.06802630424499512,0.7921602129936218,0.007807007525116205
surprise.165,0.7010248303413391,0.028427187353372574,0.007956191897392273,0.17949262261390686,0.018444864079356194,0.004600467626005411,0.055778589099645615,0.0042752474546432495
surprise.221,0.0007820362807251513,0.9726721048355103,0.008339003659784794,0.012236260809004307,0.0027356024365872145,0.0005141211440786719,0.0008250973769463599,0.001895745052024722
surprise.166,0.0085788918659091,0.9208395481109619,0.020677264779806137,0.008957438170909882,0.00816766731441021,0.01408376544713974,0.01345922239124775,0.005236258264631033
surprise.222,0.0018394998041912913,0.9731172323226929,0.014375939033925533,0.0007778209401294589,0.0017550579505041242,0.0008003234979696572,0.004260985646396875,0.0030731980223208666
surprise.167,0.004668082110583782,0.7820512652397156,0.17588180303573608,0.00434490293264389,0.0062648700550198555,0.00016505480743944645,0.006316951010376215,0.02030709944665432
surprise.223,0.0320880226790905,0.7414150238037109,0.07897454500198364,0.021215233951807022,0.010077801533043385,0.010470744222402573,0.03657209873199463,0.06918668001890182
surprise.168,0.013417775742709637,0.8149029612541199,0.11070911586284637,0.0011841889936476946,0.003716203151270747,0.0007979718502610922,0.029987847432494164,0.025283919647336006
surprise.224,0.013369935564696789,0.29157355427742004,0.008800320327281952,0.01827593892812729,0.6438304781913757,0.008535140193998814,0.01006603054702282,0.0055485935881733894
surprise.169,0.003512477269396186,0.8800321221351624,0.011249975301325321,0.009875494055449963,0.009563591331243515,0.0003144403744954616,0.029322898015379906,0.05612904205918312
surprise.225,0.005954735912382603,0.9518872499465942,0.03040243312716484,0.002106667263433337,0.0015939733712002635,0.00041335594141855836,0.0013360317097976804,0.006305637303739786
surprise.17,0.002491992898285389,0.9831878542900085,0.005924285389482975,0.00040908416849561036,0.0024533700197935104,0.0001149913587141782,0.0017200958682224154,0.0036983147729188204
surprise.226,0.029911864548921585,0.8215407729148865,0.013257724232971668,0.02355138398706913,0.04586024582386017,0.0036964223254472017,0.04823298007249832,0.013948608189821243
surprise.227,0.06702585518360138,0.11576733738183975,0.02033577300608158,0.06674865633249283,0.03190424293279648,0.32735592126846313,0.3480059504508972,0.02285628579556942
surprise.228,0.02302423305809498,0.2921527326107025,0.2773929536342621,0.30505064129829407,0.017890319228172302,0.004435176961123943,0.06788935512304306,0.012164510786533356
surprise.229,0.07842843234539032,0.1441754549741745,0.2661873400211334,0.040651075541973114,0.006819060537964106,0.006311566568911076,0.014057701453566551,0.44336941838264465
surprise.23,0.010036901570856571,0.003292814129963517,0.0004779666487593204,0.000802952388767153,0.0028491904959082603,0.009538410231471062,0.9488113522529602,0.024190476164221764
surprise.230,0.016602370887994766,0.12745903432369232,0.009895091876387596,0.007594771683216095,0.04061203822493553,0.007225089240819216,0.4372231960296631,0.35338839888572693
surprise.231,0.06784248352050781,0.010254455730319023,0.01168929785490036,0.006534722167998552,0.0041854060254991055,0.8365581035614014,0.05848733335733414,0.00444819824770093
surprise.232,0.7088813185691833,0.05290510132908821,0.01221067551523447,0.11535722762346268,0.02681337296962738,0.006221460644155741,0.05879056453704834,0.018820306286215782
surprise.233,0.019376154989004135,0.5276001691818237,0.039913855493068695,0.033508043736219406,0.3560483157634735,0.00585554726421833,0.004992393311113119,0.01270552072674036
surprise.234,0.006893274839967489,0.8860058784484863,0.010836724191904068,0.02547784335911274,0.05149098113179207,0.009323487989604473,0.004898287821561098,0.005073483567684889
surprise.235,0.04617757722735405,0.15844102203845978,0.04624618589878082,0.3614380955696106,0.1199684664607048,0.014524084515869617,0.16353817284107208,0.08966634422540665
surprise.236,0.00914937723428011,0.5694747567176819,0.3641861081123352,0.0032958416268229485,0.007350136060267687,0.002503129653632641,0.011632281355559826,0.03240840882062912
surprise.237,0.08363635092973709,0.03814541921019554,0.01761716417968273,0.03253509849309921,0.05593521147966385,0.561510443687439,0.19804486632347107,0.012575491331517696
surprise.238,0.005442875903099775,0.9608356952667236,0.009354122914373875,0.009010794572532177,0.0007375520071946084,0.001057822722941637,0.004174316301941872,0.009386821649968624
surprise.239,0.5321766138076782,0.0636243224143982,0.008983319625258446,0.03950924426317215,0.014381935819983482,0.014304043725132942,0.31934860348701477,0.007671865168958902
surprise.24,0.021418964490294456,0.5152780413627625,0.34670042991638184,0.06797212362289429,0.004579543601721525,0.010776219889521599,0.00829298049211502,0.02498171105980873
surprise.240,0.0019512795843183994,0.9689151644706726,0.022249948233366013,0.0005381508963182569,0.0027930564247071743,0.0002804105752147734,0.002078667050227523,0.0011932689230889082
surprise.241,0.29299846291542053,0.05495526269078255,0.4276154339313507,0.028383204713463783,0.003979725297540426,0.14117209613323212,0.020096777006983757,0.030799027532339096
surprise.242,0.0021242881193757057,0.96718829870224,0.009519468061625957,0.00808452907949686,0.0035062876995652914,0.0008176955743692815,0.005646742880344391,0.0031127287074923515
surprise.243,0.09933900088071823,0.1314888298511505,0.2750161290168762,0.05165468528866768,0.022528229281306267,0.013470008969306946,0.2203845977783203,0.18611852824687958
surprise.244,0.023530254140496254,0.5967828631401062,0.016807038336992264,0.0044717625714838505,0.03451699763536453,0.05971238762140274,0.24798981845378876,0.016188830137252808
surprise.245,0.24548125267028809,0.2338087260723114,0.46607697010040283,0.0054748691618442535,0.004343303851783276,0.011156019754707813,0.009944709949195385,0.02371421828866005
surprise.246,0.3506588041782379,0.06622585654258728,0.362726092338562,0.1214735135436058,0.00569328386336565,0.008794874884188175,0.013617349788546562,0.07081032544374466
surprise.247,0.3942088484764099,0.303693950176239,0.1656421571969986,0.06154827028512955,0.004084708169102669,0.019651036709547043,0.03019540011882782,0.020975613966584206
surprise.248,0.0019702038262039423,0.9620040655136108,0.01986679993569851,0.006094187963753939,0.003167229937389493,0.00172730244230479,0.0023166637402027845,0.0028536063618957996
surprise.249,0.008219544775784016,0.05417749658226967,0.003108009696006775,0.009801303967833519,0.17249560356140137,0.11292777210474014,0.6358378529548645,0.003432392841205001
surprise.25,0.3466745615005493,0.008441039361059666,0.0886196717619896,0.014347399584949017,0.020802674815058708,0.07510939985513687,0.08304635435342789,0.3629589378833771
surprise.250,0.001678579836152494,0.9718350172042847,0.005496819503605366,0.0018013367662206292,0.0009588835528120399,0.0006705583655275404,0.0062046716921031475,0.011354113928973675
surprise.251,0.002327422611415386,0.968082845211029,0.008622233755886555,0.003034294117242098,0.0011052177287638187,0.0008152657537721097,0.010743890888988972,0.005268997047096491
surprise.252,0.0033474345691502094,0.7996182441711426,0.1741788238286972,0.004814119543880224,0.0015512501122429967,0.00035421797656454146,0.007480577100068331,0.008655372075736523
surprise.253,0.013067342340946198,0.23715879023075104,0.6601959466934204,0.040710464119911194,0.041558150202035904,0.0022282779682427645,0.0012328209122642875,0.0038481794763356447
surprise.254,0.14910559356212616,0.08575393259525299,0.06751122325658798,0.4455287754535675,0.012142316438257694,0.04239428788423538,0.0563158318400383,0.14124803245067596
surprise.255,0.013511489145457745,0.6507713794708252,0.040051691234111786,0.04318086802959442,0.003774294862523675,0.004673187620937824,0.022006778046488762,0.222030371427536
surprise.256,0.11932956427335739,0.173380047082901,0.28757935762405396,0.02766537480056286,0.010757128708064556,0.17063839733600616,0.1331210881471634,0.07752908766269684
surprise.257,0.03710002452135086,0.08434907346963882,0.03275526314973831,0.026795243844389915,0.06481575965881348,0.6586624383926392,0.04167068749666214,0.05385150387883186
surprise.258,0.05501185730099678,0.1104486957192421,0.06202324852347374,0.7530889511108398,0.0037488422822207212,0.0033118771389126778,0.00878305733203888,0.003583497367799282
surprise.259,0.001270491979084909,0.9671198725700378,0.0051589906215667725,0.0041553061455488205,0.005110421683639288,0.0005405480042099953,0.00951479747891426,0.007129581179469824
surprise.26,0.5999822616577148,0.030720267444849014,0.04576628655195236,0.02237693965435028,0.011310619302093983,0.009979387745261192,0.1910814642906189,0.08878272026777267
surprise.260,0.16065314412117004,0.3611890375614166,0.44698938727378845,0.004582599736750126,0.0011301435297355056,0.006331566721200943,0.0052309660241007805,0.01389314979314804
surprise.261,0.05946294590830803,0.027708744630217552,0.14512433111667633,0.01125503983348608,0.053162623196840286,0.4655863046646118,0.09496049582958221,0.1427394598722458
surprise.262,0.008058995939791203,0.9319802522659302,0.03186795860528946,0.0019193744519725442,0.01305052638053894,0.0007094977772794664,0.0053414031863212585,0.007071972358971834
surprise.263,0.23549707233905792,0.07417166978120804,0.049764279276132584,0.007067420985549688,0.012533118948340416,0.3154524266719818,0.25319182872772217,0.052322253584861755
surprise.264,0.0003049028746318072,0.9939197301864624,0.0016833953559398651,0.00028611987363547087,0.00034699722891673446,6.755820504622534e-05,0.0006121770129539073,0.0027791683096438646
surprise.265,0.34406763315200806,0.00723459105938673,0.421999454498291,0.011356666684150696,0.02371096983551979,0.148093119263649,0.019581882283091545,0.023955687880516052
surprise.266,0.002519952366128564,0.951906681060791,0.0041415696032345295,0.001783716375939548,0.005809728056192398,0.0006435043178498745,0.0037852353416383266,0.02940964698791504
surprise.267,0.08109796047210693,0.40722087025642395,0.3342677056789398,0.021304618567228317,0.054533421993255615,0.008775266818702221,0.04420256242156029,0.048597704619169235
surprise.268,0.09425858408212662,0.5403460264205933,0.22353501617908478,0.027366237714886665,0.003233581315726042,0.05328400060534477,0.014881553128361702,0.04309503734111786
surprise.269,0.008054765872657299,0.9134982824325562,0.007721808273345232,0.06409294903278351,0.0014630627119913697,0.0012621725909411907,0.0009294030023738742,0.0029776624869555235
surprise.27,0.18475164473056793,0.04204621538519859,0.03743068501353264,0.38443124294281006,0.0207358431071043,0.12289921194314957,0.1079135611653328,0.09979163855314255
surprise.270,0.006557181477546692,0.9612743854522705,0.01211334764957428,0.011591516435146332,0.006046049762517214,0.00043612520676106215,0.0011638692812994123,0.0008175172843039036
surprise.271,0.027638407424092293,0.7202176451683044,0.02514914982020855,0.00773400254547596,0.02230263128876686,0.026381393894553185,0.1380469650030136,0.0325298011302948
surprise.272,0.0859651118516922,0.15254813432693481,0.1262989044189453,0.4399110674858093,0.04972809925675392,0.002485340926796198,0.025096410885453224,0.1179668977856636
surprise.273,0.00847442727535963,0.11455221474170685,0.05391867458820343,0.008587856777012348,0.024845603853464127,0.014168471097946167,0.5166082978248596,0.25884443521499634
surprise.274,0.001707366667687893,0.0032239907886832952,0.003972867038100958,0.0016906242817640305,0.003403677372261882,0.7200083136558533,0.2641485035419464,0.0018445951864123344
surprise.275,0.009387150406837463,0.9624252319335938,0.011029288172721863,0.0011424151016399264,0.0030185726936906576,0.00032979113166220486,0.0036149658262729645,0.009052570909261703
surprise.276,0.016691023483872414,0.8586416840553284,0.059059325605630875,0.004047340713441372,0.001262711826711893,0.003594940062612295,0.017538711428642273,0.03916429728269577
surprise.277,0.0016116095939651132,0.9843266606330872,0.011415491811931133,0.0008040898246690631,0.0003518936282489449,0.00014092096535023302,0.0002780505164992064,0.0010712153743952513
surprise.278,0.01386192161589861,0.7123309969902039,0.005742737092077732,0.003456750651821494,0.18553759157657623,0.005036175716668367,0.06752772629261017,0.006506176199764013
surprise.279,0.0450986810028553,0.4814385771751404,0.09335579723119736,0.15814144909381866,0.10241782665252686,0.004223278723657131,0.09257213026285172,0.022752221673727036
surprise.28,0.052542779594659805,0.015587816946208477,0.02544032223522663,0.005103766452521086,0.030763637274503708,0.48717206716537476,0.36055248975753784,0.022837171331048012
surprise.280,0.5036464929580688,0.10696566849946976,0.33430588245391846,0.003594330744817853,0.0010723149171099067,0.005974112078547478,0.005583930294960737,0.03885730355978012
surprise.281,0.01470970455557108,0.021811090409755707,0.06032629311084747,0.8940092921257019,0.0031272820197045803,0.0009430843638256192,0.00230047688819468,0.0027728532440960407
surprise.282,0.04268796369433403,0.5448707342147827,0.15003223717212677,0.008281986229121685,0.03131548687815666,0.0032200824934989214,0.05010008439421654,0.1694914549589157
surprise.283,0.0029481598176062107,0.954389750957489,0.008415643125772476,0.0009189026313833892,0.0011257138103246689,0.0003578246396500617,0.004454310052096844,0.02738969586789608
surprise.284,0.062034256756305695,0.32775968313217163,0.15204454958438873,0.13973590731620789,0.1781865954399109,0.03448519855737686,0.02136838622391224,0.08438538014888763
surprise.285,0.00378841208294034,0.0378846675157547,0.0040908451192080975,0.027843227609992027,0.8988037109375,0.008362102322280407,0.006634128745645285,0.012592858634889126
surprise.286,0.00042533953092060983,0.993448793888092,0.0026785831432789564,0.0012124498607590795,0.0008550145430490375,0.00014915749488864094,0.0008844459662213922,0.0003462623863015324
surprise.287,0.11670277267694473,0.37964358925819397,0.17691414058208466,0.01901603303849697,0.01079673320055008,0.10000971704721451,0.15915513038635254,0.037761904299259186
surprise.288,0.14116720855236053,0.0633961632847786,0.06711410731077194,0.03625379502773285,0.07713035494089127,0.4357875883579254,0.16600944101810455,0.013141350820660591
surprise.289,0.2893708646297455,0.035766489803791046,0.05634157359600067,0.009044010192155838,0.00742008350789547,0.023886989802122116,0.4767662584781647,0.10140374302864075
surprise.29,0.018885953351855278,0.015367867425084114,0.043727051466703415,0.008733942173421383,0.005659060087054968,0.83534175157547,0.05028310418128967,0.0220012404024601
surprise.290,0.051029104739427567,0.040734633803367615,0.008166338317096233,0.009573147632181644,0.36326175928115845,0.07598228007555008,0.4221082627773285,0.029144370928406715
surprise.291,0.19340276718139648,0.22797922790050507,0.42328140139579773,0.03222205489873886,0.024522773921489716,0.04156045615673065,0.033676549792289734,0.02335471101105213
surprise.292,0.03778814524412155,0.4286019802093506,0.23546768724918365,0.027286021038889885,0.059986211359500885,0.06422989070415497,0.10221840441226959,0.04442162439227104
surprise.293,0.006381613202393055,0.8676701188087463,0.1028156504034996,0.003466041060164571,0.0022610609885305166,0.0012406754540279508,0.002285383641719818,0.013879378326237202
surprise.294,0.09286167472600937,0.19188947975635529,0.24821701645851135,0.1092614084482193,0.10365352779626846,0.04025841876864433,0.18623360991477966,0.02762487903237343
surprise.295,0.00480198347941041,0.9515870213508606,0.033028606325387955,0.00038286138442344964,0.0013756855623796582,0.0035432653967291117,0.0032235179096460342,0.0020570976193994284
surprise.296,0.0075490823946893215,0.13031646609306335,0.0041709099896252155,0.021586034446954727,0.011697795242071152,0.0038844412192702293,0.7363846302032471,0.08441063016653061
surprise.297,0.0034250132739543915,0.9735888242721558,0.013701457530260086,0.0026550632901489735,0.0036092179361730814,0.0001330836967099458,0.0024163611233234406,0.000470878672786057
surprise.298,0.023334883153438568,0.7245797514915466,0.035551175475120544,0.09580421447753906,0.0240855161100626,0.03891079127788544,0.0269183199852705,0.030815407633781433
surprise.299,0.3097703456878662,0.40860459208488464,0.024124257266521454,0.042867809534072876,0.018684405833482742,0.025134429335594177,0.14102579653263092,0.029788359999656677
surprise.3,0.6539500951766968,0.035993024706840515,0.09046164900064468,0.06131438538432121,0.021822815760970116,0.04581626132130623,0.07037223130464554,0.020269550383090973
surprise.30,0.15665586292743683,0.32207027077674866,0.051544755697250366,0.06791312247514725,0.12931619584560394,0.07119128108024597,0.07727090269327164,0.12403762340545654
surprise.300,0.00562562420964241,0.809938907623291,0.15564541518688202,0.011697010137140751,0.0018981521716341376,0.0039800540544092655,0.002418968128040433,0.008795795030891895
surprise.301,0.5268425345420837,0.017545150592923164,0.3537800908088684,0.018753008916974068,0.0005263696075417101,0.05551271140575409,0.011095093563199043,0.01594512164592743
surprise.302,0.0017273114062845707,0.9499887824058533,0.0027036848478019238,0.0008785485988482833,0.004527528770267963,0.005256883800029755,0.031826432794332504,0.0030909106135368347
surprise.303,0.0006453400128521025,0.9943957328796387,0.0026731896214187145,0.0003497849975246936,0.00027887767646461725,0.0002751087013166398,0.0005864179111085832,0.0007955502369441092
surprise.304,0.019318386912345886,0.9389307498931885,0.01858885958790779,0.0016649897443130612,0.008551597595214844,0.00040883617475628853,0.004002643749117851,0.00853393878787756
surprise.305,0.009782301262021065,0.8094460368156433,0.05335952341556549,0.03057011589407921,0.027468372136354446,0.010915017686784267,0.03627984598278999,0.022178703919053078
surprise.306,0.04586884006857872,0.09669012576341629,0.06056806445121765,0.10679718106985092,0.29374057054519653,0.10007009655237198,0.17923638224601746,0.11702871322631836
surprise.307,0.21085664629936218,0.020170414820313454,0.05218353122472763,0.465353786945343,0.04187321290373802,0.005663497839123011,0.11575531959533691,0.08814360201358795
surprise.308,0.02880260907113552,0.6939433217048645,0.14316485822200775,0.04429015517234802,0.004518659319728613,0.008497171103954315,0.007978293113410473,0.06880488246679306
surprise.309,0.026497792452573776,0.43413349986076355,0.3611891567707062,0.007375434972345829,0.02027955651283264,0.03650762140750885,0.08023754507303238,0.03377939388155937
surprise.31,0.05843330919742584,0.13389012217521667,0.030142659321427345,0.025373732671141624,0.0145989079028368,0.02600976638495922,0.4990784227848053,0.21247299015522003
surprise.310,0.004308423493057489,0.9336816072463989,0.05599963665008545,0.00044295511906966567,0.0007514135213568807,0.0002471671614330262,0.00039974821265786886,0.004168977495282888
surprise.311,0.017053693532943726,0.10024847835302353,0.8233618140220642,0.03371391072869301,0.010916616767644882,0.0028111261781305075,0.003304939018562436,0.00858936458826065
surprise.312,0.03319399058818817,0.21430915594100952,0.13210546970367432,0.14330638945102692,0.12234759330749512,0.09469325840473175,0.12013137340545654,0.13991278409957886
surprise.313,0.1185736432671547,0.11235353350639343,0.7510094046592712,0.003718393621966243,0.004442538134753704,0.001211172086186707,0.0023717444855719805,0.006319602020084858
surprise.314,0.1244504377245903,0.04524492844939232,0.16075296700000763,0.046532247215509415,0.19230803847312927,0.008201400749385357,0.061208050698041916,0.36130189895629883
surprise.315,0.0517246350646019,0.1983877420425415,0.20856475830078125,0.2786533534526825,0.08830170333385468,0.027889255434274673,0.04352311044931412,0.10295555740594864
surprise.316,0.0792783573269844,0.5493382811546326,0.17388786375522614,0.052701301872730255,0.01679845154285431,0.012206276878714561,0.10561247169971466,0.01017699670046568
surprise.317,0.11476065218448639,0.04041273146867752,0.06081905588507652,0.12095076590776443,0.0466388575732708,0.01509320829063654,0.4043729305267334,0.19695188105106354
surprise.318,0.4823421537876129,0.056175556033849716,0.0061899409629404545,0.005871555767953396,0.01898357644677162,0.03383889049291611,0.2967960238456726,0.09980235993862152
surprise.319,0.0028436719439923763,0.9649509191513062,0.01645311713218689,0.002543508540838957,0.00023421787773258984,0.0008697645389474928,0.0019425948848947883,0.010162217542529106
surprise.32,0.023275546729564667,0.15804998576641083,0.06899937987327576,0.17419862747192383,0.47254449129104614,0.013204574584960938,0.010670759715139866,0.07905667275190353
surprise.320,0.0017873969627544284,0.900050163269043,0.02472769096493721,0.0015065449988469481,0.0007709133788011968,0.0013665496371686459,0.005373614374548197,0.06441716104745865
surprise.321,0.01623699627816677,0.24495069682598114,0.45549920201301575,0.24929320812225342,0.011750110425055027,0.001349818892776966,0.0015948876971378922,0.01932506635785103
surprise.322,0.006893721409142017,0.8319222927093506,0.014499513432383537,0.0046948459930717945,0.0019029662944376469,0.012037542648613453,0.07753393799066544,0.05051516368985176
surprise.323,0.44166049361228943,0.005913435947149992,0.0038031795993447304,0.11003164201974869,0.021281488239765167,0.006097951903939247,0.407015860080719,0.004195938352495432
surprise.324,0.627414345741272,0.09498966485261917,0.19312867522239685,0.02147962898015976,0.009036488831043243,0.022283855825662613,0.010915138758718967,0.020752180367708206
surprise.325,0.002266379538923502,0.9368179440498352,0.05251414701342583,0.0011756010353565216,0.0011023720726370811,0.0001433564320905134,0.0015447776531800628,0.004435371607542038
surprise.326,0.013114494271576405,0.93863445520401,0.02340465597808361,0.008612456731498241,0.0007063988596200943,0.001434150617569685,0.0021477339323610067,0.011945740319788456
surprise.327,0.000634463329333812,0.0005078689428046346,0.002183103933930397,0.0004558750370051712,0.0050459494814276695,0.04721047356724739,0.8959018588066101,0.04806040972471237
surprise.328,0.04997517913579941,0.8285190463066101,0.005533854477107525,0.002879971405491233,0.04661870002746582,0.007950126193463802,0.04100649058818817,0.017516503110527992
surprise.329,0.12091954797506332,0.3759922981262207,0.11327377706766129,0.020169580355286598,0.010965459048748016,0.012095944955945015,0.035163089632987976,0.311420202255249
surprise.33,0.07808999717235565,0.03243447095155716,0.05717488005757332,0.022798286750912666,0.030806083232164383,0.011338962242007256,0.5747707486152649,0.19258661568164825
surprise.330,0.770817756652832,0.03286084532737732,0.11658523231744766,0.01722359098494053,0.0034970801789313555,0.018043797463178635,0.009282792918384075,0.031688813120126724
surprise.34,0.7816246151924133,0.05001693591475487,0.030980078503489494,0.021644748747348785,0.02754630520939827,0.01609894074499607,0.05820036679506302,0.013887995854020119
surprise.35,0.017551112920045853,0.8970428109169006,0.025076791644096375,0.018554817885160446,0.01086875144392252,0.004452837631106377,0.0057108402252197266,0.02074206992983818
surprise.36,0.15654703974723816,0.7489554286003113,0.007700094021856785,0.009230054914951324,0.017346274107694626,0.006839611567556858,0.04725196212530136,0.006129561457782984
surprise.37,0.07281181216239929,0.04051230102777481,0.006229627411812544,0.01370033249258995,0.6657530069351196,0.004999248310923576,0.1753898710012436,0.020603826269507408
surprise.38,0.08341672271490097,0.024270858615636826,0.06666361540555954,0.2764297127723694,0.3647080361843109,0.01953677460551262,0.059701450169086456,0.10527290403842926
surprise.39,0.09524156153202057,0.003690224839374423,0.018796419724822044,0.8263571858406067,0.027343478053808212,0.0020389182027429342,0.022516490891575813,0.004015760496258736
surprise.4,0.06229878216981888,0.02216712199151516,0.011213700287044048,0.004331269301474094,0.03671986982226372,0.33816632628440857,0.5177724361419678,0.007330486085265875
surprise.40,0.02156422846019268,0.18585927784442902,0.1397223323583603,0.5036778450012207,0.053292352706193924,0.0464901402592659,0.03468222916126251,0.014711634255945683
surprise.41,0.014337167143821716,0.01446214597672224,0.015154254622757435,0.011295212432742119,0.016261320561170578,0.89002525806427,0.03469303995370865,0.0037716436199843884
surprise.42,0.01138194091618061,0.13109096884727478,0.5666332244873047,0.05144921690225601,0.01913483627140522,0.005464336834847927,0.01570228300988674,0.19914327561855316
surprise.43,0.2264491766691208,0.012416109442710876,0.46472957730293274,0.06477824598550797,0.026076549664139748,0.0010959472274407744,0.04603118076920509,0.15842317044734955
surprise.44,0.2900066673755646,0.13548555970191956,0.4143501818180084,0.02135680429637432,0.033848654478788376,0.018177110701799393,0.04539049044251442,0.04138456657528877
surprise.45,0.000965618179179728,0.9537301659584045,0.030418889597058296,0.005707027856260538,0.002877222141250968,0.00018078708671964705,0.0013999351067468524,0.004720406141132116
surprise.46,0.0741429328918457,0.05725347250699997,0.15695293247699738,0.5044926404953003,0.011478161439299583,0.0089324451982975,0.10075635462999344,0.0859910324215889
surprise.47,0.005098031833767891,0.14499419927597046,0.00336666707880795,0.0011981388088315725,0.8266026377677917,0.0008593089878559113,0.014133461751043797,0.003747677430510521
surprise.48,0.6118143200874329,0.04724275320768356,0.2744094133377075,0.014880094677209854,0.0026290903333574533,0.004049896728247404,0.006791725754737854,0.03818264976143837
surprise.49,0.01319117657840252,0.014463366009294987,0.03203468769788742,0.00727115711197257,0.03315533325076103,0.656333863735199,0.16988110542297363,0.07366931438446045
surprise.5,0.5190923810005188,0.14331050217151642,0.12022516131401062,0.06255917251110077,0.006820285692811012,0.05069424584507942,0.041687916964292526,0.05561026185750961
surprise.50,0.021657532081007957,0.26884356141090393,0.5208220481872559,0.04892125353217125,0.004666829016059637,0.0011537274112924933,0.02143522910773754,0.11249984055757523
surprise.51,0.021106088533997536,0.9447645545005798,0.010722938925027847,0.005450072698295116,0.0038442809600383043,0.0065812282264232635,0.0018580129835754633,0.005672883708029985
surprise.52,0.0019003443885594606,0.9788145422935486,0.0052605499513447285,0.004512880928814411,0.005328824743628502,0.00046626492985524237,0.0016389774391427636,0.00207766005769372
surprise.53,0.1893826127052307,0.29912179708480835,0.2606784999370575,0.13004907965660095,0.019227977842092514,0.011463857255876064,0.016740676015615463,0.07333552837371826
surprise.54,0.01878540776669979,0.771735429763794,0.08267704397439957,0.017973605543375015,0.030937250703573227,0.005068912170827389,0.03314850106835365,0.039673835039138794
surprise.55,0.02386932633817196,0.5763970017433167,0.17071101069450378,0.17238973081111908,0.037323374301195145,0.006516873836517334,0.004657844081521034,0.00813488569110632
surprise.56,0.23723344504833221,0.18641652166843414,0.24309414625167847,0.0470392107963562,0.010667244903743267,0.002972346032038331,0.012699121609330177,0.25987792015075684
surprise.57,0.1181458830833435,0.03365044295787811,0.25211256742477417,0.08710847795009613,0.03630353510379791,0.3377503752708435,0.05237274989485741,0.08255597203969955
surprise.58,0.14347396790981293,0.029655518010258675,0.07483025640249252,0.45539385080337524,0.15804117918014526,0.0028843777254223824,0.01610938459634781,0.11961137503385544
surprise.59,0.12024843692779541,0.25158652663230896,0.01050095446407795,0.022113701328635216,0.174549400806427,0.01527581550180912,0.1857268512248993,0.2199983447790146
surprise.6,0.27650564908981323,0.4236707091331482,0.2466113418340683,0.01549448724836111,0.012665809132158756,0.006725949700921774,0.005358340684324503,0.012967738322913647
surprise.60,0.6548994183540344,0.013456873595714569,0.1060231402516365,0.20772883296012878,0.005147968418896198,0.000771443301346153,0.0008014118066057563,0.011170911602675915
surprise.61,0.053231094032526016,0.2019844502210617,0.17055200040340424,0.2136119306087494,0.20155726373195648,0.07482357323169708,0.028325017541646957,0.05591468885540962
surprise.62,0.001791653921827674,0.9878364205360413,0.0028819129802286625,0.0024874189402908087,0.0017044955166056752,0.0003516309952829033,0.00043116434244439006,0.002515327651053667
surprise.63,0.07765790820121765,0.523831307888031,0.037955719977617264,0.03380507230758667,0.06941644102334976,0.09842032194137573,0.14761532843112946,0.011297935619950294
surprise.64,0.0860496535897255,0.18926852941513062,0.3648430109024048,0.03129889443516731,0.043705713003873825,0.16483989357948303,0.06317561864852905,0.0568186417222023
surprise.65,0.01640126295387745,0.32290250062942505,0.17762576043605804,0.017512381076812744,0.04798749461770058,0.007918978109955788,0.040808822959661484,0.36884281039237976
surprise.66,0.10428490489721298,0.5560823082923889,0.131398543715477,0.09944555908441544,0.011084822937846184,0.05021980032324791,0.02838987484574318,0.01909424178302288
surprise.67,0.0019922717474400997,0.9649919867515564,0.019971203058958054,0.00041749695083126426,0.006101283710449934,0.00011706104851327837,0.004258444532752037,0.002150173531845212
surprise.68,0.001752512063831091,0.9897021055221558,0.004454207140952349,0.002311420626938343,0.0005215241108089685,0.0003191155265085399,0.0005646928329952061,0.00037449118099175394
surprise.69,0.38284844160079956,0.0024530712980777025,0.07665243744850159,0.029409805312752724,0.03411407023668289,0.43488553166389465,0.02340102568268776,0.016235629096627235
surprise.7,0.7846686244010925,0.06137285754084587,0.03260472044348717,0.05668456852436066,0.011947589926421642,0.029896831139922142,0.019064128398895264,0.003760729217901826
surprise.70,0.10941538959741592,0.3999871015548706,0.03381834179162979,0.014722051098942757,0.009894630871713161,0.2152760922908783,0.15472552180290222,0.062160950154066086
surprise.71,0.0026900325901806355,0.9752530455589294,0.008669576607644558,0.002153050387278199,0.0033702522050589323,0.000997158233076334,0.001548471860587597,0.0053183999843895435
surprise.72,0.02069106511771679,0.00792362354695797,0.0036917971447110176,0.0036171143874526024,0.8974173665046692,0.012682894244790077,0.05023334175348282,0.003742762142792344
surprise.73,0.17703543603420258,0.2665248513221741,0.32600948214530945,0.026602160185575485,0.015470311976969242,0.09156815707683563,0.0546620711684227,0.042127545922994614
surprise.74,0.005712371319532394,0.003159269690513611,0.001561106531880796,0.017347199842333794,0.012731633149087429,0.006755170878022909,0.9479188919067383,0.004814420361071825
surprise.75,0.5503063797950745,0.020517554134130478,0.10553140193223953,0.017014293000102043,0.006598019972443581,0.06825851649045944,0.20358161628246307,0.028192266821861267
surprise.76,0.006902029737830162,0.9731849431991577,0.012313994579017162,0.0007217443780973554,0.0012116299476474524,0.0007629788015037775,0.002924969419836998,0.001977643696591258
surprise.77,0.04484548419713974,0.008203748613595963,0.09936821460723877,0.012697922065854073,0.022515080869197845,0.006810586433857679,0.04406464099884033,0.7614943385124207
surprise.78,0.019840329885482788,0.00678285164758563,0.04612501338124275,0.030277591198682785,0.7839199900627136,0.001003664336167276,0.049915604293346405,0.06213497370481491
surprise.79,0.32175353169441223,0.07543337345123291,0.05181500315666199,0.10051365941762924,0.033421993255615234,0.026682108640670776,0.27785179018974304,0.11252852529287338
surprise.8,0.03430859372019768,0.8321655988693237,0.014814102090895176,0.012075095437467098,0.025801565498113632,0.00448725325986743,0.05494427680969238,0.0214034765958786
surprise.80,0.10363496094942093,0.3900209069252014,0.06559750437736511,0.05001438409090042,0.10539976507425308,0.02568027749657631,0.10559520125389099,0.15405699610710144
surprise.81,0.01242814864963293,0.9091830849647522,0.028987444937229156,0.0017131661297753453,0.00332045741379261,0.0010862505296245217,0.007867380976676941,0.035414066165685654
surprise.82,0.02655014954507351,0.4207027852535248,0.028070826083421707,0.016759486868977547,0.005653831176459789,0.00676126079633832,0.13722068071365356,0.35828104615211487
surprise.83,0.007474207319319248,0.8275552988052368,0.07067229598760605,0.00578467920422554,0.005115475971251726,0.03130972012877464,0.02481190487742424,0.027276406064629555
surprise.84,0.011442724615335464,0.8983901143074036,0.004494877066463232,0.0019573804456740618,0.02738616243004799,0.0005069117178209126,0.04539383575320244,0.01042803842574358
surprise.85,0.018152771517634392,0.1562502533197403,0.7822062373161316,0.009883534163236618,0.013054374605417252,0.004465947393327951,0.0074659851379692554,0.008520878851413727
surprise.86,0.6022335290908813,0.09016985446214676,0.09594572335481644,0.03711951896548271,0.020245376974344254,0.08511602133512497,0.04399848356842995,0.025171618908643723
surprise.87,0.25243157148361206,0.20448489487171173,0.4521586298942566,0.02156827785074711,0.004998054355382919,0.007712068501859903,0.012297728098928928,0.044348686933517456
surprise.88,0.2163005769252777,0.08165950328111649,0.2707916498184204,0.2690237760543823,0.03169751912355423,0.0018619393231347203,0.07794837653636932,0.05071650817990303
surprise.89,0.16932570934295654,0.2615084648132324,0.05743686854839325,0.04010649397969246,0.056197743862867355,0.15361610054969788,0.22846466302871704,0.03334394842386246
surprise.9,0.0023158499971032143,0.8954477906227112,0.04349968582391739,0.00969001092016697,0.008977401070296764,0.0009644507663324475,0.0029419222846627235,0.03616280108690262
surprise.90,0.013186338357627392,0.2566286027431488,0.019318893551826477,0.011583379469811916,0.06725035607814789,0.011792999692261219,0.1273999810218811,0.4928394854068756
surprise.91,0.0020632375963032246,0.9860716462135315,0.0049351891502738,0.0028995040338486433,0.0005767960683442652,0.0012559116585180163,0.001060241018421948,0.0011374292662367225
surprise.92,0.05806012079119682,0.007562595885246992,0.06852510571479797,0.1953892558813095,0.09169076383113861,0.02298632636666298,0.1918826699256897,0.363903284072876
surprise.93,0.25669583678245544,0.17705468833446503,0.21189510822296143,0.033755071461200714,0.016198931261897087,0.0986773818731308,0.0343744233250618,0.17134858667850494
surprise.94,0.030202200636267662,0.335663765668869,0.010035596787929535,0.008469422347843647,0.5182995200157166,0.022786423563957214,0.05904364213347435,0.01549938041716814
surprise.95,0.0057525006122887135,0.9676192998886108,0.01854788511991501,0.0004931896110065281,0.0036988058127462864,7.13887347956188e-05,0.0012804821599274874,0.0025364235043525696
surprise.96,0.0968397930264473,0.07361192256212234,0.500712513923645,0.03548689931631088,0.2244865894317627,0.008778714574873447,0.02290380373597145,0.037179749459028244
surprise.97,0.06484819203615189,0.22009193897247314,0.10305288434028625,0.4310148358345032,0.13030514121055603,0.009052314795553684,0.013062406331300735,0.028572319075465202
surprise.98,0.04036988317966461,0.6765501499176025,0.09170939028263092,0.11233791708946228,0.03229663148522377,0.010825328528881073,0.01321684755384922,0.02269386313855648
surprise.99,0.04817523434758186,0.015389339067041874,0.019432218745350838,0.018312273547053337,0.06958527863025665,0.09224057197570801,0.27768653631210327,0.45917853713035583
