macro_precision,macro_recall,macro_f1,class_0_precision,class_0_recall,class_0_f1,class_1_precision,class_1_recall,class_1_f1,class_2_precision,class_2_recall,class_2_f1,class_3_precision,class_3_recall,class_3_f1,class_4_precision,class_4_recall,class_4_f1,class_5_precision,class_5_recall,class_5_f1,class_6_precision,class_6_recall,class_6_f1,class_7_precision,class_7_recall,class_7_f1
0.15254365445790385,0.2080941057313312,0.14059863495176134,0.22126144455747712,0.8752515090543259,0.35322777101096225,0.0,0.0,0.0,0.0,0.0,0.0,0.04225352112676056,0.0030706243602865915,0.0057251908396946565,0.172,0.08301158301158301,0.11197916666666667,0.21443736730360935,0.3754646840148699,0.27297297297297296,0.27564102564102566,0.06204906204906205,0.10129564193168433,0.29475587703435807,0.265905383360522,0.27958833619210977
