img_id,img_amusement,img_awe,img_contentment,img_excitement,img_anger,img_disgust,img_fear,img_sadness
img.00002062,0.02308223582804203,0.02344864048063755,0.02538243494927883,0.0014836243353784084,0.560899019241333,0.014844981022179127,0.21233882009983063,0.13852030038833618
img.00002460,0.03274444863200188,0.07346795499324799,0.004304155241698027,0.007406736724078655,0.021842198446393013,0.004051435738801956,0.7651336193084717,0.09104952961206436
img.00006317,0.1406121402978897,0.043717917054891586,0.10234787315130234,0.010897702537477016,0.07565585523843765,0.29629725217819214,0.2680416703224182,0.06242961063981056
img.00000291,0.1987726241350174,0.4971228539943695,0.07465261965990067,0.1175776869058609,0.03175926208496094,0.02154429256916046,0.03375670313835144,0.024813946336507797
img.00004208,0.826381266117096,0.020632054656744003,0.040620096027851105,0.015850264579057693,0.009146673604846,0.020929748192429543,0.05756209418177605,0.008877735584974289
img.00008212,0.2842924892902374,0.20542334020137787,0.28420013189315796,0.018005887046456337,0.004418098367750645,0.05412105470895767,0.06809121370315552,0.08144776523113251
img.00003794,0.69780433177948,0.005146365612745285,0.004338942933827639,0.048448145389556885,0.0617397278547287,0.013021714985370636,0.16716255247592926,0.002338218968361616
img.00000470,0.12288303673267365,0.18058493733406067,0.4666513204574585,0.04290183633565903,0.09109359234571457,0.03199400752782822,0.0349971242249012,0.028894098475575447
img.00004864,0.02543419785797596,0.023725220933556557,0.06484957784414291,0.04857196658849716,0.0915021225810051,0.002684870269149542,0.2380821704864502,0.5051498413085938
img.00006877,0.0004143203259445727,0.0020775499287992716,0.00023417247575707734,0.0006975897704251111,0.07279550284147263,0.010088172741234303,0.8928080797195435,0.02088455855846405
img.00008247,0.03836066648364067,0.01736767590045929,0.14958587288856506,0.020316265523433685,0.3306003510951996,0.021409230306744576,0.027670497074723244,0.3946894407272339
img.00001942,0.6913672685623169,0.13838574290275574,0.008360479958355427,0.022139621898531914,0.026339437812566757,0.0069416784681379795,0.07145653665065765,0.03500913083553314
img.00008926,0.4384385645389557,0.05307883769273758,0.027132293209433556,0.006338294595479965,0.019336285069584846,0.06030602008104324,0.26248112320899963,0.132888525724411
img.00002773,0.07088229805231094,0.008319848217070103,0.08396483212709427,0.08820884674787521,0.26842477917671204,0.006353352684527636,0.18618355691432953,0.2876625955104828
img.00008511,0.03384869173169136,0.03614092618227005,0.004559967666864395,0.006206140853464603,0.07844164222478867,0.021356940269470215,0.8060048222541809,0.013440857641398907
img.00007478,0.5875598192214966,0.015844859182834625,0.29136431217193604,0.026198672130703926,0.011085550300776958,0.002042725682258606,0.0173049196600914,0.048599161207675934
img.00003537,0.8317323327064514,0.011948252096772194,0.01715138368308544,0.06272454559803009,0.001493980991654098,0.0658387541770935,0.006321086548268795,0.0027896310202777386
img.00002068,0.10150150209665298,0.003486681031063199,0.028737537562847137,0.8129100203514099,0.015226167626678944,0.00042100375867448747,0.0315423309803009,0.006174751557409763
img.00004358,0.049518607556819916,0.08627212047576904,0.03771642968058586,0.03624876216053963,0.025013623759150505,0.020281514152884483,0.15077678859233856,0.5941721796989441
img.00007494,0.0081014484167099,0.9475528597831726,0.03195599094033241,0.0012676083715632558,0.0015969487139955163,0.0006584436632692814,0.006685716100037098,0.0021809462923556566
img.00005705,0.04205270856618881,0.008361638523638248,0.003960993606597185,0.0034095316659659147,0.01045291032642126,0.07814878225326538,0.5723968744277954,0.2812165319919586
img.00004299,0.07731647789478302,0.13181501626968384,0.2647900879383087,0.055121880024671555,0.0355292484164238,0.05332711338996887,0.06474140286445618,0.3173587918281555
img.00006993,0.11771725118160248,0.05180438235402107,0.18142060935497284,0.04802890866994858,0.02609071508049965,0.02245546132326126,0.07275892049074173,0.4797237515449524
img.00001692,0.02903175912797451,0.0280612800270319,0.0019097881158813834,0.0019491915591061115,0.0017998911207541823,0.001067968551069498,0.9350211024284363,0.0011591025395318866
img.00004179,0.03089478611946106,0.07924176007509232,0.01589607447385788,0.0015351990005001426,0.013196182437241077,0.022547433152794838,0.7118273973464966,0.12486124038696289
img.00003038,0.0008133311057463288,0.0003736621292773634,0.0002202879113610834,0.0007501891232095659,0.005659679416567087,0.004520264454185963,0.9742058515548706,0.013456687331199646
img.00002182,0.22678391635417938,0.0059331259690225124,0.000982452998869121,0.006626877002418041,0.005184988025575876,0.05759985372424126,0.6852871179580688,0.011601661331951618
img.00003118,0.4068929851055145,0.024826738983392715,0.00466608302667737,0.015145552344620228,0.014694633893668652,0.026571527123451233,0.498788446187973,0.008414109237492085
img.00008605,0.06949160248041153,0.4713405966758728,0.18321175873279572,0.009039478376507759,0.0027824665885418653,0.005048829130828381,0.07612390071153641,0.18296130001544952
img.00008022,0.0031192488968372345,0.0012451361399143934,0.0005073512438684702,0.00026265019550919533,0.0008228717488236725,0.004432207439094782,0.9142226576805115,0.07538793236017227
img.00000146,0.05772212892770767,0.01956559531390667,0.002024146029725671,0.003685563802719116,0.5429479479789734,0.046172089874744415,0.3199545741081238,0.007927913218736649
img.00000915,0.12441586703062057,0.08266495168209076,0.22950078547000885,0.017755471169948578,0.057392418384552,0.004794679116457701,0.10909318178892136,0.37438273429870605
img.00003747,0.5415855050086975,0.010548761114478111,0.031168127432465553,0.03666955977678299,0.007995874620974064,0.3022969663143158,0.06383652240037918,0.005898656789213419
img.00002900,0.41938090324401855,0.004394541494548321,0.0012672391021624207,0.004532712046056986,0.01359252817928791,0.3273327052593231,0.22546261548995972,0.00403668312355876
img.00007321,0.574886679649353,0.009725783951580524,0.0193497147411108,0.11793837696313858,0.0833345279097557,0.019662393257021904,0.07503043115139008,0.10007211565971375
img.00007160,0.12994204461574554,0.009677172638475895,0.0034013448748737574,0.030638916417956352,0.03524492681026459,0.029697706922888756,0.7316392064094543,0.02975865639746189
img.00002892,0.0038596084341406822,0.001989440992474556,0.0005694649880751967,0.0008031478500925004,0.04212534427642822,0.008134381845593452,0.9346897006034851,0.00782887451350689
img.00001903,0.1056208536028862,0.010031038895249367,0.00795178022235632,0.6685580611228943,0.10002569854259491,0.0022008009254932404,0.04574093595147133,0.05987071618437767
img.00001438,0.07480499148368835,0.005451617296785116,0.007636543828994036,0.194695383310318,0.16081245243549347,0.005048900842666626,0.5280138850212097,0.02353624813258648
img.00003451,0.5731766223907471,0.07956478744745255,0.010019837878644466,0.020807702094316483,0.025049757212400436,0.05247021093964577,0.05570264533162117,0.1832084208726883
img.00003333,0.8864292502403259,0.032314643263816833,0.02144644968211651,0.03015018440783024,0.007604849059134722,0.007812779396772385,0.007272650487720966,0.006969244219362736
img.00004459,0.004084925167262554,0.008464617654681206,0.16830085217952728,0.0069581083953380585,0.2257365733385086,0.0048450599424541,0.012792629189789295,0.5688173174858093
img.00001795,0.3702312707901001,0.06465254724025726,0.015693048015236855,0.11294916272163391,0.018401041626930237,0.011656534858047962,0.39523494243621826,0.01118147000670433
img.00000106,0.11162833124399185,0.18778656423091888,0.5517753958702087,0.028818799182772636,0.007966802455484867,0.0018132029799744487,0.0018993807025253773,0.10831155627965927
img.00008892,0.026949001476168633,0.0031782391015440226,0.002531798090785742,0.08115461468696594,0.04636180028319359,0.000989273888990283,0.8338457942008972,0.004989539738744497
img.00005257,0.7973666191101074,0.024791132658720016,0.0881253182888031,0.007243831641972065,0.007390705868601799,0.020787779241800308,0.01888972893357277,0.03540492057800293
img.00003540,0.13194288313388824,0.0031155983451753855,0.0015790476463735104,0.7134819030761719,0.025781720876693726,0.016702406108379364,0.09881006926298141,0.008586300536990166
img.00000556,0.07615338265895844,0.010788091458380222,0.005854623392224312,0.029309380799531937,0.05463984236121178,0.04446585103869438,0.6423748135566711,0.136414036154747
img.00002096,0.7092306613922119,0.1887521892786026,0.019057324156165123,0.006471564061939716,0.014219287782907486,0.03140648454427719,0.017229612916707993,0.013632929883897305
img.00006766,0.06272158026695251,0.1477062851190567,0.028849752619862556,0.0029668586794286966,0.015411300584673882,0.005483755376189947,0.5771615505218506,0.15969890356063843
img.00006306,0.09291768074035645,0.022374343127012253,0.2150115966796875,0.11060017347335815,0.022741323336958885,0.010499447584152222,0.40703967213630676,0.11881575733423233
img.00008248,0.4077134132385254,0.13342776894569397,0.2593390941619873,0.03993217274546623,0.007542464416474104,0.020663190633058548,0.11571153253316879,0.015670379623770714
img.00001741,0.39170074462890625,0.25585827231407166,0.04136049002408981,0.03908226266503334,0.02696189470589161,0.1453157663345337,0.06718526780605316,0.03253527358174324
img.00004062,0.70637047290802,0.07848932594060898,0.026803625747561455,0.022522659972310066,0.040062066167593,0.044573016464710236,0.06819771975278854,0.012981092557311058
img.00004159,0.021771347150206566,0.011612549424171448,0.003620685776695609,0.01957853138446808,0.08076716214418411,0.020150158554315567,0.8054583072662354,0.03704134002327919
img.00006438,0.0046589430421590805,0.0015501163434237242,0.003748175920918584,0.0018376794178038836,0.017907805740833282,0.00555381178855896,0.837446928024292,0.12729647755622864
img.00001504,0.6694849133491516,0.03812338039278984,0.14670266211032867,0.02015085704624653,0.011913296766579151,0.07534226775169373,0.02537398226559162,0.012908585369586945
img.00008339,0.14656418561935425,0.01686660386621952,0.0689055472612381,0.021884847432374954,0.11285431683063507,0.2568468153476715,0.24709837138652802,0.12897929549217224
img.00005720,0.09423036128282547,0.040208227932453156,0.36323580145835876,0.06833956390619278,0.036120206117630005,0.001661663525737822,0.0012655943864956498,0.394938588142395
img.00006026,0.22647421061992645,0.048576757311820984,0.027689343318343163,0.014221876859664917,0.02575984224677086,0.23200203478336334,0.28966596722602844,0.13561004400253296
img.00006505,0.016290081664919853,0.004069273825734854,0.0011545198503881693,0.003515709890052676,0.08796507865190506,0.0036575226113200188,0.8695771098136902,0.01377079077064991
img.00004047,0.007468540687114,0.0036911910865455866,0.0047358800657093525,0.004053976386785507,0.9099552631378174,0.014129722490906715,0.047467514872550964,0.008497891947627068
img.00008367,0.06467074900865555,0.0215822234749794,0.03390403091907501,0.01052152831107378,0.06347370892763138,0.40371981263160706,0.31766825914382935,0.08445967733860016
img.00003087,0.057175349444150925,0.015930917114019394,0.011651985347270966,0.03786575421690941,0.03847189247608185,0.021365325897932053,0.8009835481643677,0.01655527576804161
img.00004602,0.007771250791847706,0.011887818574905396,0.0015665477840229869,0.0008695953874848783,0.9318300485610962,0.006671423092484474,0.024855541065335274,0.014547879807651043
img.00006107,0.07309827953577042,0.119014210999012,0.00839600246399641,0.006146098021417856,0.7747923731803894,0.003862435230985284,0.006580099929124117,0.008110424503684044
img.00008052,0.006054119672626257,0.003845884697511792,0.00464274687692523,0.0010646687587723136,0.022210421040654182,0.011506711132824421,0.7408500909805298,0.20982526242733002
img.00004458,0.23362533748149872,0.008457229472696781,0.029045194387435913,0.02825080044567585,0.027186745777726173,0.0524221807718277,0.5695617198944092,0.051450829952955246
img.00000374,0.9180039167404175,0.007523217238485813,0.040555212646722794,0.00815636571496725,0.002083288738504052,0.01854117587208748,0.0016968308482319117,0.0034399202559143305
img.00008344,0.9392406344413757,0.03298245370388031,0.008883091621100903,0.011602066457271576,0.0013620778918266296,0.000712625915184617,0.0020017335191369057,0.003215386997908354
img.00000595,0.024810191243886948,0.005874401889741421,0.000862587708979845,0.005797727033495903,0.012582431547343731,0.02534441463649273,0.9136545658111572,0.01107360702008009
img.00006061,0.1172063872218132,0.01705797202885151,0.046413782984018326,0.7113074064254761,0.028556544333696365,0.003546631196513772,0.05551585555076599,0.020395398139953613
img.00006440,0.09068156778812408,0.05182180926203728,0.031789835542440414,0.113468237221241,0.07921823114156723,0.0416179895401001,0.11751558631658554,0.4738866984844208
img.00008143,0.4320950508117676,0.3664079010486603,0.020282570272684097,0.03863058239221573,0.0972796380519867,0.0273445975035429,0.00509168766438961,0.012867923825979233
img.00008105,0.00045441146357916296,0.00037359443376772106,8.679892926011235e-05,0.0004978673532605171,0.0028758086264133453,0.0016909795813262463,0.9935909509658813,0.00042959305574186146
img.00006854,0.3298073410987854,0.009639427997171879,0.012799007818102837,0.46717679500579834,0.045236777514219284,0.004413379821926355,0.11663588881492615,0.014291423372924328
img.00004097,0.08829167485237122,0.03767675161361694,0.03966744616627693,0.007498411927372217,0.021199868991971016,0.0038748402148485184,0.011837877333164215,0.7899531126022339
img.00008568,0.2645733654499054,0.11414602398872375,0.04121234640479088,0.026362383738160133,0.02797260507941246,0.24061547219753265,0.24001474678516388,0.0451030433177948
img.00008271,0.5659054517745972,0.05092412233352661,0.028737396001815796,0.19775709509849548,0.004960609134286642,0.0033229717519134283,0.14609873294830322,0.00229356880299747
img.00003422,0.04066145047545433,0.006655369885265827,0.007440202869474888,0.002812562510371208,0.0016061001224443316,0.4026787579059601,0.5259246230125427,0.012220915406942368
img.00006460,0.3435533344745636,0.0698876604437828,0.06245904415845871,0.24705970287322998,0.050317712128162384,0.06232841685414314,0.07754608988761902,0.08684802800416946
img.00003710,0.28635114431381226,0.03546939417719841,0.24655386805534363,0.044728610664606094,0.05636068433523178,0.09686905890703201,0.026480184867978096,0.2071869969367981
img.00003293,0.13940918445587158,0.012326866388320923,0.00588760944083333,0.7916504144668579,0.02908620983362198,0.0012890188954770565,0.010280460119247437,0.010070268996059895
img.00007810,0.14429670572280884,0.09367093443870544,0.49593424797058105,0.0696689561009407,0.04001564532518387,0.010810034349560738,0.03753010928630829,0.10807333141565323
img.00000290,0.061129432171583176,0.0022162743844091892,0.0013484375085681677,0.0012663884554058313,0.002636596327647567,0.0010572648607194424,0.925701916217804,0.004643714055418968
img.00006528,0.529779314994812,0.02566002681851387,0.010364357382059097,0.023833731189370155,0.016377080231904984,0.0014233532128855586,0.38997381925582886,0.0025883333291858435
img.00006579,0.0268681850284338,0.007358227390795946,0.032066602259874344,0.013743332587182522,0.018796458840370178,0.7671511769294739,0.03490600734949112,0.09911005198955536
img.00008312,0.0034071302507072687,0.0020013826433569193,0.000235669212997891,0.00013012283307034522,0.0013891409616917372,0.11478281021118164,0.8701860308647156,0.00786768551915884
img.00000056,0.0996793881058693,0.02285877987742424,0.06743628531694412,0.14378522336483002,0.20751656591892242,0.02847876399755478,0.2994673252105713,0.1307777315378189
img.00002078,0.49346923828125,0.11417743563652039,0.02763133868575096,0.0032771253027021885,0.008151154033839703,0.11497510224580765,0.22788341343402863,0.010435155592858791
img.00002507,0.07146387547254562,0.060350000858306885,0.03379042074084282,0.42475712299346924,0.2890641391277313,0.006340361200273037,0.06938889622688293,0.04484531283378601
img.00005103,0.26235517859458923,0.03505174443125725,0.009020614437758923,0.0452791191637516,0.3279288411140442,0.005299642216414213,0.2450268268585205,0.07003799080848694
img.00003410,0.04052893817424774,0.0073304204270243645,0.004714922979474068,0.0033311594743281603,0.008745843544602394,0.3985186219215393,0.5339776277542114,0.0028524547815322876
img.00005690,0.6957763433456421,0.07921411097049713,0.00907064974308014,0.02188665233552456,0.02353035658597946,0.05033665895462036,0.08042751252651215,0.03975777328014374
img.00003809,0.3503621220588684,0.14481747150421143,0.1288849264383316,0.2354993373155594,0.01385029312223196,0.048757970333099365,0.051089148968458176,0.02673882246017456
img.00003470,0.26987043023109436,0.02166496030986309,0.017039794474840164,0.1200399100780487,0.03917422890663147,0.02101105824112892,0.3998897075653076,0.11130988597869873
img.00006459,0.000254695100011304,0.00047576657379977405,0.00030760644585825503,0.0004059557104483247,0.003999670036137104,0.0018165672663599253,0.9867773652076721,0.005962415598332882
img.00006455,0.7659818530082703,0.0012715336633846164,0.0018882951699197292,0.009528998285531998,0.012179490178823471,0.011224986054003239,0.19345125555992126,0.004473641514778137
img.00008706,0.18031951785087585,0.018589548766613007,0.00877624936401844,0.010921498760581017,0.11587463319301605,0.10325745493173599,0.5551451444625854,0.007115873508155346
img.00008906,0.09406723082065582,0.3038608729839325,0.13052310049533844,0.24258072674274445,0.05171681568026543,0.006615180987864733,0.0917389765381813,0.07889711856842041
img.00000509,0.3906377851963043,0.3135377764701843,0.10594245791435242,0.003109825076535344,0.0038183473516255617,0.02281402051448822,0.13653093576431274,0.023608829826116562
img.00006192,0.6666712164878845,0.016898728907108307,0.09767525643110275,0.014295722357928753,0.018373066559433937,0.07183485478162766,0.08594473451375961,0.028306368738412857
img.00007365,0.8693512678146362,0.020449569448828697,0.007091744337230921,0.013066665269434452,0.0030543534085154533,0.026711881160736084,0.05890825763344765,0.0013662506826221943
img.00006278,0.4860539138317108,0.05019484460353851,0.0481327623128891,0.004717129748314619,0.0337943434715271,0.01495822612196207,0.10160546749830246,0.2605433464050293
img.00002443,0.17990610003471375,0.14662183821201324,0.061281539499759674,0.13785408437252045,0.019552327692508698,0.009318501688539982,0.006723667960613966,0.43874189257621765
img.00004962,0.1985568106174469,0.7394816875457764,0.026586515828967094,0.00736974598839879,0.008437967859208584,0.001458491082303226,0.010923881083726883,0.007184814661741257
img.00002306,0.001214227289892733,0.00520306546241045,0.03309250995516777,0.0010444991057738662,0.0032113187480717897,0.0031639826484024525,0.004623474087566137,0.9484469294548035
img.00006899,0.5725700855255127,0.02583754062652588,0.07206401228904724,0.010909605771303177,0.0067032757215201855,0.22338727116584778,0.0766429454088211,0.011885274201631546
img.00002363,0.28420162200927734,0.11248539388179779,0.23775753378868103,0.06207380071282387,0.01706594042479992,0.174264058470726,0.041708722710609436,0.07044294476509094
img.00008149,0.44394049048423767,0.011999182403087616,0.044366512447595596,0.016999226063489914,0.027126489207148552,0.05929332226514816,0.2977173626422882,0.09855737537145615
img.00008331,0.006340799853205681,0.06868622452020645,0.001074029947631061,0.0005806004046462476,0.006258461158722639,0.19475337862968445,0.6605643033981323,0.061742234975099564
img.00002954,0.1944400817155838,0.0025241717230528593,0.009421267546713352,0.00494184298440814,0.018299026414752007,0.04056680202484131,0.6925913691520691,0.037215348333120346
img.00007289,0.5696375370025635,0.15373866260051727,0.1749301552772522,0.0044894893653690815,0.0022069925907999277,0.037549491971731186,0.03437933325767517,0.023068368434906006
img.00007621,0.002112738089635968,0.0013458611210808158,0.0005224104388616979,0.020720088854432106,0.30343177914619446,0.0010617624502629042,0.3130801022052765,0.3577252924442291
img.00000812,0.05439591035246849,0.007610286120325327,0.02050236240029335,0.12148749828338623,0.26521989703178406,0.02072935737669468,0.2255643904209137,0.28449031710624695
img.00004395,0.6016784310340881,0.023154400289058685,0.24740499258041382,0.013192023150622845,0.0062966179102659225,0.010614852420985699,0.08375710994005203,0.013901526108384132
img.00006014,0.09531368315219879,0.030964462086558342,0.002647056709975004,0.004335086792707443,0.006257545668631792,0.8131157755851746,0.04108398035168648,0.006282420363277197
img.00008029,0.8149945139884949,0.03646069020032883,0.03580683469772339,0.06961968541145325,0.002964557381346822,0.01545633003115654,0.02086811512708664,0.0038292414974421263
img.00008901,0.46482715010643005,0.20686718821525574,0.12498434633016586,0.02098538540303707,0.007980577647686005,0.0048286826349794865,0.09379333257675171,0.07573336362838745
img.00006270,0.19755353033542633,0.024940835312008858,0.00367295672185719,0.2551170289516449,0.01728147827088833,0.0015700532821938396,0.47607991099357605,0.023784257471561432
img.00000352,0.12542685866355896,0.01732155680656433,0.009053443558514118,0.004827020689845085,0.0030219631735235453,0.7418020367622375,0.03492201492190361,0.06362515687942505
img.00002307,0.01575416326522827,0.0024846342857927084,0.0009484177571721375,0.003986337222158909,0.006840617395937443,0.01648789271712303,0.9078639149665833,0.04563414677977562
img.00005854,0.8334367871284485,0.03015769273042679,0.02286161296069622,0.05413472652435303,0.01840396784245968,0.01780470460653305,0.012468486092984676,0.010732077062129974
img.00000956,0.05439410358667374,0.01991020329296589,0.038119036704301834,0.8798394799232483,0.0018791462061926723,0.0003976436273660511,0.001869331463240087,0.0035910129081457853
img.00008229,0.20328831672668457,0.04435142129659653,0.013779974542558193,0.013932259753346443,0.044133447110652924,0.0018583680503070354,0.6721273064613342,0.006528913043439388
img.00004213,0.1820199191570282,0.028813350945711136,0.18136897683143616,0.1373259276151657,0.07680073380470276,0.015640603378415108,0.01494570728391409,0.3630847930908203
img.00005148,0.18651187419891357,0.14031051099300385,0.23470339179039001,0.003161095082759857,0.07082249969244003,0.05509267747402191,0.22435618937015533,0.08504172414541245
img.00006095,0.0020960583351552486,0.9874868392944336,0.0043305810540914536,0.0019403478363528848,0.0004896401660516858,0.00032360569457523525,0.0019256664672866464,0.0014072644989937544
img.00008234,0.24931269884109497,0.03005853295326233,0.09491964429616928,0.35278433561325073,0.021432440727949142,0.006120672449469566,0.0073894052766263485,0.23798225820064545
img.00003285,0.8085014224052429,0.008568182587623596,0.006665109656751156,0.05597343668341637,0.04564869403839111,0.00388944149017334,0.06478292495012283,0.005970858037471771
img.00006008,0.0506046824157238,0.03862474858760834,0.0066811698488891125,0.002005605259910226,0.03342365100979805,0.22008116543293,0.47985684871673584,0.16872206330299377
img.00002940,0.0618024542927742,0.003369539277628064,0.0005287217791192234,0.045926906168460846,0.536526620388031,0.08091120421886444,0.2681088447570801,0.002825661562383175
img.00006416,0.03453687205910683,0.039675768464803696,0.0440032035112381,0.06285548210144043,0.2658465802669525,0.005778152961283922,0.2544705867767334,0.2928333282470703
img.00008937,0.00039947329787537456,0.0005237531149759889,0.001625197590328753,0.0010350048542022705,0.008852692320942879,0.005578604526817799,0.8446235060691833,0.13736185431480408
img.00003727,0.44798150658607483,0.09271527826786041,0.3606366217136383,0.031214429065585136,0.01633352041244507,0.004510127939283848,0.01926087588071823,0.027347682043910027
img.00002856,0.24604332447052002,0.010846134275197983,0.0053015886805951595,0.13870221376419067,0.26723864674568176,0.045328687876462936,0.247078999876976,0.03946041315793991
img.00001727,0.12400814890861511,0.06439166516065598,0.05610267445445061,0.032364677637815475,0.05280560255050659,0.0282199177891016,0.47781699895858765,0.16429026424884796
img.00001595,0.0169731006026268,0.09460552781820297,0.09493397176265717,0.05250038951635361,0.11959660798311234,0.002907057059928775,0.011406173929572105,0.6070771217346191
img.00002703,0.12438815832138062,0.18700620532035828,0.3039874732494354,0.038868073374032974,0.013709588907659054,0.012251107953488827,0.0153590627014637,0.30443039536476135
img.00001508,0.8223806023597717,0.0062642935663461685,0.0651218593120575,0.008189314045011997,0.004785235971212387,0.0031438495498150587,0.05663186311721802,0.03348298370838165
img.00008800,0.08833083510398865,0.16319087147712708,0.04923634976148605,0.02363571897149086,0.1574382483959198,0.11452948302030563,0.1328679472208023,0.2707705795764923
img.00007108,0.7272731065750122,0.024258479475975037,0.14489243924617767,0.018293844535946846,0.011660625226795673,0.0351584367454052,0.021967032924294472,0.016496025025844574
img.00006010,0.026621945202350616,0.13771137595176697,0.002716704970225692,0.005838979035615921,0.6485623717308044,0.01107617188245058,0.15346594154834747,0.014006574638187885
img.00001619,0.2914618253707886,0.4728982746601105,0.10972075164318085,0.005024387966841459,0.005057617090642452,0.006442750804126263,0.007298710290342569,0.10209577530622482
img.00000521,0.2387503981590271,0.05323166400194168,0.09274245798587799,0.07801110297441483,0.1888388991355896,0.004773772321641445,0.2481868416070938,0.09546483308076859
img.00006372,4.5677952584810555e-05,4.543833711068146e-05,2.3188362320070155e-05,0.00011639770673355088,0.0067307003773748875,0.0003103681083302945,0.9901390075683594,0.002589284908026457
img.00002368,0.003090581391006708,0.0011347071267664433,0.0006474066176451743,0.005127996206283569,0.004974105395376682,0.002757687121629715,0.9777073860168457,0.004560149274766445
img.00007350,0.6293962001800537,0.02385980263352394,0.0840769037604332,0.1647472232580185,0.015353462658822536,0.0020397044718265533,0.0702175498008728,0.010309135541319847
img.00003767,0.2760275900363922,0.19587889313697815,0.030020222067832947,0.16415266692638397,0.020031621679663658,0.012427747249603271,0.23992101848125458,0.06154020130634308
img.00004504,0.08739573508501053,0.09053944051265717,0.19289033114910126,0.059709347784519196,0.061045754700899124,0.026081936433911324,0.05540741607546806,0.4269300699234009
img.00003174,0.07531638443470001,0.14875827729701996,0.17243699729442596,0.016177484765648842,0.04439635947346687,0.24581961333751678,0.20188866555690765,0.09520623087882996
img.00003103,0.005967465229332447,0.0063369497656822205,0.0057627176865935326,0.00883470568805933,0.06052058935165405,0.0013237247476354241,0.8772363662719727,0.03401745483279228
img.00007982,0.0014489074237644672,0.000746439560316503,0.00018505705520510674,0.002950569149106741,0.13993437588214874,0.0006482087192125618,0.8510040044784546,0.003082515671849251
img.00000295,0.03170286491513252,0.671992838382721,0.13012908399105072,0.03275248408317566,0.017173264175653458,0.02919737808406353,0.006686966400593519,0.08036519587039948
img.00001316,0.040080904960632324,0.08043676614761353,0.01559877023100853,0.056371044367551804,0.14161695539951324,0.045305393636226654,0.46083885431289673,0.15975135564804077
img.00002050,0.0844344049692154,0.02532540261745453,0.02157951518893242,0.13493697345256805,0.10410521179437637,0.02304515242576599,0.4587930142879486,0.14778035879135132
img.00004765,0.02392161823809147,0.13018138706684113,0.042746637016534805,0.05832506716251373,0.027110842987895012,0.028524450957775116,0.2834525406360626,0.40573757886886597
img.00002868,0.04006550833582878,0.060666073113679886,0.0025702358689159155,0.01833302527666092,0.08061877638101578,0.20214508473873138,0.576897919178009,0.018703313544392586
img.00005704,0.08206460624933243,0.0026196250692009926,0.001350748585537076,0.007079459261149168,0.003294027177616954,0.005662997253239155,0.8922852873802185,0.005643227603286505
img.00000519,0.05223875120282173,0.02867984212934971,0.052407559007406235,0.0728839635848999,0.1978582739830017,0.005684688221663237,0.49052464962005615,0.09972234815359116
img.00004293,0.3382667899131775,0.05453115329146385,0.07225745916366577,0.1473204642534256,0.08882315456867218,0.0006585351075045764,0.003935369197279215,0.29420700669288635
img.00002551,0.00042379385558888316,0.003979531582444906,0.0001116871353588067,0.0002878237282857299,0.11791890859603882,0.015994489192962646,0.857798159122467,0.0034856460988521576
img.00007688,0.002604267094284296,0.0022367415949702263,0.00176189502235502,0.001007535494863987,0.16357234120368958,0.008943580090999603,0.7382110953330994,0.08166254311800003
img.00003753,0.17857196927070618,0.4510011076927185,0.05345956236124039,0.011695751920342445,0.05390501022338867,0.0069770654663443565,0.16118089854717255,0.08320869505405426
img.00006605,0.461405873298645,0.08941236138343811,0.04151013493537903,0.02518514357507229,0.1520329713821411,0.06893399357795715,0.03407634049654007,0.12744316458702087
img.00005537,0.2526053190231323,0.2086096554994583,0.24137930572032928,0.06028540059924126,0.07195960730314255,0.036902159452438354,0.08697057515382767,0.04128805547952652
img.00000661,0.10000409185886383,0.021208761259913445,0.05532926693558693,0.01901916228234768,0.020358163863420486,0.01093197800219059,0.6362398266792297,0.1369086652994156
img.00004783,0.5372280478477478,0.06537818163633347,0.14929349720478058,0.055676620453596115,0.02105245180428028,0.09838418662548065,0.04671972617506981,0.026267249137163162
img.00007636,0.29326868057250977,0.010390679351985455,0.0015505545306950808,0.029768111184239388,0.16511864960193634,0.012810466811060905,0.47200506925582886,0.01508779264986515
img.00007387,0.18480084836483002,0.005903830751776695,0.00841022003442049,0.2937980592250824,0.10013625770807266,0.0041365972720086575,0.27162662148475647,0.1311875432729721
img.00002592,0.05389605090022087,0.006913608871400356,0.015053576789796352,0.013199183158576488,0.05272628739476204,0.05834590271115303,0.7671337127685547,0.032731689512729645
img.00007149,0.6424009799957275,0.024392349645495415,0.07235696911811829,0.0067396145313978195,0.007922772318124771,0.203326016664505,0.021804289892315865,0.021056978031992912
img.00000724,0.22817446291446686,0.0170279610902071,0.005257383454591036,0.008651038631796837,0.032624151557683945,0.010751888155937195,0.6921398639678955,0.0053731887601315975
img.00003112,0.08111845701932907,0.04153737798333168,0.019098052754998207,0.006170932669192553,0.007353275083005428,0.08089332282543182,0.6881406307220459,0.07568787038326263
img.00001357,0.623809814453125,0.0856611356139183,0.06925927102565765,0.0630827397108078,0.029487548395991325,0.09682080149650574,0.012387909926474094,0.01949080266058445
img.00005293,0.14506319165229797,0.014831852167844772,0.105926513671875,0.008969989605247974,0.2501815855503082,0.04365601763129234,0.40123090147972107,0.030139988288283348
img.00003471,0.0489162802696228,0.01844952069222927,0.022024735808372498,0.0014845189871266484,0.08291669934988022,0.009946274571120739,0.035261597484350204,0.7810003757476807
img.00005152,0.12725958228111267,0.02287987992167473,0.033554088324308395,0.23423811793327332,0.3969424068927765,0.004506832920014858,0.032683923840522766,0.14793512225151062
img.00005723,0.3451346755027771,0.4084280729293823,0.010960006155073643,0.0032315512653440237,0.00500851683318615,0.029804987832903862,0.13034071028232574,0.06709140539169312
img.00003820,0.09360449761152267,0.3960440754890442,0.09860088676214218,0.2821047604084015,0.026396654546260834,0.005900065414607525,0.06452086567878723,0.03282826021313667
img.00005123,0.2620072364807129,0.037467874586582184,0.48420122265815735,0.001323919277638197,0.02395608276128769,0.020445561036467552,0.1105271503329277,0.06007086858153343
img.00008495,0.17765302956104279,0.020524533465504646,0.11468900740146637,0.02661196142435074,0.10829463601112366,0.48214080929756165,0.047823112457990646,0.022262901067733765
img.00000952,0.006424654275178909,0.006521143484860659,0.0008888610173016787,0.0018646373646333814,0.22352005541324615,0.031164204701781273,0.723449170589447,0.006167267914861441
img.00004060,0.9600473642349243,0.021586304530501366,0.003968546632677317,0.006323900539427996,0.004431369248777628,0.001421152614057064,0.0010167184518650174,0.0012045889161527157
img.00008274,0.016193384304642677,0.1463419497013092,0.003133118152618408,0.02245303988456726,0.26486194133758545,0.009695799089968204,0.5329062342643738,0.0044144983403384686
img.00004519,0.1784103512763977,0.02672758512198925,0.04081365093588829,0.2438223958015442,0.19190213084220886,0.05988459289073944,0.14770717918872833,0.11073216795921326
img.00000289,0.8183782696723938,0.027912216261029243,0.028575021773576736,0.006440444849431515,0.04351193085312843,0.0316477008163929,0.026154808700084686,0.017379533499479294
img.00004163,0.02726079896092415,0.8356577157974243,0.09905672818422318,0.0156962051987648,0.0015917655546218157,0.001351672224700451,0.00737804314121604,0.012007024139165878
img.00004464,0.017931243404746056,0.07696887850761414,0.02917616069316864,0.0024510377552360296,0.1497887223958969,0.017661888152360916,0.12156074494123459,0.5844613909721375
img.00006572,0.022893579676747322,0.10133492946624756,0.034382414072752,0.10311223566532135,0.166328564286232,0.013583158142864704,0.014859297312796116,0.5435059070587158
img.00005445,0.5499475598335266,0.010175150819122791,0.014827513135969639,0.08078249543905258,0.03763845935463905,0.04314696416258812,0.14119552075862885,0.12228631228208542
img.00005126,0.021302983164787292,0.013510244898498058,0.0043752435594797134,0.02206472121179104,0.4462224543094635,0.004530860111117363,0.4174578785896301,0.07053568214178085
img.00008580,0.9273027777671814,0.008524063974618912,0.002965054474771023,0.04564938321709633,0.0007370746461674571,0.0031277460511773825,0.01000251341611147,0.0016913047293201089
img.00008019,0.16026952862739563,0.4097498953342438,0.22362345457077026,0.06391175091266632,0.05124391242861748,0.020198525860905647,0.041135773062705994,0.02986714243888855
img.00005013,0.10141623765230179,0.5936177968978882,0.23671391606330872,0.014032465405762196,0.0007383874617516994,0.0031646452844142914,0.01882278360426426,0.03149376064538956
img.00005922,0.5779893398284912,0.04714491590857506,0.03644370287656784,0.013373113237321377,0.11483646929264069,0.160232812166214,0.0402395986020565,0.0097400126978755
img.00001340,0.0012855256209149957,0.00032005339744500816,0.00024016585666686296,0.0009792754426598549,0.00419355696067214,0.0010190102038905025,0.9903914928436279,0.0015708901919424534
img.00003077,0.001988067990168929,0.000623319239821285,0.001081803347915411,0.0007762018358334899,0.021022967994213104,0.014035576023161411,0.9458248019218445,0.014647208154201508
img.00007652,0.296599805355072,0.2511049509048462,0.047679997980594635,0.03688964620232582,0.0817740187048912,0.14981812238693237,0.09520653635263443,0.04092692583799362
img.00008092,0.09862098097801208,0.008916688151657581,0.009986392222344875,0.05647018179297447,0.6881282925605774,0.007618316449224949,0.10398127883672714,0.026277827098965645
img.00008660,0.00022934105072636157,0.0009432347142137587,0.0010039469925686717,7.975794142112136e-05,0.001770181581377983,0.00922033004462719,0.3649042546749115,0.6218490600585938
img.00001465,0.004663921892642975,0.004925818182528019,0.003992740996181965,0.0018521632300689816,0.05911286175251007,0.004461608827114105,0.8189877867698669,0.1020030751824379
img.00005743,0.05038582533597946,0.0464286282658577,0.28496605157852173,0.3183724284172058,0.10559991002082825,0.0028523397631943226,0.09064135700464249,0.10075347125530243
img.00002832,0.00042431248584762216,0.00017575299716554582,0.00012286010314710438,6.156755989650264e-05,0.003517154138535261,0.03646579012274742,0.9539536833763123,0.005278967320919037
img.00007771,0.1633845865726471,0.04049120470881462,0.08932571858167648,0.15826275944709778,0.31580930948257446,0.02269037999212742,0.1635291576385498,0.046506911516189575
img.00002341,0.00035421489155851305,0.00013393930566962808,9.86244558589533e-05,0.0004634267243091017,0.056688860058784485,0.003391960868611932,0.9030942916870117,0.03577477112412453
img.00003220,0.24961695075035095,0.47720852494239807,0.1535140424966812,0.021642060950398445,0.011057302355766296,0.011401761323213577,0.04606909304857254,0.029490314424037933
img.00002654,0.04050304368138313,0.02660798467695713,0.02093939669430256,0.027264775708317757,0.021069541573524475,0.051759060472249985,0.5299807786941528,0.2818753719329834
img.00005098,0.2715493440628052,0.0037826180923730135,0.0023311935365200043,0.051471784710884094,0.02454475313425064,0.07922687381505966,0.5608982443809509,0.006195104215294123
img.00005582,0.6873683929443359,0.028574232012033463,0.03328505530953407,0.07692718505859375,0.0026655863039195538,0.0014841500669717789,0.16228996217250824,0.007405472453683615
img.00008162,0.0017633711686357856,0.0011604871833696961,0.00040778564289212227,0.009537472389638424,0.06544849276542664,0.0011190795339643955,0.9065383076667786,0.014024960808455944
img.00005029,0.003205366199836135,0.991093099117279,0.001939763780683279,0.0003571187553461641,0.0004861429915763438,0.0003377343819011003,0.0008572504739277065,0.001723423833027482
img.00002157,0.0033315233886241913,0.002735098358243704,0.000838268781080842,0.0015553252305835485,0.12208648771047592,0.006864992436021566,0.8487622737884521,0.013826055452227592
img.00005586,0.06627101451158524,0.04081567004323006,0.009014413692057133,0.16216306388378143,0.5322868227958679,0.01915644109249115,0.14164838194847107,0.028644202277064323
img.00007562,0.2052673101425171,0.7103080749511719,0.060619961470365524,0.0017187881749123335,0.0003468011855147779,0.0015222871443256736,0.008979618549346924,0.011237092316150665
img.00008482,0.7357505559921265,0.01786363311111927,0.020783158019185066,0.004040016792714596,0.010501591488718987,0.0048643797636032104,0.1957637369632721,0.010432898066937923
img.00006024,0.7332165837287903,0.014725501649081707,0.08927799016237259,0.014044072479009628,0.0034239385277032852,0.04619549587368965,0.08541221916675568,0.013704217970371246
img.00007414,0.5954331755638123,0.24676328897476196,0.08206436038017273,0.05686378851532936,0.00042218281305395067,0.0010686774039641023,0.01338730938732624,0.003997217398136854
img.00002652,0.004863115027546883,0.009611271321773529,0.001110354089178145,0.016905345022678375,0.0068106744438409805,0.001288366736844182,0.9472202658653259,0.01219074334949255
img.00002066,0.049579691141843796,0.14832226932048798,0.061673037707805634,0.011654902249574661,0.5785073041915894,0.026737766340374947,0.04954241216182709,0.07398263365030289
img.00007388,0.038219552487134933,0.014913163147866726,0.0027370788156986237,0.023833127692341805,0.3945678472518921,0.025553995743393898,0.4874742925167084,0.012700958177447319
img.00000839,0.035008504986763,0.09296154975891113,0.03674458712339401,0.47605976462364197,0.24739664793014526,0.0031131503637880087,0.03728622570633888,0.07142961770296097
img.00003046,0.05469580367207527,0.03638991713523865,0.0342547744512558,0.014198791235685349,0.07487200200557709,0.010131328366696835,0.15534918010234833,0.6201082468032837
img.00002038,0.9195055961608887,0.014977249316871166,0.0026971069164574146,0.014571032486855984,0.0023385172244161367,0.006057299207895994,0.032327260822057724,0.007525986526161432
img.00008704,0.04753204807639122,0.0291608814150095,0.00853591039776802,0.015187152661383152,0.1322900950908661,0.07324568927288055,0.6247573494911194,0.06929082423448563
img.00007508,0.10388905555009842,0.1669805645942688,0.0970165953040123,0.01656007580459118,0.215561181306839,0.0805966779589653,0.16770897805690765,0.15168695151805878
img.00004704,0.33702778816223145,0.048234108835458755,0.029349274933338165,0.5289448499679565,0.01773267239332199,0.01153253298252821,0.01578829623758793,0.011390486732125282
img.00000580,0.7872010469436646,0.009617594070732594,0.040076110512018204,0.10280784219503403,0.005343522876501083,0.028014544397592545,0.024006178602576256,0.0029330675024539232
img.00001213,0.14500023424625397,0.009821366518735886,0.01722990721464157,0.05516913905739784,0.07510635256767273,0.01045453641563654,0.6817935705184937,0.005424975883215666
img.00000189,0.002952215727418661,0.012709218077361584,0.0022817207500338554,0.003991683945059776,0.12045992165803909,0.007331383880227804,0.8060140609741211,0.04425986856222153
img.00001918,0.01102905161678791,0.0017111680936068296,0.0033510937355458736,0.0015209389384835958,0.1384190320968628,0.004058452323079109,0.8114935755729675,0.028416743502020836
img.00006313,0.0022197775542736053,0.03887941315770149,0.003266289597377181,0.005359404254704714,0.17856135964393616,0.002107431413605809,0.09163571894168854,0.6779705286026001
img.00007158,0.5326278209686279,0.011282071471214294,0.21483756601810455,0.002662111772224307,0.005331497173756361,0.14468125998973846,0.05414894223213196,0.034428734332323074
img.00004959,0.48870742321014404,0.028087018057703972,0.005809873808175325,0.014530454762279987,0.010938272811472416,0.006700941361486912,0.4410313367843628,0.004194685723632574
img.00006387,0.0808725357055664,0.002959585515782237,0.0011334791779518127,0.0024854312650859356,0.00921719055622816,0.0019127590348944068,0.8992695808410645,0.0021494380198419094
img.00005838,0.4450661242008209,0.0669310912489891,0.3295291066169739,0.028407450765371323,0.03694569319486618,0.011867045424878597,0.02306472323834896,0.05818876251578331
img.00008653,0.0006176582537591457,0.00256742793135345,0.004779707174748182,0.002819355111569166,0.015309254638850689,0.005218439735472202,0.20171239972114563,0.7669757604598999
img.00008013,0.14269275963306427,0.12349792569875717,0.34162047505378723,0.03193013742566109,0.03834528848528862,0.03245862200856209,0.16157746315002441,0.12787745893001556
img.00008663,0.6700499057769775,0.0554283931851387,0.022477397695183754,0.023721978068351746,0.0059587848372757435,0.14843623340129852,0.05813837796449661,0.01578892394900322
img.00006045,0.017159288749098778,0.02263796329498291,0.077203169465065,0.00500513007864356,0.04795489087700844,0.02386484108865261,0.23915085196495056,0.5670239329338074
img.00002548,0.1173061653971672,0.5100722312927246,0.20134830474853516,0.029443956911563873,0.010600817389786243,0.00866655632853508,0.023243330419063568,0.09931862354278564
img.00001505,0.6960158348083496,0.1086205467581749,0.04106683284044266,0.008580180816352367,0.006170046515762806,0.014149841852486134,0.10469240695238113,0.020704327151179314
img.00000337,0.019903024658560753,0.05253252759575844,0.044969502836465836,0.003471414092928171,0.10235360264778137,0.07993792742490768,0.1878940612077713,0.5089378356933594
img.00004059,0.015685036778450012,0.005331606138497591,0.004416190553456545,0.010704098269343376,0.8714097738265991,0.008835965767502785,0.05281287431716919,0.030804455280303955
img.00008272,0.7595177888870239,0.03092600591480732,0.011976590380072594,0.006563068833202124,0.0024001796264201403,0.061644893139600754,0.09896805137395859,0.028003379702568054
img.00004061,0.024623405188322067,0.019441405311226845,0.01482545305043459,0.025003327056765556,0.8156356811523438,0.010014871135354042,0.04274358972907066,0.0477123036980629
img.00007993,0.4525108337402344,0.07381708920001984,0.34709322452545166,0.028544358909130096,0.010602719150483608,0.009309283457696438,0.05653095990419388,0.021591562777757645
img.00007527,0.0019501076312735677,0.000790798629168421,0.000949219916947186,0.00035345490323379636,0.02117030881345272,0.02075102925300598,0.9424517154693604,0.011583330109715462
img.00007936,0.10281345248222351,0.16388505697250366,0.037288129329681396,0.09622156620025635,0.2763358950614929,0.015481650829315186,0.051486123353242874,0.25648820400238037
img.00003123,0.007354975678026676,0.003087975550442934,0.0014439955120906234,0.0014351994032040238,0.005772728007286787,0.001982353162020445,0.9214673042297363,0.05745554715394974
img.00000631,0.5600280165672302,0.23451629281044006,0.03963025286793709,0.010628355666995049,0.007795737124979496,0.03916478902101517,0.0741347000002861,0.034101784229278564
img.00008093,0.0032607968896627426,0.002434707945212722,0.0005732263089157641,0.0007840277394279838,0.0016443277709186077,0.006855052430182695,0.8946883678436279,0.08975940942764282
img.00004779,0.3946121633052826,0.07149462401866913,0.30406975746154785,0.012303607538342476,0.041759103536605835,0.025494705885648727,0.10821003466844559,0.04205600917339325
img.00001568,0.12442617118358612,0.016662390902638435,0.06318292766809464,0.6174834966659546,0.06868404895067215,0.03989764675498009,0.036145418882369995,0.03351785987615585
img.00003315,0.0016569667495787144,0.0018564847996458411,0.00019763203454203904,0.003538543591275811,0.027204804122447968,0.0018556155264377594,0.9425005316734314,0.02118939533829689
img.00008562,0.012219524011015892,0.03421289846301079,0.001668631681241095,0.007088824175298214,0.21455511450767517,0.013796170242130756,0.6740846633911133,0.042374204844236374
img.00007805,0.00035957081126980484,0.00046712657785974443,8.846789569361135e-05,4.8432048060931265e-05,0.00303244567476213,0.002515761647373438,0.9924750924110413,0.0010131169110536575
img.00000463,0.25025156140327454,0.26140886545181274,0.05394183471798897,0.08757249265909195,0.14614282548427582,0.05612892657518387,0.0982489287853241,0.04630457982420921
img.00001813,0.38275206089019775,0.04348327964544296,0.042176079005002975,0.101034976541996,0.05439218506217003,0.010813112370669842,0.34815430641174316,0.017194006592035294
img.00006248,0.052664704620838165,0.0016658544773235917,0.0011867842404171824,0.017409389838576317,0.11090942472219467,0.0023047258146107197,0.8118192553520203,0.0020398739725351334
img.00003986,0.03490541875362396,0.009311579167842865,0.02102706953883171,0.02659311145544052,0.09490462392568588,0.005384581629186869,0.751981258392334,0.05589241534471512
img.00005502,0.004403118975460529,0.0016530170105397701,0.0015449350466951728,0.000652475340757519,0.0527106374502182,0.008531453087925911,0.8720051646232605,0.05849917232990265
img.00005067,0.00807321909815073,0.9509620070457458,0.026589741930365562,0.0016455840086564422,0.0005607752245850861,0.0005339005729183555,0.007433139719069004,0.004201562609523535
img.00005254,0.03764817491173744,0.028523297980427742,0.2551913261413574,0.0196533165872097,0.30286702513694763,0.0031990869902074337,0.09970280528068542,0.253214955329895
img.00005041,0.24284031987190247,0.005035405047237873,0.010565951466560364,0.2074093222618103,0.21481241285800934,0.009815918281674385,0.2898179888725281,0.019702740013599396
img.00000825,0.1548590362071991,0.005837535485625267,0.0011447874130681157,0.006581658031791449,0.060493942350149155,0.036835867911577225,0.6690084934234619,0.06523869186639786
img.00008129,0.10972792655229568,0.006378555670380592,0.0022047937382012606,0.05197971686720848,0.10470568388700485,0.012577274814248085,0.696547269821167,0.015878776088356972
img.00006884,0.26671120524406433,0.06306035816669464,0.14067016541957855,0.01140496414154768,0.009069807827472687,0.19249624013900757,0.19032862782478333,0.12625862658023834
img.00004489,0.07553940266370773,0.02415875904262066,0.02785731479525566,0.010887055657804012,0.12236509472131729,0.055923450738191605,0.6075489521026611,0.0757199227809906
img.00000860,0.05395183712244034,0.015602342784404755,0.004945212509483099,0.01902850903570652,0.17671695351600647,0.06448158621788025,0.4666876494884491,0.1985858529806137
img.00007563,0.0026249373331665993,0.021442096680402756,0.01678837090730667,0.0021150337997823954,0.022290704771876335,0.03430824726819992,0.14402778446674347,0.7564027905464172
img.00006995,0.01444314420223236,0.043787602335214615,0.2853054404258728,0.00793891679495573,0.009995680302381516,0.00016698437684681267,0.07445517927408218,0.5639070272445679
img.00000633,0.03323229402303696,0.018477454781532288,0.0023306168150156736,0.018288882449269295,0.0571177676320076,0.014358431100845337,0.837540328502655,0.018654178828001022
img.00001847,0.07646437734365463,0.5639927983283997,0.14069780707359314,0.022540312260389328,0.05452197417616844,0.022951139137148857,0.01677899807691574,0.10205259174108505
img.00005078,0.14633138477802277,0.006789377890527248,0.0854504257440567,0.17836186289787292,0.4651334285736084,0.013040343299508095,0.030740853399038315,0.07415226101875305
img.00005389,0.8672603964805603,0.0024091817904263735,0.004203853663057089,0.038576889783144,0.020266523584723473,0.01056754495948553,0.0555858388543129,0.0011297866003587842
img.00008523,0.11397159099578857,0.219339057803154,0.19306258857250214,0.15637296438217163,0.008099563419818878,0.012123766355216503,0.1437353789806366,0.1532951295375824
img.00007518,0.36012881994247437,0.03516736999154091,0.07158181071281433,0.07705249637365341,0.012385934591293335,0.02425343170762062,0.3881096839904785,0.03132050856947899
img.00007119,0.541823148727417,0.03934555873274803,0.2606430947780609,0.02356521226465702,0.01570221781730652,0.06605492532253265,0.02004704438149929,0.03281883895397186
img.00001226,8.792673179414123e-05,0.00011517370148794726,2.915940603998024e-05,2.9727436412940733e-05,0.0017045392887666821,0.006707140244543552,0.9908655285835266,0.0004607774317264557
img.00000567,0.024519478902220726,0.004822836257517338,0.009672893211245537,0.006759845186024904,0.6838328838348389,0.02232513017952442,0.23780500888824463,0.0102619007229805
img.00007663,0.2868137061595917,0.04607843607664108,0.018206102773547173,0.03603236377239227,0.2794274091720581,0.002067972905933857,0.3072807788848877,0.024093283340334892
img.00007728,0.10091318190097809,0.08202579617500305,0.011426315642893314,0.03771567344665527,0.14221160113811493,0.018195053562521935,0.4081041216850281,0.19940827786922455
img.00001523,0.8019893169403076,0.005293929483741522,0.027603380382061005,0.00805557519197464,0.0029965348076075315,0.0014098396059125662,0.1410241425037384,0.011627190746366978
img.00006745,0.2396712750196457,0.16009658575057983,0.11870576441287994,0.3265529274940491,0.09672611951828003,0.019337275996804237,0.006181054282933474,0.032729022204875946
img.00005142,0.00729818269610405,0.003440851578488946,0.02939460054039955,0.011628944426774979,0.0787014290690422,0.002712166402488947,0.4703122675418854,0.3965115249156952
img.00007434,0.7203039526939392,0.014219553209841251,0.09901254624128342,0.03680441156029701,0.012558250688016415,0.025890106335282326,0.06659223139286041,0.024618996307253838
img.00002159,0.09770678728818893,0.08457533270120621,0.20800980925559998,0.2100042849779129,0.06111730635166168,0.015587205067276955,0.19132332503795624,0.13167595863342285
img.00006781,0.5260499119758606,0.014557086862623692,0.02137022465467453,0.07382480800151825,0.009338325820863247,0.0029058062937110662,0.31807947158813477,0.03387422114610672
img.00000896,0.932976484298706,0.015686068683862686,0.01844320259988308,0.014907597564160824,0.0013098164927214384,0.014044497162103653,0.00190450728405267,0.0007277757977135479
img.00002190,0.028697295114398003,0.027689523994922638,0.6086817383766174,0.15978871285915375,0.02965875342488289,0.002045141765847802,0.0029760084580630064,0.14046278595924377
img.00002265,0.024899687618017197,0.4673992097377777,0.17609290778636932,0.014307063072919846,0.007089242339134216,0.004410258494317532,0.06871120631694794,0.23709039390087128
img.00001225,0.693018913269043,0.008946307934820652,0.01793636567890644,0.007247052155435085,0.033484507352113724,0.0067742494866251945,0.22595448791980743,0.006638163700699806
img.00005203,0.007232327945530415,0.001922559691593051,0.0010898048058152199,0.0034765517339110374,0.32501280307769775,0.010701279155910015,0.5812045931816101,0.06936009973287582
img.00006376,0.22414779663085938,0.5242591500282288,0.021976666525006294,0.07553350925445557,0.049012407660484314,0.0028955237939953804,0.07617520540952682,0.02599968947470188
img.00008634,0.025834979489445686,0.01922486163675785,0.0031039174646139145,0.006554767489433289,0.47371789813041687,0.09874266386032104,0.3664278984069824,0.006393050774931908
img.00007155,0.024610057473182678,0.005519864149391651,0.003543125232681632,0.013631020672619343,0.6497269868850708,0.01891964115202427,0.2701070308685303,0.013942316174507141
img.00004134,0.8838979005813599,0.006210410036146641,0.007315962575376034,0.007616900373250246,0.004265719559043646,0.04927331954240799,0.03216182440519333,0.009257919155061245
img.00000083,0.7533943057060242,0.013859273865818977,0.13260670006275177,0.01496177352964878,0.006542744114995003,0.006023441441357136,0.06123225763440132,0.011379499919712543
img.00001310,0.15249451994895935,0.014912109822034836,0.010782899335026741,0.011047057807445526,0.26796039938926697,0.46169334650039673,0.057711198925971985,0.02339843288064003
img.00007242,0.5983091592788696,0.008929700590670109,0.014827865175902843,0.3389388620853424,0.02170136570930481,0.004581252578645945,0.010472958907485008,0.0022388307843357325
img.00001301,0.05355837568640709,0.01232975535094738,0.015725119039416313,0.005719557870179415,0.49847254157066345,0.3531746566295624,0.05325106158852577,0.007768926676362753
img.00001331,0.8947707414627075,0.03006383590400219,0.012948505580425262,0.006862519308924675,0.000785584154073149,0.023164967074990273,0.01953093148767948,0.011872916482388973
img.00007456,0.4164547324180603,0.03439651057124138,0.4287736713886261,0.011552528478205204,0.006659228354692459,0.003597151255235076,0.02251005545258522,0.0760561153292656
img.00007988,0.006290409713983536,0.007534700445830822,0.008591987192630768,0.00073902343865484,0.014476395212113857,0.02482481859624386,0.9160159230232239,0.021526796743273735
img.00006481,0.0999993234872818,0.083267942070961,0.012590662576258183,0.01703961007297039,0.06419520080089569,0.01313798874616623,0.6697381138801575,0.04003116115927696
img.00001311,0.07422231882810593,0.6375840306282043,0.09569583833217621,0.012025735341012478,0.01317873876541853,0.004050028044730425,0.007175300270318985,0.15606789290905
img.00006684,0.6640542149543762,0.1660529524087906,0.013738579116761684,0.024459486827254295,0.006819796748459339,0.0173073448240757,0.08606456220149994,0.021502995863556862
img.00008509,0.01150018535554409,0.011632455512881279,0.0031354676466435194,0.0044947415590286255,0.11667893826961517,0.024098332971334457,0.7036606669425964,0.12479928135871887
img.00003097,0.012818458490073681,0.002949327928945422,0.0012580282054841518,0.0014420868828892708,0.027289126068353653,0.0027151857502758503,0.9467300772666931,0.004797624424099922
img.00005470,0.2887921929359436,0.0039110793732106686,0.0012657331535592675,0.0027340161614120007,0.0027779859956353903,0.1618765890598297,0.5362054109573364,0.002436926355585456
img.00002855,0.02812204137444496,0.09417358040809631,0.009020968340337276,0.10777264088392258,0.20125767588615417,0.004123120568692684,0.06362956762313843,0.49190035462379456
img.00008679,0.02395566739141941,0.024742349982261658,0.8981202244758606,0.0036447776947170496,0.022923840209841728,0.0017731577390804887,0.014607655815780163,0.010232395492494106
img.00007825,0.005320259369909763,0.002935691038146615,0.00037303639692254364,0.0007443525828421116,0.012862706556916237,0.0018175808945670724,0.9741711020469666,0.0017752193380147219
img.00007874,0.9214056730270386,0.019072122871875763,0.00695705134421587,0.004125859588384628,0.003745496040210128,0.0031860407907515764,0.037872254848480225,0.0036355049815028906
img.00006120,0.07249519973993301,0.1143336072564125,0.019892709329724312,0.1891617327928543,0.13311536610126495,0.009230957366526127,0.40998637676239014,0.05178404971957207
img.00008195,0.19759875535964966,0.04006122052669525,0.019452784210443497,0.009656191803514957,0.20139101147651672,0.018191194161772728,0.49059510231018066,0.023053759709000587
img.00007685,0.10246381908655167,0.10934232175350189,0.005900232587009668,0.006911302451044321,0.0710320919752121,0.012038257904350758,0.6827406883239746,0.009571325033903122
img.00008239,0.011041203513741493,0.007534449454396963,0.008175979368388653,0.07193969935178757,0.6661931276321411,0.011000686325132847,0.04260411486029625,0.18151074647903442
img.00002338,0.007806014269590378,0.005704388488084078,0.013123472221195698,0.0009291626047343016,0.007371783722192049,0.05127771943807602,0.8457799553871155,0.06800759583711624
img.00008096,0.31610700488090515,0.021828219294548035,0.008750174194574356,0.016630157828330994,0.011682363227009773,0.2280096709728241,0.3401321768760681,0.05686018988490105
img.00008840,0.020810483023524284,0.430221825838089,0.4935706853866577,0.030644826591014862,0.0019306082976981997,0.0006764946156181395,0.003262599930167198,0.018882542848587036
img.00003126,0.03557724878191948,0.004998466465622187,0.005803348496556282,0.0019070148700848222,0.008851940743625164,0.22784771025180817,0.6532003283500671,0.06181390956044197
img.00002642,0.7954607009887695,0.013997204601764679,0.08929380774497986,0.08710478246212006,0.0012741141254082322,0.0008597457781434059,0.008447175845503807,0.0035624669399112463
img.00008258,0.3617357313632965,0.044190663844347,0.0711212009191513,0.06482916325330734,0.008211842738091946,0.029484767466783524,0.41042762994766235,0.009998933412134647
img.00004353,0.0069413320161402225,0.00216353009454906,0.0011023069964721799,0.0040488638915121555,0.13160032033920288,0.01097839418798685,0.7944729328155518,0.04869231581687927
img.00003999,0.01521459873765707,0.0024123741313815117,0.003938210662454367,0.046400249004364014,0.24639613926410675,0.030999189242720604,0.6326617002487183,0.021977519616484642
img.00002541,0.004924472887068987,0.0017307708039879799,0.0010950529249385,0.00026919934316538274,0.004898428451269865,0.008490055799484253,0.9562966227531433,0.02229536883533001
img.00007183,0.7729646563529968,0.015086858533322811,0.0864848718047142,0.003093183971941471,0.005270080175250769,0.0013465682277455926,0.09080538153648376,0.02494840882718563
img.00000654,0.28028979897499084,0.03648795187473297,0.08476027101278305,0.036357417702674866,0.03207464888691902,0.009795097634196281,0.41695675253868103,0.10327808558940887
img.00001817,0.7105218768119812,0.06711116433143616,0.010235114954411983,0.03496753051877022,0.02464241161942482,0.04314792528748512,0.10473491251468658,0.0046390932984650135
img.00004005,0.08141544461250305,0.003291947767138481,0.0017950489418581128,0.8857197165489197,0.007254717871546745,0.0015288698486983776,0.01692802645266056,0.002066250192001462
img.00007502,0.8072633147239685,0.003419534070417285,0.009390200488269329,0.018001822754740715,0.01124897226691246,0.0008693290292285383,0.14222681522369385,0.007580061908811331
img.00008831,0.1461702138185501,0.06302594393491745,0.5725327134132385,0.04607722535729408,0.003939771559089422,0.007855686359107494,0.028810972347855568,0.1315874308347702
img.00004558,0.0017069722525775433,0.0010535655310377479,0.002081997459754348,0.0025828054640442133,0.29059863090515137,0.003522545099258423,0.04485985264182091,0.6535935401916504
img.00000375,0.022221149876713753,0.0061800251714885235,0.0008288416429422796,0.0033181405160576105,0.07811107486486435,0.034359950572252274,0.8397254943847656,0.015255333855748177
img.00004804,0.6486726999282837,0.0578770637512207,0.023434054106473923,0.005819495767354965,0.012473500333726406,0.09553267061710358,0.11611606180667877,0.04007445275783539
img.00002665,0.024891817942261696,0.0024407587479799986,0.0004857727908529341,0.000677109113894403,0.0023684194311499596,0.0013600189704447985,0.9666004180908203,0.0011755938176065683
img.00008825,0.0004988796426914632,0.0004230352642480284,6.513508560601622e-05,0.00010941038635792211,0.0021014849189668894,0.006673488300293684,0.9858911633491516,0.004237323999404907
img.00008228,0.022010717540979385,0.17448966205120087,0.011694500222802162,0.00899183563888073,0.04672260582447052,0.00406455947086215,0.5009366273880005,0.23108944296836853
img.00002076,0.1797868013381958,0.0078574875369668,0.005033344961702824,0.09365158528089523,0.08863646537065506,0.01021757535636425,0.5944518446922302,0.020364878699183464
img.00005811,0.06071870028972626,0.3239070773124695,0.12775631248950958,0.019058100879192352,0.03806031867861748,0.016920125111937523,0.25999486446380615,0.15358445048332214
img.00001613,0.02817986160516739,0.15377448499202728,0.05520514398813248,0.0034424893092364073,0.012861784547567368,0.05724867433309555,0.38884443044662476,0.3004431426525116
img.00008278,0.005214308854192495,0.002169200452044606,0.0004458433832041919,0.00044981116661801934,0.003760336898267269,0.006439570803195238,0.9681264758110046,0.013394525274634361
img.00002816,0.51497882604599,0.00941080879420042,0.003071713959798217,0.1393786370754242,0.03937453404068947,0.009966800920665264,0.2824220657348633,0.0013966417172923684
img.00008849,0.056883543729782104,0.06398507207632065,0.05558030307292938,0.13498874008655548,0.09727245569229126,0.007023639976978302,0.362667053937912,0.22159919142723083
img.00001129,0.2263786345720291,0.07147134095430374,0.264281302690506,0.08946656435728073,0.04226972907781601,0.04874604195356369,0.061994295567274094,0.19539210200309753
img.00007955,0.12177711725234985,0.04374800994992256,0.32950103282928467,0.018666505813598633,0.32615378499031067,0.004324860870838165,0.07611190527677536,0.07971680909395218
img.00006865,0.08827880769968033,0.05597241222858429,0.05978591740131378,0.1903117299079895,0.07880298793315887,0.1263706088066101,0.3608231842517853,0.039654288440942764
img.00003017,0.031203698366880417,0.05331665650010109,0.01125706359744072,0.012862187810242176,0.2001907080411911,0.005197869148105383,0.3082022964954376,0.3777695298194885
img.00003081,0.0005224134074524045,0.00028617485077120364,0.00016217850497923791,0.0007614761125296354,0.26756152510643005,0.0004379458841867745,0.7211509346961975,0.009117357432842255
img.00002475,0.300462931394577,0.03934019058942795,0.32124656438827515,0.016916407272219658,0.09456261247396469,0.18518799543380737,0.02512850984930992,0.01715477928519249
img.00001737,0.016263924539089203,0.009011873975396156,0.01437589805573225,0.08154214918613434,0.7486008405685425,0.009007977321743965,0.004582968074828386,0.11661425977945328
img.00002362,5.696651714970358e-05,9.583336941432208e-05,4.990353045286611e-05,4.069594433531165e-05,0.0006333296187222004,0.000553897290956229,0.9926367998123169,0.00593241723254323
img.00005902,0.3204377293586731,0.3120200037956238,0.0977315679192543,0.028403351083397865,0.03344884514808655,0.06357061862945557,0.07773251831531525,0.06665535271167755
img.00007084,0.1389315277338028,0.03332563862204552,0.054145291447639465,0.20921455323696136,0.06307423114776611,0.11066349595785141,0.37001097202301025,0.020634306594729424
img.00004899,0.13537563383579254,0.013267118483781815,0.1866292953491211,0.0015342890983447433,0.0068717943504452705,0.0021543733309954405,0.22677384316921234,0.4273935854434967
img.00007533,0.00199433253146708,0.0014451313763856888,0.00023601134307682514,0.0003898981085512787,0.0035478780046105385,0.034926220774650574,0.9427917003631592,0.014668777585029602
img.00002898,0.47576355934143066,0.007098404690623283,0.012515731155872345,0.021558638662099838,0.02796988934278488,0.03384636715054512,0.29758918285369873,0.12365822494029999
img.00001363,0.4654114842414856,0.04390358552336693,0.024254459887742996,0.026363030076026917,0.012818544171750546,0.3061499297618866,0.10556679219007492,0.015532176941633224
img.00006166,0.2668248116970062,0.10731896758079529,0.009913325309753418,0.00430245790630579,0.005859296768903732,0.34178248047828674,0.2089853137731552,0.05501332879066467
img.00005716,0.034959111362695694,0.008312784135341644,0.0018145416397601366,0.005727960728108883,0.012926945462822914,0.0030831254553049803,0.9190491437911987,0.014126477763056755
img.00004574,0.5779725313186646,0.06036083772778511,0.058101899921894073,0.007751830387860537,0.07262507826089859,0.04478547349572182,0.1436992883682251,0.034703128039836884
img.00006318,0.012364362366497517,0.9050418138504028,0.017972372472286224,0.003593442030251026,0.0037700312677770853,0.004919821862131357,0.036640964448451996,0.01569717936217785
img.00004235,0.6765903234481812,0.04398943856358528,0.042154695838689804,0.03118341974914074,0.013257339596748352,0.1381082832813263,0.03354945033788681,0.021167032420635223
img.00003040,0.7116418480873108,0.09410325437784195,0.019589640200138092,0.002350076101720333,0.009345108643174171,0.01632636971771717,0.055958058685064316,0.09068571031093597
img.00007553,0.0013374905101954937,0.01696169190108776,0.02068301849067211,0.0014040198875591159,0.02122688852250576,0.003402319736778736,0.0424368679523468,0.8925477266311646
img.00003258,0.37406671047210693,0.0574570968747139,0.06087234243750572,0.018142377957701683,0.06398547440767288,0.13681811094284058,0.255833238363266,0.032824646681547165
img.00008255,0.33175715804100037,0.23751693964004517,0.20134735107421875,0.0929497480392456,0.012179013341665268,0.017389094457030296,0.09764519333839417,0.009215498343110085
img.00001749,8.072105993051082e-05,0.00012111588148400187,5.8532248658593744e-05,4.427271778695285e-05,0.002179268980398774,0.0019262112909927964,0.9909524917602539,0.004637463018298149
img.00000286,0.01771720126271248,0.9062654972076416,0.015354952774941921,0.002012406475841999,0.005628278478980064,0.0029951815959066153,0.03235072270035744,0.0176758524030447
img.00007219,0.0016676884843036532,0.0051853409968316555,0.0023113100323826075,0.0017689128872007132,0.014781663194298744,0.015802957117557526,0.6252577304840088,0.33322447538375854
img.00006132,0.0907406210899353,0.01063427235931158,0.01062775868922472,0.0024671603459864855,0.020653607323765755,0.39916080236434937,0.42275434732437134,0.04296141862869263
img.00005721,0.031909435987472534,0.009450985118746758,0.008175200782716274,0.008055354468524456,0.03103926032781601,0.003600324271246791,0.8110969662666321,0.09667255729436874
img.00007472,0.02961098961532116,0.006303802132606506,0.005037588067352772,0.11560234427452087,0.7196587324142456,0.005491849035024643,0.099796362221241,0.018498269841074944
img.00007141,0.11631643772125244,0.007941143587231636,0.10350582748651505,0.003385185031220317,0.012344270013272762,0.6528856158256531,0.05794753134250641,0.04567396640777588
img.00002813,0.8484787940979004,0.058854840695858,0.053859271109104156,0.0017039842205122113,0.00074521399801597,0.00863584503531456,0.005264577455818653,0.022457458078861237
img.00003178,0.0496576651930809,0.18937517702579498,0.16479463875293732,0.02437731809914112,0.038110461086034775,0.2856940031051636,0.18884247541427612,0.05914824828505516
img.00000682,0.041800227016210556,0.009244658052921295,0.004346184432506561,0.024436714127659798,0.034221526235342026,0.010429609566926956,0.8400604128837585,0.03546059876680374
img.00001823,0.03040311485528946,0.004863905720412731,0.006607909221202135,0.004340662155300379,0.015350330621004105,0.12252815812826157,0.5311999917030334,0.28470590710639954
img.00005524,0.4637526273727417,0.19548721611499786,0.2874329090118408,0.04698055237531662,0.002365575870499015,0.0009014206589199603,0.0008561266586184502,0.0022235203068703413
img.00000936,0.024582473561167717,0.013074393384158611,0.011111505329608917,0.026601722463965416,0.12277057021856308,0.19756107032299042,0.2811318635940552,0.3231664299964905
img.00004715,0.06397368013858795,0.011123583652079105,0.008442473597824574,0.023349575698375702,0.44611987471580505,0.028696171939373016,0.3831835985183716,0.03511091321706772
img.00007263,0.0033607769291847944,0.017065273597836494,0.0010776518611237407,0.0008109319023787975,0.5107771754264832,0.031583767384290695,0.43373337388038635,0.0015911085065454245
img.00001048,0.7329018712043762,0.022412827238440514,0.0007166232680901885,0.1809527575969696,0.0013125739060342312,0.0015181248309090734,0.05946575477719307,0.0007195330690592527
img.00008102,0.0005478987004607916,0.0010559690417721868,7.439138425979763e-05,0.00015650155546609312,0.006382133811712265,0.0013329763896763325,0.9469343423843384,0.043515779078006744
img.00007704,0.007447734009474516,0.003726910101249814,0.0006132710841484368,0.0017308450769633055,0.7876216769218445,0.004660019651055336,0.18595385551452637,0.008245734497904778
img.00007549,0.3681401014328003,0.001854881295002997,0.005062408745288849,0.06257499754428864,0.017177283763885498,0.07183678448200226,0.46436846256256104,0.00898515060544014
img.00006334,0.6041996479034424,0.027241528034210205,0.006418357137590647,0.006037459708750248,0.014798244461417198,0.03370806574821472,0.06537430733442307,0.24222232401371002
img.00006240,0.04830213263630867,0.590475857257843,0.022552138194441795,0.003907696809619665,0.0049432506784796715,0.009437082335352898,0.1505810022354126,0.16980092227458954
img.00008890,0.0012214508606120944,0.003356530563905835,0.001980643952265382,0.0013432769337669015,0.04433543607592583,0.006701084319502115,0.020460814237594604,0.9206007719039917
img.00002877,0.09292452037334442,0.5134533047676086,0.03255410119891167,0.015575610101222992,0.019134389236569405,0.002534202067181468,0.24492542445659637,0.07889839261770248
img.00006701,0.13935469090938568,0.17774531245231628,0.041723959147930145,0.11475210636854172,0.13922858238220215,0.012992314994335175,0.29395750164985657,0.08024560660123825
img.00006082,0.01683686301112175,0.02573089301586151,0.006525783333927393,0.0012355437502264977,0.02403891459107399,0.052852462977170944,0.7534724473953247,0.11930708587169647
img.00001452,0.0022512110881507397,0.9744994044303894,0.018348634243011475,0.0005214837728999555,0.00025345382164232433,0.000493546889629215,0.0016551801236346364,0.0019769910722970963
img.00007295,0.01063699834048748,0.011674812063574791,0.0009212949662469327,0.009257158264517784,0.14621900022029877,0.02284414879977703,0.7328499555587769,0.06559663265943527
img.00002747,0.043439097702503204,0.8058843612670898,0.011794042773544788,0.003300527110695839,0.004320133943110704,0.001585153746418655,0.06586568057537079,0.06381112337112427
img.00006873,0.00016461609629914165,0.00010584614938125014,2.651263821462635e-05,3.497015859466046e-05,0.0007808638038113713,0.0006441908190026879,0.9976600408554077,0.0005829594447277486
img.00002030,0.38401204347610474,0.058982331305742264,0.12717755138874054,0.23742590844631195,0.021695150062441826,0.0033365627750754356,0.061989862471818924,0.10538055747747421
img.00006819,0.03008859232068062,0.25918716192245483,0.00431982334703207,0.0011511725606396794,0.32945263385772705,0.02368965558707714,0.34675654768943787,0.00535447895526886
img.00005642,0.11692551523447037,0.012695268727838993,0.006404998246580362,0.04214814677834511,0.0319003202021122,0.02022983320057392,0.7249277830123901,0.044768109917640686
img.00003381,0.3330581784248352,0.07589078694581985,0.044674407690763474,0.21414627134799957,0.08635923266410828,0.021552426740527153,0.12949815392494202,0.09482050687074661
img.00001989,0.8359663486480713,0.004374356009066105,0.0006326017901301384,0.009381170384585857,0.010443486273288727,0.027877094224095345,0.10067595541477203,0.010649059899151325
img.00006022,0.38049572706222534,0.14095689356327057,0.008481518365442753,0.009000548161566257,0.011376099660992622,0.009920645505189896,0.40549930930137634,0.03426925837993622
img.00004946,0.07861121743917465,0.3052660822868347,0.017649970948696136,0.021619120612740517,0.14362961053848267,0.027352098375558853,0.3353487253189087,0.0705232173204422
img.00001767,0.016036754474043846,0.03323957324028015,0.00428309990093112,0.003035449655726552,0.39681127667427063,0.10018559545278549,0.1117914542555809,0.3346167206764221
img.00001645,0.1592172235250473,0.14931589365005493,0.19113664329051971,0.11446022987365723,0.05843399465084076,0.056457359343767166,0.09582088142633438,0.17515775561332703
img.00002060,0.0209666695445776,0.06050910800695419,0.21513858437538147,0.4272057116031647,0.06654094904661179,0.004552614409476519,0.04376924782991409,0.16131705045700073
img.00004514,0.2121991664171219,0.08086543530225754,0.013042059727013111,0.004163561854511499,0.009821130894124508,0.05209356173872948,0.4293358623981476,0.19847923517227173
img.00008758,0.04439159482717514,0.6439491510391235,0.0071873897686600685,0.00227006571367383,0.0645139142870903,0.03518757224082947,0.1884172558784485,0.014083033427596092
img.00005998,0.38201063871383667,0.05489020422101021,0.010117183439433575,0.08131895959377289,0.060803551226854324,0.005002065561711788,0.3534267544746399,0.05243057385087013
img.00006909,0.6692018508911133,0.014655287377536297,0.12279923260211945,0.008193065412342548,0.008806421421468258,0.0028909877873957157,0.15091563761234283,0.022537430748343468
img.00005484,0.5194016695022583,0.0326358936727047,0.1246604397892952,0.03819510340690613,0.037155114114284515,0.13460791110992432,0.10260269790887833,0.010741165839135647
img.00000432,0.0001675050734775141,0.00033164455089718103,5.092772335046902e-05,0.00029769702814519405,0.006449707318097353,0.006015923339873552,0.9814892411231995,0.005197351332753897
img.00001750,0.003424100112169981,0.9188088178634644,0.02955656126141548,0.000791665748693049,0.004657477606087923,0.000593707722146064,0.03125578165054321,0.010911879129707813
img.00002728,0.4955374002456665,0.03870505467057228,0.1392219513654709,0.0811368077993393,0.08932729810476303,0.022909559309482574,0.03843007609248161,0.09473183006048203
img.00005640,0.05415625870227814,0.03683251142501831,0.3979097008705139,0.020159054547548294,0.010296627879142761,0.0009681250667199492,0.003900926560163498,0.4757768511772156
img.00001176,0.4193749725818634,0.08455606549978256,0.01094953715801239,0.011613184586167336,0.004560532514005899,0.18747545778751373,0.23672151565551758,0.044748835265636444
img.00008397,0.10423009842634201,0.1376236230134964,0.13670140504837036,0.48920735716819763,0.038019146770238876,0.005598571617156267,0.007223119959235191,0.08139661699533463
img.00000477,0.15217961370944977,0.32879823446273804,0.038926370441913605,0.005674211774021387,0.005681220907717943,0.04941326752305031,0.19313886761665344,0.22618812322616577
img.00005498,0.011717540211975574,0.1181086078286171,0.06500756740570068,0.11002706736326218,0.523953914642334,0.025122031569480896,0.02776811644434929,0.11829514801502228
img.00007921,0.25306960940361023,0.6491518020629883,0.04048467427492142,0.0054869684390723705,0.004817465785890818,0.0019555920735001564,0.014100121334195137,0.030933840200304985
img.00001769,0.023708075284957886,0.01641249470412731,0.001540793222375214,0.0016536652110517025,0.01842055842280388,0.006954897660762072,0.9219456315040588,0.009363958612084389
img.00006658,0.3089040517807007,0.021541187539696693,0.10577941685914993,0.0232837051153183,0.010262448340654373,0.4503241777420044,0.03040897846221924,0.04949597269296646
img.00002088,0.35920387506484985,0.43499377369880676,0.055235181003808975,0.02622457593679428,0.07066434621810913,0.00675185164436698,0.0403212234377861,0.0066050696186721325
img.00001161,0.8624048233032227,0.007936166599392891,0.014193343929946423,0.022461993619799614,0.002875628648325801,0.07071631401777267,0.01724855974316597,0.002163201803341508
img.00004591,0.01397740002721548,0.06269345432519913,0.008832676336169243,0.004529076162725687,0.3000655770301819,0.006858353037387133,0.1517295390367508,0.4513140320777893
img.00004792,0.577340304851532,0.015332870185375214,0.18844224512577057,0.003522364189848304,0.024838082492351532,0.049763958901166916,0.10034743696451187,0.04041271284222603
img.00000321,0.006085797678679228,0.8437288403511047,0.004103753715753555,0.0038774285931140184,0.013351925648748875,0.0020482568070292473,0.1068275198340416,0.01997651718556881
img.00000845,0.15088443458080292,0.009484258480370045,0.02279651165008545,0.04535591974854469,0.037204477936029434,0.006611166521906853,0.7232162952423096,0.004446986131370068
img.00000870,0.6041958928108215,0.007979725487530231,0.08049726486206055,0.012099533341825008,0.016077561303973198,0.037537723779678345,0.20040878653526306,0.04120346158742905
img.00004462,0.31630975008010864,0.0941096842288971,0.2034764438867569,0.014763272367417812,0.06641269475221634,0.14774885773658752,0.0338907390832901,0.12328847497701645
img.00004309,0.27418920397758484,0.12552964687347412,0.09530150890350342,0.018839482218027115,0.03140889108181,0.19192573428153992,0.20192143321037292,0.0608840249478817
img.00006625,0.9204784035682678,0.0035024138633161783,0.002776529174298048,0.03322548419237137,0.0044121756218373775,0.0006072000251151621,0.03259436786174774,0.002403310965746641
img.00001920,0.36108049750328064,0.009524387307465076,0.004329708404839039,0.00826332252472639,0.005396174732595682,0.18743373453617096,0.3888997435569763,0.0350724533200264
img.00006299,0.10963612794876099,0.012238229624927044,0.01439233124256134,0.003826101077720523,0.006452514324337244,0.35674959421157837,0.47753962874412537,0.019165558740496635
img.00005191,0.07452656328678131,0.13684731721878052,0.085581935942173,0.15443995594978333,0.1551506221294403,0.004262708593159914,0.022535258904099464,0.3666556477546692
img.00001464,0.03386211767792702,0.05995655432343483,0.031257692724466324,0.008674249053001404,0.035364631563425064,0.009033435955643654,0.10053812712430954,0.7213132977485657
img.00008466,0.18494726717472076,0.6126667857170105,0.10038574784994125,0.039292801171541214,0.006476514507085085,0.014025847427546978,0.026685168966650963,0.01551989745348692
img.00003134,0.06704454123973846,0.3121027946472168,0.018657706677913666,0.004804065451025963,0.005731280893087387,0.01792462356388569,0.45369091629981995,0.12004407495260239
img.00005391,0.014724251814186573,0.17498727142810822,0.01656172052025795,0.10073502361774445,0.5526681542396545,0.0035370285622775555,0.03295262157917023,0.10383393615484238
img.00002392,0.00010038000618806109,0.00026584501028992236,7.712493243161589e-05,1.9855870050378144e-05,0.008558289147913456,0.003034923691302538,0.9792323708534241,0.008711105212569237
img.00008845,0.0798317939043045,0.7632489204406738,0.06043951213359833,0.005171623080968857,0.0029188632033765316,0.00658162496984005,0.03421013429760933,0.04759753867983818
img.00007679,0.00038022350054234266,0.0013435365399345756,0.00029020346119068563,0.0008507935563102365,0.05852748826146126,0.008770220912992954,0.9182255864143372,0.011611919850111008
img.00006860,0.6196032762527466,0.03885176405310631,0.2970598042011261,0.005531912203878164,0.0022347886115312576,0.008713241666555405,0.014859816990792751,0.013145409524440765
img.00007241,0.004813469480723143,0.0020643873140215874,0.0006800098926760256,0.0009018484852276742,0.02971569448709488,0.012374498881399632,0.9379919171333313,0.011458142660558224
img.00002620,0.5978467464447021,0.0016523527447134256,0.00420519569888711,0.30944323539733887,0.00807161908596754,0.0006569969700649381,0.07671403139829636,0.0014097003731876612
img.00003037,0.4477249085903168,0.024551907554268837,0.018826957792043686,0.007945450022816658,0.008057542145252228,0.020037870854139328,0.43848881125450134,0.034366533160209656
img.00000569,0.08089753985404968,0.04115550220012665,0.004419751465320587,0.014677545055747032,0.009216474369168282,0.0446375273168087,0.7858610153198242,0.01913466863334179
img.00005383,0.08774800598621368,0.028494372963905334,0.022604333236813545,0.0075142476707696915,0.005523196421563625,0.0740249827504158,0.6149158477783203,0.15917500853538513
img.00004661,0.5416955947875977,0.4343591034412384,0.006836750544607639,0.006142741534858942,0.0016781057929620147,0.0020362907089293003,0.005865269806236029,0.0013861249899491668
img.00004095,0.06863956153392792,0.3454556465148926,0.07048776000738144,0.01795373111963272,0.004403232131153345,0.03843321651220322,0.26045462489128113,0.19417229294776917
img.00004795,0.03556002303957939,0.0208298172801733,0.02492346055805683,0.11012116074562073,0.17756181955337524,0.007815026678144932,0.42398762702941895,0.1992010623216629
img.00004451,0.5265563726425171,0.07006098330020905,0.23101887106895447,0.04248977079987526,0.05554729327559471,0.0021290245931595564,0.005624343641102314,0.0665733590722084
img.00000750,0.9192867875099182,0.008503836579620838,0.003949090372771025,0.007265442982316017,0.006426695734262466,0.010072078555822372,0.026090826839208603,0.01840527355670929
img.00002075,0.005806564353406429,0.011206399649381638,0.007825875654816628,0.004676853306591511,0.017579425126314163,0.001296138041652739,0.8792750239372253,0.07233373820781708
img.00001203,0.1828967183828354,0.15013624727725983,0.032144878059625626,0.2343144416809082,0.29304805397987366,0.0017583678709343076,0.05500802397727966,0.05069327354431152
img.00000324,0.27144381403923035,0.16980862617492676,0.014512400142848492,0.1161334365606308,0.13264904916286469,0.015779251232743263,0.2558547258377075,0.023818770423531532
img.00006383,0.05177411064505577,0.0077982391230762005,0.010397974401712418,0.011036490090191364,0.0682426169514656,0.010501926764845848,0.7675816416740417,0.07266699522733688
img.00007908,0.005038177128881216,0.0036532299127429724,0.000471103674499318,0.0012445412576198578,0.05762987956404686,0.01214560866355896,0.9109441637992859,0.008873333223164082
img.00004359,0.34427496790885925,0.09782887995243073,0.09310553967952728,0.030001504346728325,0.016661329194903374,0.21700486540794373,0.08894848078489304,0.11217442154884338
img.00008378,0.031331006437540054,0.028349533677101135,0.018128111958503723,0.013837908394634724,0.6109004616737366,0.022710207849740982,0.2192414551973343,0.055501315742731094
img.00003076,0.2805629074573517,0.543029248714447,0.022546907886862755,0.017448384314775467,0.01598292589187622,0.0065796650014817715,0.0692167803645134,0.04463321343064308
img.00001865,0.003912661224603653,0.0057137636467814445,0.0021374316420406103,0.00027060217689722776,0.0031362709123641253,0.004580275155603886,0.8912568092346191,0.08899218589067459
img.00003066,0.03738386556506157,0.37809595465660095,0.05773080512881279,0.07893359661102295,0.1488233506679535,0.059618860483169556,0.10985562950372696,0.12955793738365173
img.00005011,0.029104068875312805,0.004059497267007828,0.0015295608900487423,0.0014082060661166906,0.013002203777432442,0.00623411824926734,0.9052631258964539,0.03939918428659439
img.00008421,0.8584319353103638,0.012976151891052723,0.0013734869426116347,0.024614758789539337,0.013064412400126457,0.010582764632999897,0.07139664888381958,0.007559753488749266
img.00008701,0.04511823132634163,0.0684484988451004,0.004625840112566948,0.0010086222318932414,0.005035842303186655,0.4084613621234894,0.4646107256412506,0.002690936904400587
img.00001664,0.11973429471254349,0.014454175718128681,0.011694012209773064,0.01089135929942131,0.010030057281255722,0.5134285092353821,0.265507310628891,0.05426029860973358
img.00005116,0.7300159931182861,0.013907624408602715,0.012767304666340351,0.09168156236410141,0.014681298285722733,0.008010239340364933,0.08267846703529358,0.04625747352838516
img.00003141,0.3685963749885559,0.006175354588776827,0.0017883223481476307,0.005619159899652004,0.010357382707297802,0.160103902220726,0.4447992444038391,0.0025602150708436966
img.00007024,0.12164939939975739,0.3268541693687439,0.005239620339125395,0.002940176986157894,0.2718898057937622,0.023909181356430054,0.22874461114406586,0.018773052841424942
img.00006963,0.021385468542575836,0.09818045049905777,0.10647554695606232,0.004863342735916376,0.02522248588502407,0.00835499819368124,0.6553455591201782,0.0801721066236496
img.00005727,0.016646908596158028,0.006138583179563284,0.0033401167020201683,0.007838835008442402,0.031402017921209335,0.006944343447685242,0.8785579204559326,0.04913126677274704
img.00001896,0.08345898985862732,0.012530948966741562,0.009211846627295017,0.005480626598000526,0.015455593355000019,0.010774701833724976,0.8246487975120544,0.03843849524855614
img.00006404,0.27106285095214844,0.07851263135671616,0.3159109354019165,0.03286603465676308,0.13140954077243805,0.08364510536193848,0.03207789361476898,0.05451494827866554
img.00000186,0.616119384765625,0.0051397462375462055,0.07923179864883423,0.15493322908878326,0.010650726035237312,0.007007060572504997,0.12019971013069153,0.0067183636128902435
img.00003744,0.07549543678760529,0.017769115045666695,0.0025370100047439337,0.0008998307748697698,0.008113807067275047,0.039431240409612656,0.8538122773170471,0.0019413087284192443
img.00004877,0.012714484706521034,0.5570709109306335,0.24589155614376068,0.00539070088416338,0.006644816603511572,0.0006346529698930681,0.006743862759321928,0.16490896046161652
img.00007007,0.04914006590843201,0.44469428062438965,0.013782086782157421,0.0035873253364115953,0.004950374364852905,0.02096477337181568,0.08452721685171127,0.37835392355918884
img.00006731,0.9385098814964294,0.030708203092217445,0.0012461183359846473,0.011654207482933998,0.0006029726355336607,0.0016376090934500098,0.01368361059576273,0.0019573725294321775
img.00002243,0.4542529881000519,0.07384224236011505,0.02396199107170105,0.021515708416700363,0.00998363271355629,0.23708267509937286,0.1539628654718399,0.025397958233952522
img.00008472,0.08048392087221146,0.21486003696918488,0.04169624298810959,0.06426821649074554,0.42934244871139526,0.0015997885493561625,0.0035984106361865997,0.16415102779865265
img.00008074,0.6869730949401855,0.009070535190403461,0.0880480408668518,0.006882399786263704,0.0059091695584356785,0.06526584178209305,0.13127125799655914,0.006579603534191847
img.00007033,0.14461714029312134,0.4232439696788788,0.16324840486049652,0.019194433465600014,0.022320805117487907,0.11598670482635498,0.0338420607149601,0.07754654437303543
img.00001122,0.003190428949892521,0.8611649870872498,0.018807411193847656,0.0008702281629666686,0.00665932847186923,0.0016119248466566205,0.08371337503194809,0.023982271552085876
img.00003187,0.2987360954284668,0.012689916417002678,0.01140369102358818,0.014542742632329464,0.011668078601360321,0.018127605319023132,0.26567426323890686,0.36715763807296753
img.00001009,0.0020475212950259447,0.007617897354066372,0.0030016114469617605,0.0008914755308069289,0.03365574777126312,0.003861409379169345,0.6301273107528687,0.3187970519065857
img.00006390,0.4859245717525482,0.022526541724801064,0.04771170765161514,0.029157545417547226,0.09442583471536636,0.03898446634411812,0.24702054262161255,0.03424881398677826
img.00006229,0.02013121172785759,0.7269172072410583,0.006170848850160837,0.00217395625077188,0.10042858123779297,0.005817072931677103,0.06916046887636185,0.06920064985752106
img.00004388,0.01836002804338932,0.0014552392531186342,0.0002512199862394482,0.9704505801200867,0.006423790007829666,0.00017793705046642572,0.0023805806413292885,0.0005005878629162908
img.00007755,0.13078220188617706,0.3888074457645416,0.018216678872704506,0.005338529124855995,0.01024631503969431,0.14513273537158966,0.19600875675678253,0.10546725988388062
img.00003301,0.4384923577308655,0.16250421106815338,0.1633877456188202,0.006913808174431324,0.009273724630475044,0.09029938280582428,0.06196063384413719,0.06716807931661606
img.00008942,0.0022593645844608545,0.008462043479084969,0.005988861434161663,0.0038048827555030584,0.018768317997455597,0.061560798436403275,0.6177575588226318,0.2813981771469116
img.00005872,0.16451962292194366,0.07697921246290207,0.020757116377353668,0.020722966641187668,0.028554778546094894,0.034941416233778,0.23078356683254242,0.4227413535118103
img.00001014,0.003594618756324053,0.005366194061934948,0.0005626622587442398,0.0004740844015032053,0.8534451723098755,0.039630938321352005,0.09591010957956314,0.0010161836398765445
img.00004196,0.6727628111839294,0.13939034938812256,0.029087835922837257,0.05344536527991295,0.0059210858307778835,0.01614193059504032,0.07113349437713623,0.012117238715291023
img.00000704,0.001082581584341824,0.0008863450493663549,0.0001292886445298791,0.00019700557459145784,0.01512464601546526,0.033891744911670685,0.9482678771018982,0.0004204549186397344
img.00004162,0.057566773146390915,0.15891079604625702,0.01540780533105135,0.01641063764691353,0.7030905485153198,0.01466862577944994,0.016505056992173195,0.017439723014831543
img.00006748,0.012166546657681465,0.0058533018454909325,0.0010800390737131238,0.9379467964172363,0.029603557661175728,0.0014971516793593764,0.006355683319270611,0.0054969037882983685
img.00006530,0.13138683140277863,0.012930294498801231,0.009645658545196056,0.21767188608646393,0.06260941922664642,0.017078768461942673,0.5096226334571838,0.039054449647665024
img.00005607,0.00750859035179019,0.758528470993042,0.1312897950410843,0.004572529345750809,0.0034565958194434643,0.0021795842330902815,0.016330018639564514,0.07613448053598404
img.00007267,0.5389962792396545,0.01589280553162098,0.005648128688335419,0.01649695448577404,0.00245771836489439,0.2872420847415924,0.11409696936607361,0.019169049337506294
img.00004055,0.1951783299446106,0.010260412469506264,0.00573395099490881,0.050441570580005646,0.05603843927383423,0.010329832322895527,0.6650903820991516,0.00692710280418396
img.00002608,0.0780249536037445,0.07321896404027939,0.06404632329940796,0.01925371028482914,0.06206594407558441,0.12393523752689362,0.17138302326202393,0.4080718755722046
img.00006124,0.10874789208173752,0.01941363513469696,0.04914361611008644,0.6172377467155457,0.05916496738791466,0.019245536997914314,0.02248469553887844,0.10456192493438721
img.00006067,0.01122117880731821,0.012326796539127827,0.006720041390508413,0.013138641603291035,0.37879565358161926,0.03157566860318184,0.10481566935777664,0.44140639901161194
img.00001956,0.001126080984249711,0.24877691268920898,0.0022050475236028433,0.00246628001332283,0.024289831519126892,0.002008649520576,0.10780846327543259,0.6113187074661255
img.00006386,0.04576446861028671,0.044764213263988495,0.0309426449239254,0.07794742286205292,0.14981859922409058,0.022721417248249054,0.18414142727851868,0.44389984011650085
img.00001882,0.053298719227313995,0.7212181687355042,0.06442070007324219,0.028007639572024345,0.07882798463106155,0.00627129478380084,0.023134643211960793,0.024820927530527115
img.00002206,0.1867009699344635,0.00661867018789053,0.03341226652264595,0.007429920136928558,0.02447499707341194,0.030833005905151367,0.6239864230155945,0.08654375374317169
img.00008637,0.09764624387025833,0.10964711010456085,0.10833442211151123,0.02260889858007431,0.08025942742824554,0.10714586079120636,0.2346624732017517,0.23969551920890808
img.00001053,0.005439904518425465,0.047980330884456635,0.00209272769279778,0.01216006651520729,0.5314791798591614,0.003955233842134476,0.20702765882015228,0.1898649036884308
img.00002323,0.46000516414642334,0.011334462091326714,0.007859035395085812,0.0029599247500300407,0.007376950234174728,0.23018158972263336,0.26476550102233887,0.015517506748437881
img.00007005,0.009992950595915318,0.21506080031394958,0.04144644737243652,0.004760629963129759,0.016608279198408127,0.0007822695770300925,0.16949477791786194,0.5418538451194763
img.00006903,0.06712773442268372,0.019973495975136757,0.010594083927571774,0.0584075003862381,0.07491747289896011,0.011987452395260334,0.6664772629737854,0.09051508456468582
img.00007010,0.12370520085096359,0.5474868416786194,0.042242228984832764,0.08055321127176285,0.14495818316936493,0.0036319810897111893,0.01615072973072529,0.041271649301052094
img.00005814,0.046391457319259644,0.005917963106185198,0.002678743563592434,0.3126891851425171,0.10373612493276596,0.0027411303017288446,0.5200690627098083,0.005776315927505493
img.00002862,0.1269102841615677,0.4436424672603607,0.06647227704524994,0.03739092871546745,0.02812233194708824,0.0906154066324234,0.13175459206104279,0.07509174942970276
img.00005393,0.014168052934110165,0.014140152372419834,0.004490545950829983,0.008482229895889759,0.36677560210227966,0.0050738207064569,0.48196905851364136,0.10490051656961441
img.00002376,0.04199476167559624,0.7488794922828674,0.14155864715576172,0.024364152923226357,0.0034437859430909157,0.00075001479126513,0.02541375160217285,0.013595417141914368
img.00007919,0.09113515168428421,0.350810706615448,0.01865687221288681,0.023336511105298996,0.24946098029613495,0.006169432774186134,0.1802690625190735,0.08016125857830048
img.00007513,0.27076753973960876,0.4082340896129608,0.25088733434677124,0.013229943811893463,0.0234060175716877,0.0031082825735211372,0.006419820711016655,0.023946963250637054
img.00003182,0.02979048527777195,0.0042281257919967175,0.012312288396060467,0.08163182437419891,0.19836996495723724,0.009494503028690815,0.6422005295753479,0.02197229489684105
img.00008146,0.10419318825006485,0.7164852023124695,0.010256532579660416,0.016029439866542816,0.10160111635923386,0.009248815476894379,0.008021517656743526,0.0341641865670681
img.00005788,0.1581432819366455,0.16418467462062836,0.40731775760650635,0.008793788962066174,0.002608820330351591,0.006168888416141272,0.23574839532375336,0.017034390941262245
img.00008844,0.5350117087364197,0.3857322633266449,0.02096673846244812,0.010311366058886051,0.025774814188480377,0.015215754508972168,0.002434707945212722,0.004552665166556835
img.00007615,0.2658293843269348,0.10782579332590103,0.014060436747968197,0.00992574356496334,0.026476772502064705,0.012833341024816036,0.5594181418418884,0.003630315652117133
img.00006645,0.9856038093566895,0.0008601951994933188,0.0014645096380263567,0.007047077640891075,0.00017085304716601968,0.0008329596021212637,0.003295701462775469,0.0007249537156894803
img.00004128,0.09180703014135361,0.14022031426429749,0.18554282188415527,0.1890525072813034,0.13919009268283844,0.019119154661893845,0.016540061682462692,0.21852797269821167
img.00000809,0.04757140204310417,0.00250042462721467,0.0010732589289546013,0.001722398679703474,0.0018741181120276451,0.01582704856991768,0.8388479948043823,0.09058335423469543
img.00001870,0.016505565494298935,0.8338223695755005,0.0373411625623703,0.011538433842360973,0.00866748671978712,0.01947535201907158,0.05136394873261452,0.021285729482769966
img.00000167,0.7688764333724976,0.009025936014950275,0.10424594581127167,0.007742124609649181,0.0040864343754947186,0.090591199696064,0.011586304754018784,0.0038455717731267214
img.00002697,0.13461197912693024,0.1317143440246582,0.0525653213262558,0.05641130730509758,0.04153560847043991,0.0050771902315318584,0.07320459187030792,0.5048797130584717
img.00002302,0.04006865993142128,0.010743498802185059,0.008203012868762016,0.03569401800632477,0.1866437792778015,0.005949855782091618,0.6736549139022827,0.03904224559664726
img.00002473,0.8312391042709351,0.0064950743690133095,0.0012745172716677189,0.01455838792026043,0.003179302904754877,0.06619953364133835,0.07350028306245804,0.003553746733814478
img.00006475,0.055200785398483276,0.6044576168060303,0.01687806099653244,0.009129074402153492,0.2748353183269501,0.006214069202542305,0.018214212730526924,0.015070994384586811
img.00006165,0.36375877261161804,0.15811678767204285,0.025563780218362808,0.003997543826699257,0.011724753305315971,0.22722241282463074,0.17618991434574127,0.03342611715197563
img.00001871,0.008942081592977047,0.007543220184743404,0.0015691275475546718,0.0021319505758583546,0.007106054574251175,0.002653838600963354,0.9530178308486938,0.01703590899705887
img.00007780,0.006102011539041996,0.00087747658835724,0.0006435798131860793,0.005592904984951019,0.27860426902770996,0.002465455560013652,0.696359395980835,0.009354900568723679
img.00006937,0.03271156921982765,0.023482510820031166,0.004671963397413492,0.3841998875141144,0.08750279992818832,0.009587370790541172,0.4261842370033264,0.031659603118896484
img.00000765,0.11499488353729248,0.5250351428985596,0.08894285559654236,0.08107036352157593,0.045742131769657135,0.04709932953119278,0.013681457377970219,0.0834338441491127
img.00005886,0.18273068964481354,0.06535611301660538,0.037965014576911926,0.024800652638077736,0.12284433096647263,0.08866347372531891,0.18852630257606506,0.28911349177360535
img.00002420,0.14150209724903107,0.12820252776145935,0.06055976822972298,0.0078000943176448345,0.4984458386898041,0.04213395714759827,0.053073376417160034,0.068282350897789
img.00004187,0.7799555063247681,0.011624971404671669,0.08288410305976868,0.017232481390237808,0.008570127189159393,0.07110168784856796,0.012696332298219204,0.015934797003865242
img.00001396,0.5369633436203003,0.010637921281158924,0.41113847494125366,0.0028201499953866005,0.00863111112266779,0.0015372405759990215,0.014914142899215221,0.013357684947550297
img.00003028,0.09704115241765976,0.014926825650036335,0.06739936023950577,0.7263321280479431,0.03470931202173233,0.008569362573325634,0.011527863331139088,0.039493974298238754
img.00005654,0.05816527456045151,0.01593085378408432,0.0015495495172217488,0.016110161319375038,0.1878633350133896,0.010570441372692585,0.6924495100975037,0.017360910773277283
img.00007130,0.3863157331943512,0.07915220409631729,0.07802541553974152,0.051332104951143265,0.29926255345344543,0.024090228602290154,0.026626400649547577,0.05519541725516319
img.00000615,0.24824665486812592,0.028573010116815567,0.08740270137786865,0.09644774347543716,0.0728873685002327,0.04534617438912392,0.1221742257475853,0.2989221513271332
img.00001116,0.028954079374670982,0.18560613691806793,0.06240653619170189,0.05927424505352974,0.2078184187412262,0.028990011662244797,0.3704403042793274,0.05651026591658592
img.00002917,0.3350173234939575,0.016268594190478325,0.0028313167858868837,0.0011519548716023564,0.004511774517595768,0.00423396797850728,0.6235441565513611,0.012440918013453484
img.00004882,0.0051061599515378475,0.015240884386003017,0.004303819499909878,0.003770024050027132,0.8169785737991333,0.051356080919504166,0.04581378027796745,0.057430632412433624
img.00000911,0.23354367911815643,0.1697942614555359,0.43587473034858704,0.0038407633546739817,0.020066898316144943,0.049535151571035385,0.05259156972169876,0.03475296497344971
img.00008264,0.5083873271942139,0.0780789777636528,0.023373674601316452,0.01079417672008276,0.0013586620334535837,0.34826043248176575,0.024174053221940994,0.0055726636201143265
img.00001877,0.009863295592367649,0.028551677241921425,0.004608901217579842,0.004379178397357464,0.939738929271698,0.005990189500153065,0.003901423653587699,0.0029663064051419497
img.00008676,0.9677513241767883,0.005836462136358023,0.003561117220669985,0.018902329728007317,0.0003462795866653323,0.002318816026672721,0.0005476486403495073,0.0007360097370110452
img.00007746,0.08699232339859009,0.621999979019165,0.015778951346874237,0.0008999503334052861,0.01694958284497261,0.04937790334224701,0.11750882118940353,0.09049247205257416
img.00000685,0.011957141570746899,0.005457350984215736,0.003728081937879324,0.0034153724554926157,0.015652209520339966,0.0030899737030267715,0.931272029876709,0.02542797289788723
img.00003840,0.17096436023712158,0.018632570281624794,0.002907669637352228,0.03898089751601219,0.10241666436195374,0.014885429292917252,0.6130281686782837,0.038184285163879395
img.00001978,0.1703350991010666,0.15050701797008514,0.01581777259707451,0.39660701155662537,0.16093434393405914,0.015714842826128006,0.07434196025133133,0.01574196293950081
img.00002455,0.00852238666266203,0.0011286436347290874,0.001320787239819765,0.009715751744806767,0.6708860993385315,0.0033380240201950073,0.26279589533805847,0.04229248687624931
img.00000993,0.9282127618789673,0.0016191635513678193,0.007130107376724482,0.04956696555018425,0.0009743057889863849,0.002112884307280183,0.005309579893946648,0.005074175540357828
img.00002596,0.06400154531002045,0.011474007740616798,0.07946847379207611,0.013349894434213638,0.018157776445150375,0.0909508690237999,0.14227411150932312,0.5803233981132507
img.00004117,0.0022352749947458506,0.0008613812969997525,0.0001374899293296039,0.00020566530292853713,0.001661213580518961,0.00860082358121872,0.9844778776168823,0.001820325618609786
img.00004815,0.06615681201219559,0.6442092657089233,0.25634297728538513,0.0067661055363714695,0.002549597295001149,0.0004763798788189888,0.007094832137227058,0.016404075548052788
img.00002590,0.016998756676912308,0.7368355989456177,0.08153053373098373,0.05513900890946388,0.0170243252068758,0.004721448756754398,0.04382616654038429,0.04392422363162041
img.00004180,0.09803842008113861,0.36424994468688965,0.08488308638334274,0.10857345908880234,0.13804425299167633,0.022515708580613136,0.034991126507520676,0.14870396256446838
img.00003402,0.862854540348053,0.0035967975854873657,0.004723306745290756,0.11213179677724838,0.001593896420672536,0.0021866702008992434,0.009770440869033337,0.0031424902845174074
img.00001134,0.0608198456466198,0.010726653039455414,0.01060215849429369,0.0035610098857432604,0.0036292122676968575,0.008070136420428753,0.8988072872161865,0.003783728228881955
img.00000169,0.5394991040229797,0.36597317457199097,0.012994564138352871,0.0041164131835103035,0.016285736113786697,0.001722095999866724,0.03554154559969902,0.023867422714829445
img.00003137,0.09198738634586334,0.06987293809652328,0.21370597183704376,0.07057664543390274,0.12085261195898056,0.01859993115067482,0.3023541569709778,0.11205039173364639
img.00003007,0.1566120684146881,0.16350097954273224,0.08629220724105835,0.08854935318231583,0.13823089003562927,0.10753849148750305,0.175149068236351,0.08412694185972214
img.00000897,0.10074304044246674,0.05778145045042038,0.07627416402101517,0.0393826961517334,0.22595423460006714,0.023726485669612885,0.3384811580181122,0.13765683770179749
img.00005874,0.9271649122238159,0.043499335646629333,0.0046432954259216785,0.0046523683704435825,0.0007174649508669972,0.0043998598121106625,0.01216210424900055,0.0027607029769569635
img.00005662,0.29048672318458557,0.09660594165325165,0.04811044782400131,0.01726294681429863,0.44402968883514404,0.04000680893659592,0.04040701687335968,0.023090479895472527
img.00000687,0.0058601778000593185,0.006909206043928862,0.0015132620465010405,0.0014383215457201004,0.34040242433547974,0.08539074659347534,0.5463982820510864,0.012087666429579258
img.00006285,0.26061177253723145,0.08151660859584808,0.03840755671262741,0.011804771609604359,0.06341592222452164,0.02031446434557438,0.20483002066612244,0.3190987706184387
img.00001166,0.0022296058014035225,0.005341983400285244,0.0018792074406519532,0.000843479938339442,0.0005811378941871226,0.004859739448875189,0.907913327217102,0.07635143399238586
img.00007481,0.0003545376530382782,0.0002571199438534677,0.00014478452794719487,0.0007090431754477322,0.002090263646095991,0.020822914317250252,0.971882700920105,0.003738660365343094
img.00007684,0.0023660522419959307,0.004296683240681887,0.0012651750585064292,0.0010175792267546058,0.022945089265704155,0.0042053041979670525,0.6561811566352844,0.3077229857444763
img.00005993,0.9855900406837463,0.0007902440265752375,0.0007418227032758296,0.0017030182061716914,6.289466546149924e-05,0.0009746385039761662,0.009790743701159954,0.0003467404458206147
img.00005677,0.3795335590839386,0.16255800426006317,0.15104322135448456,0.03068024292588234,0.029963135719299316,0.1172456443309784,0.07882800698280334,0.050148140639066696
img.00007934,0.0010064409580081701,0.0012620774796232581,0.0003434609097894281,0.001225888030603528,0.09103184938430786,0.012909403070807457,0.6862363219261169,0.20598454773426056
img.00002792,0.8561254143714905,0.014224579557776451,0.0173965971916914,0.01931680552661419,0.0033533258829265833,0.016377227380871773,0.061537884175777435,0.011668181046843529
img.00006040,0.06761033833026886,0.09640341252088547,0.2311657965183258,0.04314354807138443,0.26471301913261414,0.054536473006010056,0.08540736883878708,0.15702015161514282
img.00005939,0.030065609142184258,0.009887538850307465,0.007889008149504662,0.005070979241281748,0.010991880670189857,0.025245601311326027,0.8701279163360596,0.040721599012613297
img.00005978,0.09838797152042389,0.025750160217285156,0.3642924427986145,0.43624240159988403,0.012341816909611225,0.0032207875046879053,0.003959358669817448,0.05580500513315201
img.00001995,0.48430773615837097,0.01885049231350422,0.05492715165019035,0.030240250751376152,0.02894025482237339,0.08164869248867035,0.2850409150123596,0.01604451611638069
img.00006131,0.1453617811203003,0.006247976794838905,0.0065567372366786,0.34162428975105286,0.15779130160808563,0.007728826720267534,0.32120081782341003,0.013488353230059147
img.00001779,0.41549137234687805,0.336599737405777,0.03814041242003441,0.024973729625344276,0.02099737338721752,0.041838835924863815,0.09772887825965881,0.02422965317964554
img.00001305,0.2859455943107605,0.036973293870687485,0.02590966410934925,0.005126018077135086,0.33306413888931274,0.11240126937627792,0.1787506490945816,0.021829374134540558
img.00007280,3.2959280360955745e-05,7.224112778203562e-05,1.7607995687285438e-05,7.166062277974561e-05,0.01742137223482132,0.0009825885063037276,0.9803706407546997,0.001030899933539331
img.00000071,0.025432825088500977,0.016032928600907326,0.003673007944598794,0.015643758699297905,0.06991814076900482,0.008784361183643341,0.5057927370071411,0.354722261428833
img.00003817,0.028707925230264664,0.9193580150604248,0.02166673168540001,0.020128579810261726,0.005423496011644602,0.0002877974766306579,0.0010237513342872262,0.003403698094189167
img.00002103,0.0008866177522577345,0.00032893798197619617,0.00016220328689087182,0.0014142361469566822,0.09946408122777939,0.00045799274812452495,0.8955701589584351,0.0017157916445285082
img.00007700,0.006050944793969393,0.0013680880656465888,0.0006003837916068733,0.001818523509427905,0.004004739224910736,0.032384250313043594,0.9522160291671753,0.0015570952091366053
img.00000256,0.023852698504924774,0.0038030112627893686,0.006075649987906218,0.0014534086221829057,0.007349055726081133,0.17815136909484863,0.7765089869499207,0.0028057496529072523
img.00008067,0.9057926535606384,0.0015371498884633183,0.0031519276089966297,0.06358980387449265,0.002495520981028676,0.00036822419497184455,0.022854432463645935,0.0002103122533299029
img.00000421,0.08041564375162125,0.001236586831510067,0.0014668217627331614,0.0154917286708951,0.04562986642122269,0.5424336194992065,0.274819016456604,0.038506630808115005
img.00002429,0.0039407056756317616,0.014053619466722012,0.001485015731304884,0.000602933403570205,0.023078132420778275,0.0068738567642867565,0.5840274095535278,0.3659382462501526
img.00007109,0.7098305821418762,0.05638447776436806,0.01793927140533924,0.15569202601909637,0.0032157704699784517,0.008026243187487125,0.04481811448931694,0.004093553405255079
img.00006690,0.07086017727851868,0.19444887340068817,0.047179315239191055,0.029158201068639755,0.4676430821418762,0.04573469236493111,0.05607888847589493,0.08889671415090561
img.00004735,0.0009639175841584802,0.0005108354962430894,0.0002104968880303204,0.0004863179929088801,0.0017688617808744311,0.008210265077650547,0.9845959544181824,0.003253346309065819
img.00002099,0.8985646963119507,0.004110479727387428,0.007395501714199781,0.031618595123291016,0.0052189212292432785,0.010414604097604752,0.03555005043745041,0.007127081044018269
img.00001684,0.10128512978553772,0.013672097586095333,0.001480701263062656,0.0085573336109519,0.1017017737030983,0.0025946875102818012,0.7623226046562195,0.008385640569031239
img.00006395,0.05378313362598419,0.22768889367580414,0.36329975724220276,0.1679496020078659,0.02061699517071247,0.002510502701625228,0.0199374221265316,0.1442137509584427
img.00008361,0.03159383311867714,0.00783185102045536,0.0020402781665325165,0.000983548117801547,0.008530843071639538,0.09005718678236008,0.8551777601242065,0.0037846846971660852
img.00001011,0.6018394231796265,0.04970286041498184,0.03645104914903641,0.055718567222356796,0.020780494436621666,0.0665891245007515,0.1504720151424408,0.01844657026231289
img.00007393,0.22185838222503662,0.006472595036029816,0.009748777374625206,0.10444755852222443,0.03220660611987114,0.005167489871382713,0.3429046869277954,0.27719393372535706
img.00005719,0.5240586996078491,0.039713457226753235,0.02200327068567276,0.016610706225037575,0.007243229076266289,0.034338079392910004,0.28635886311531067,0.06967367231845856
img.00004346,0.7995293140411377,0.08981326222419739,0.026179440319538116,0.011801766231656075,0.023664075881242752,0.031030960381031036,0.009133449755609035,0.008847729302942753
img.00000981,0.029063094407320023,0.011181822046637535,0.046366240829229355,0.08412894606590271,0.0984770730137825,0.06895165145397186,0.04820379987359047,0.6136273145675659
img.00003736,0.08552125841379166,0.1301613301038742,0.059175197035074234,0.008557479828596115,0.15544664859771729,0.08518756926059723,0.36075103282928467,0.1151994988322258
img.00007570,0.003095666877925396,0.07968541234731674,0.014566467143595219,0.00350471050478518,0.025581035763025284,0.00396808423101902,0.3766684830188751,0.4929301142692566
img.00000017,0.1448231190443039,0.05299652740359306,0.5515729188919067,0.01292587909847498,0.06500060856342316,0.012148626148700714,0.01881682127714157,0.14171548187732697
img.00006771,0.07671861350536346,0.11354120820760727,0.058237724006175995,0.02240373007953167,0.3613772392272949,0.012713534757494926,0.08452792465686798,0.27048003673553467
img.00004138,0.006838416680693626,0.03899192810058594,0.01017832849174738,0.008145570755004883,0.10330014675855637,0.007604942657053471,0.05442337319254875,0.7705172896385193
img.00005289,0.9622156023979187,0.0011896169744431973,0.005442529916763306,0.000510953483171761,0.0008371217991225421,0.0014799050986766815,0.027553167194128036,0.0007711214129813015
img.00006762,0.09648491442203522,0.029416287317872047,0.006956635508686304,0.0033330253791064024,0.019988125190138817,0.09777255356311798,0.7403041124343872,0.005744290072470903
img.00004509,0.001657709595747292,0.0026038140058517456,0.0013274995144456625,0.0006950789247639477,0.002025508088991046,0.010010791942477226,0.974653959274292,0.007025580387562513
img.00004593,0.8906724452972412,0.031136661767959595,0.04538873955607414,0.02306198887526989,0.0008468276937492192,0.002683378290385008,0.004242723807692528,0.0019671672489494085
img.00005125,0.1219501718878746,0.02631152793765068,0.0021952074021101,0.025580134242773056,0.053303297609090805,0.019812284037470818,0.7475612759590149,0.003286176361143589
img.00007672,0.0031067938543856144,0.00204709405079484,0.00014629020006395876,0.0014661152381449938,0.05201344192028046,0.002549271797761321,0.9305292963981628,0.00814170204102993
img.00001349,0.7747699618339539,0.02931857481598854,0.10934533178806305,0.014292841777205467,0.005503480322659016,0.04169977083802223,0.012417072430253029,0.012652989476919174
img.00002501,0.16053679585456848,0.13077344000339508,0.013622398488223553,0.034228838980197906,0.055096570402383804,0.08017142117023468,0.392210990190506,0.13335955142974854
img.00005101,0.521225094795227,0.03325183317065239,0.12431669235229492,0.0015573205891996622,0.07558326423168182,0.04418109357357025,0.11422203481197357,0.08566270768642426
img.00003227,0.05124284699559212,0.07224395871162415,0.06744947284460068,0.008492483757436275,0.14194980263710022,0.2366047203540802,0.11304254084825516,0.30897417664527893
img.00001412,0.10413529723882675,0.09376998990774155,0.23772452771663666,0.06104090437293053,0.0317402184009552,0.010693609714508057,0.21259866654872894,0.2482967972755432
img.00007210,0.1118113324046135,0.14550058543682098,0.02061278186738491,0.019254170358181,0.12414021790027618,0.02028132975101471,0.4802420139312744,0.07815767079591751
img.00002271,0.007129637524485588,0.008695966564118862,0.0016854644054546952,0.0019922812934964895,0.03691736236214638,0.024889204651117325,0.7329546809196472,0.18573540449142456
img.00004647,0.40048202872276306,0.0955868512392044,0.3000953793525696,0.020693818107247353,0.006772428285330534,0.14972099661827087,0.006824037991464138,0.019824493676424026
img.00008610,7.564028783235699e-05,2.8119953640270978e-05,4.091718074050732e-05,2.8765174647560343e-05,0.00047240027924999595,0.0013182285474613309,0.991001307964325,0.007034693844616413
img.00008871,0.016179082915186882,0.017618359997868538,0.015966225415468216,0.017663951963186264,0.8319233655929565,0.0011262937914580107,0.029869139194488525,0.06965353339910507
img.00001180,0.1726539582014084,0.020136306062340736,0.06519358605146408,0.32124561071395874,0.20871096849441528,0.06919923424720764,0.09737275540828705,0.04548763483762741
img.00001003,0.0802813395857811,0.003760360646992922,0.0013869061367586255,0.00293476739898324,0.11206179112195969,0.05391503497958183,0.7279375195503235,0.017722293734550476
img.00000114,0.13090889155864716,0.46795207262039185,0.18358907103538513,0.11829342693090439,0.05987367033958435,0.001799780991859734,0.0061928159557282925,0.031390272080898285
img.00007677,0.05351477861404419,0.32566148042678833,0.024858782067894936,0.031004441902041435,0.2964763939380646,0.0058884648606181145,0.168180450797081,0.09441520273685455
img.00003084,0.9201729893684387,0.021699897944927216,0.011353271082043648,0.007991349324584007,0.007473693694919348,0.0026669923681765795,0.025381384417414665,0.0032603105064481497
img.00003093,0.08702180534601212,0.1454870104789734,0.15234948694705963,0.012080024927854538,0.018368152901530266,0.012340081855654716,0.12272986769676208,0.44962361454963684
img.00004740,0.02819547802209854,0.025276271626353264,0.034801170229911804,0.00610636081546545,0.0382046103477478,0.007430306635797024,0.0879155769944191,0.7720702290534973
img.00004056,0.023053960874676704,0.027330473065376282,0.012390279211103916,0.006283503025770187,0.11743876338005066,0.04902716726064682,0.6104909777641296,0.153984934091568
img.00004440,0.676629364490509,0.032756686210632324,0.02811793051660061,0.050233885645866394,0.00662396801635623,0.07443318516016006,0.08041494339704514,0.05078998953104019
img.00004621,0.018442343920469284,0.005941020790487528,0.036935023963451385,0.055465541779994965,0.3555069863796234,0.01347931195050478,0.0346323661506176,0.47959741950035095
img.00004067,0.5824185013771057,0.022474370896816254,0.0063985129818320274,0.009023796766996384,0.05295642465353012,0.07873524725437164,0.22511771321296692,0.02287548966705799
img.00000525,0.2338043749332428,0.08017300069332123,0.10856499522924423,0.18337376415729523,0.11421743035316467,0.007217700127512217,0.1436125934123993,0.12903615832328796
img.00001491,0.5108627676963806,0.14186759293079376,0.30669966340065,0.0060432241298258305,0.0013171598548069596,0.004297040868550539,0.010006592608988285,0.018905961886048317
img.00000780,0.04779790714383125,0.03981691971421242,0.6213003396987915,0.012177950702607632,0.15849480032920837,0.018321098759770393,0.023129969835281372,0.078961081802845
img.00006739,0.01396209467202425,0.00022332755906973034,0.0002491995401214808,0.00044723632163368165,0.00829648319631815,0.000865753332618624,0.9741937518119812,0.0017620788421481848
img.00000422,0.007082853466272354,0.003371153026819229,0.011231878772377968,0.07185942679643631,0.08939733356237411,0.009952482767403126,0.09789042174816132,0.709214448928833
img.00008211,0.38588622212409973,0.22635246813297272,0.32201752066612244,0.005848726257681847,0.0021863849833607674,0.020974192768335342,0.004091258160769939,0.032643143087625504
img.00000135,0.7664150595664978,0.016379956156015396,0.07127615064382553,0.06866384297609329,0.009646720252931118,0.002664765575900674,0.054876383394002914,0.010077130980789661
img.00008148,0.11048164963722229,0.008687593974173069,0.17315556108951569,0.026141569018363953,0.014289451763033867,0.003889491781592369,0.542415976524353,0.12093865126371384
img.00007916,0.015400681644678116,0.03805799409747124,0.02621588669717312,0.021944724023342133,0.18526192009449005,0.029568081721663475,0.0659322440624237,0.6176185011863708
img.00001054,0.22930003702640533,0.011696864850819111,0.03710445761680603,0.014026569202542305,0.03408384323120117,0.023802462965250015,0.5302133560180664,0.11977249383926392
img.00007376,0.23406220972537994,0.3174058794975281,0.12257643043994904,0.04080428183078766,0.046263936907052994,0.021582772955298424,0.0669337809085846,0.15037070214748383
img.00002753,0.08356622606515884,0.037463508546352386,0.008129371330142021,0.0007830860558897257,0.005597984883934259,0.06713657826185226,0.7490999698638916,0.048223283141851425
img.00006908,0.04083135351538658,0.02650497853755951,0.012270981445908546,0.008385973051190376,0.09462344646453857,0.1402142494916916,0.6598020195960999,0.01736696995794773
img.00005904,0.41838014125823975,0.033952657133340836,0.013723916374146938,0.005100124515593052,0.0033085118047893047,0.038551606237888336,0.34657523036003113,0.14040781557559967
img.00001908,0.05124956741929054,0.23981185257434845,0.15037113428115845,0.3984335958957672,0.04056880995631218,0.012857080437242985,0.018808800727128983,0.08789922297000885
img.00000984,0.4297162592411041,0.024640917778015137,0.04273594915866852,0.34812918305397034,0.026354016736149788,0.025219205766916275,0.031551964581012726,0.07165258377790451
img.00006758,0.09872385114431381,0.03669022396206856,0.031277164816856384,0.23455622792243958,0.11457240581512451,0.1996745765209198,0.2646949291229248,0.01981062814593315
img.00000876,0.051809873431921005,0.6782292723655701,0.01603168435394764,0.01000162586569786,0.02386230044066906,0.03364865109324455,0.1632976531982422,0.02311890386044979
img.00000336,0.04475271701812744,0.51706463098526,0.023535476997494698,0.0015093442052602768,0.009859800338745117,0.005363904405385256,0.14394181966781616,0.2539723515510559
img.00006633,0.05612870678305626,0.01190210971981287,0.0029914837796241045,0.01927482895553112,0.43846216797828674,0.025708459317684174,0.3057621419429779,0.13977010548114777
img.00001021,0.02910623326897621,0.04112755507230759,0.036293379962444305,0.7345551252365112,0.11962971836328506,0.001378803513944149,0.006235770881175995,0.03167335316538811
img.00005373,0.024174218997359276,0.26078319549560547,0.06230190768837929,0.2253330647945404,0.19719062745571136,0.014943668618798256,0.025777699425816536,0.18949568271636963
img.00000668,0.02823423594236374,0.01532015111297369,0.0023546351585537195,0.005036115180701017,0.0013248450122773647,0.02473536506295204,0.9171277284622192,0.005866935942322016
img.00006567,0.5465138554573059,0.03978991135954857,0.005255696829408407,0.01239885576069355,0.15896683931350708,0.03575858101248741,0.17258232831954956,0.02873401716351509
img.00001596,0.8221926689147949,0.05660543963313103,0.03083653934299946,0.024601245298981667,0.014823254197835922,0.010834462940692902,0.036627016961574554,0.003479357808828354
img.00007975,0.19432702660560608,0.008535175584256649,0.006783401593565941,0.012338545173406601,0.03636880964040756,0.005199323408305645,0.718780517578125,0.017667168751358986
img.00008805,0.722841203212738,0.008075111545622349,0.15090547502040863,0.015379393473267555,0.002992386696860194,0.03997357562184334,0.0502924919128418,0.009540370665490627
img.00008555,0.008685889653861523,0.002887092297896743,0.0017513646744191647,0.0037416289560496807,0.11963862925767899,0.04173971340060234,0.7683718800544739,0.053183719515800476
img.00003343,0.09492234140634537,0.8009397983551025,0.06984425336122513,0.0019289067713543773,0.0025619121734052896,0.002218509092926979,0.012879635207355022,0.01470465399324894
img.00006836,0.643842875957489,0.2606075704097748,0.034060828387737274,0.025908077135682106,0.010622886009514332,0.006875019054859877,0.008991282433271408,0.009091492742300034
img.00005944,0.03979349136352539,0.9363965392112732,0.019940903410315514,0.000908407848328352,0.0004979865625500679,0.0005219782469794154,0.0010010309051722288,0.0009396854438818991
img.00001026,0.1821044534444809,0.05788753554224968,0.32063519954681396,0.13043466210365295,0.1191418394446373,0.0046149324625730515,0.05712707340717316,0.12805433571338654
img.00007873,0.027899140492081642,0.0209770817309618,0.02674817107617855,0.00871965754777193,0.03707241266965866,0.16484375298023224,0.5531077980995178,0.16063202917575836
img.00000902,0.6509970426559448,0.2161087989807129,0.030569132417440414,0.010396862402558327,0.008946182206273079,0.05582204461097717,0.020089041441679,0.00707085058093071
img.00003347,0.7502920031547546,0.017652759328484535,0.00338193541392684,0.15578247606754303,0.010663987137377262,0.004816264845430851,0.05420471355319023,0.0032058709766715765
img.00004750,0.9382836818695068,0.004408522509038448,0.012401157990098,0.005806562956422567,0.0015589382965117693,0.017446206882596016,0.01644534058868885,0.003649624763056636
img.00001350,0.002694804221391678,0.000630444788839668,0.0008616854320280254,0.0013166227145120502,0.012842841446399689,0.001165337860584259,0.975131094455719,0.005357175599783659
img.00000137,4.730889850179665e-05,5.037528899265453e-05,4.265494681021664e-06,5.011328175896779e-05,0.00500490702688694,0.00044767872896045446,0.986477255821228,0.007918119430541992
img.00007046,0.030958976596593857,0.01257016509771347,0.006312174256891012,0.0027469987981021404,0.10262142866849899,0.18631206452846527,0.6537504196166992,0.004727658815681934
img.00004347,0.00036506375181488693,9.611592395231128e-05,6.728574953740463e-05,8.209540828829631e-05,0.0036166140343993902,0.0010504010133445263,0.9930932521820068,0.0016292092623189092
img.00004957,0.4075462818145752,0.023365434259176254,0.0030880728736519814,0.009318900294601917,0.010267876088619232,0.006308325566351414,0.5327886343002319,0.007316473871469498
img.00005824,0.025802360847592354,0.007945733144879341,0.0029273806139826775,0.000562111206818372,0.009586028754711151,0.08432717621326447,0.8031184673309326,0.06573065370321274
img.00002478,0.16203568875789642,0.013509203679859638,0.025312408804893494,0.694141149520874,0.06812429428100586,0.0010591228492558002,0.009966271929442883,0.025851866230368614
img.00005577,0.04645921289920807,0.004331409931182861,0.001055126078426838,0.1335456222295761,0.02493269369006157,0.0017682984471321106,0.7864633798599243,0.0014443363761529326
img.00002275,0.021216217428445816,0.8863641619682312,0.017111029475927353,0.007941505871713161,0.010727916844189167,0.009874475188553333,0.02667991630733013,0.020084694027900696
img.00005827,0.10934760421514511,0.05894608050584793,0.01957119069993496,0.00390779459849,0.02711404673755169,0.21599824726581573,0.3272596299648285,0.23785537481307983
img.00000742,0.013901811093091965,0.003648314857855439,0.0012531937099993229,0.005691800732165575,0.012132784351706505,0.0014254343695938587,0.9553313851356506,0.0066153076477348804
img.00002296,0.0005759986815974116,4.674813317251392e-05,3.698822547448799e-05,4.404469655128196e-05,0.001973058097064495,0.005385043565183878,0.984673261642456,0.007264839950948954
img.00007946,0.03337240591645241,0.11232217401266098,0.5700241327285767,0.13697083294391632,0.009992211125791073,0.0012023447779938579,0.004567057825624943,0.13154883682727814
img.00003236,0.005965015385299921,0.004312352277338505,0.0024950995575636625,0.0012590232072398067,0.019663047045469284,0.017873752862215042,0.8381063342094421,0.1103254109621048
img.00007757,0.004053202923387289,0.2748945355415344,0.006823193281888962,0.0021729697473347187,0.6705684065818787,0.008395620621740818,0.030829617753624916,0.0022624798584729433
img.00004169,0.12608109414577484,0.19704608619213104,0.19006982445716858,0.010237555019557476,0.11101101338863373,0.0304024089127779,0.19442488253116608,0.14072714745998383
img.00003411,0.007724585477262735,0.002253902144730091,0.0010271756909787655,0.013596032746136189,0.2512637674808502,0.00668573472648859,0.5368359684944153,0.18061283230781555
img.00003582,0.20543105900287628,0.004986579064279795,0.0014081525150686502,0.029695885255932808,0.03515033796429634,0.0015221642097458243,0.7159066796302795,0.005899106152355671
img.00006782,0.02633707970380783,0.009767284616827965,0.001528789522126317,0.003538611577823758,0.010449263267219067,0.016781916841864586,0.7985267639160156,0.13307034969329834
img.00003510,0.01610652357339859,0.0025606907438486814,0.0007468216936104,0.006443665828555822,0.009562024846673012,0.004917046520859003,0.9589961767196655,0.0006669835420325398
img.00006584,0.2814205586910248,0.15662497282028198,0.021688295528292656,0.002171383472159505,0.21038496494293213,0.08230185508728027,0.2350725680589676,0.010335446335375309
img.00003680,0.08108465373516083,0.02474289946258068,0.005119631998240948,0.03052307665348053,0.008280791342258453,0.004043571185320616,0.8273072242736816,0.0188981331884861
img.00008012,0.17804400622844696,0.3465547263622284,0.00742556294426322,0.03573082387447357,0.30138257145881653,0.01918705366551876,0.07466430962085724,0.037010952830314636
img.00006755,0.4520319402217865,0.07970502972602844,0.08521438390016556,0.17045848071575165,0.04447021335363388,0.08090753108263016,0.038372885435819626,0.04883958771824837
img.00000139,0.012920534238219261,0.0016979065258055925,0.0011576126562431455,0.003599337302148342,0.004793250467628241,0.0025371203664690256,0.9492718577384949,0.02402234822511673
img.00008084,0.5183224081993103,0.06122852861881256,0.14196710288524628,0.14617207646369934,0.014762673527002335,0.07832780480384827,0.007061928045004606,0.03215744346380234
img.00002079,0.02048363909125328,0.09173277765512466,0.02418823167681694,0.020181961357593536,0.3505355417728424,0.0077454764395952225,0.4520762860774994,0.03305617347359657
img.00006709,0.00027843276620842516,0.00014218596334103495,2.205711462011095e-05,0.00011701766197802499,0.0005654860869981349,0.008195649832487106,0.9905735850334167,0.00010551017476245761
img.00006128,0.03835359588265419,0.002283011330291629,0.0004006012750323862,0.003939685877412558,0.027970431372523308,0.004327467642724514,0.9170200824737549,0.005705060437321663
img.00001734,0.03149585798382759,0.04349057003855705,0.04392607882618904,0.006000570021569729,0.0037968356627970934,0.0048509868793189526,0.6238588094711304,0.24258030951023102
img.00005310,0.0862710177898407,0.035199400037527084,0.011505352333188057,0.02209010161459446,0.3785429298877716,0.006146828178316355,0.3841692805290222,0.07607512921094894
img.00007595,0.00014720471517648548,0.00027182899066247046,1.5065698789840098e-05,5.250562753644772e-05,0.0011376829352229834,0.0001094839462894015,0.9977644681930542,0.0005017201183363795
img.00006954,0.008364231325685978,0.014121221378445625,0.0033512806985527277,0.017692847177386284,0.06737151741981506,0.019588520750403404,0.7240265011787415,0.14548392593860626
img.00007200,0.058028992265462875,0.18989770114421844,0.24237900972366333,0.3348243534564972,0.10269096493721008,0.002930799499154091,0.008223645389080048,0.06102441996335983
img.00001614,0.31799229979515076,0.0783541351556778,0.2227390706539154,0.11700787395238876,0.08303719013929367,0.014054388739168644,0.1310497373342514,0.0357651449739933
img.00002508,0.12829507887363434,0.020968444645404816,0.022404959425330162,0.6262236833572388,0.12305743247270584,0.00203360035084188,0.030757643282413483,0.04625915363430977
img.00004523,0.2117212563753128,0.022421738132834435,0.021899614483118057,0.5356512665748596,0.027097180485725403,0.03207306191325188,0.08964543044567108,0.059490542858839035
img.00000505,0.005094368476420641,0.7431812882423401,0.010962039232254028,0.005467419512569904,0.03218517452478409,0.06704773008823395,0.132212832570076,0.0038490965962409973
img.00004428,0.015517404302954674,0.0023402832448482513,0.0011037844233214855,0.00237749214284122,0.05063491687178612,0.0060012489557266235,0.9145368933677673,0.007488020230084658
img.00000674,0.152436301112175,0.0331660658121109,0.5280979871749878,0.01858641766011715,0.030164645984768867,0.014633135870099068,0.026885729283094406,0.19602975249290466
img.00001541,0.0006632214062847197,0.0007550027221441269,0.0004502108204178512,0.0010410331888124347,0.026275847107172012,0.005239013582468033,0.9604529738426208,0.005122705828398466
img.00003436,0.8918482661247253,0.014457479119300842,0.03960660099983215,0.015739256516098976,0.001025700126774609,0.00047678773989900947,0.016291426494717598,0.02055438421666622
img.00001785,0.5909706354141235,0.19968725740909576,0.024397458881139755,0.05130145698785782,0.052845846861600876,0.01369418203830719,0.05713002756237984,0.009973186068236828
img.00006033,0.22563430666923523,0.011813141405582428,0.21407677233219147,0.12167558819055557,0.12336753308773041,0.10547740757465363,0.0732511430978775,0.12470407038927078
img.00000273,0.5749533772468567,0.01535111665725708,0.044686209410429,0.004756735637784004,0.012918592430651188,0.2192026823759079,0.12223009020090103,0.005901201628148556
img.00005326,0.017574314028024673,0.9022490382194519,0.0031238379888236523,0.0024945996701717377,0.00384719530120492,0.0011699916794896126,0.005642550066113472,0.06389850378036499
img.00007568,0.020848138257861137,0.9558694362640381,0.0065347482450306416,0.0017516535008326173,0.009069753810763359,0.00029985097353346646,0.0028921763878315687,0.0027342690154910088
img.00002693,0.18275542557239532,0.001301251002587378,0.02482282556593418,0.05247407406568527,0.048333339393138885,0.0018953765975311399,0.669769823551178,0.018647877499461174
img.00001063,0.7198185920715332,0.006073052063584328,0.0018801699625328183,0.028073113411664963,0.01112747099250555,0.002710813656449318,0.2214972823858261,0.008819536305963993
img.00002411,0.006267034448683262,0.026486895978450775,0.0012983243213966489,0.001156868296675384,0.008371219970285892,0.02633594535291195,0.6667696833610535,0.26331406831741333
img.00007538,0.08058077096939087,0.10600370913743973,0.11279129236936569,0.05117899551987648,0.07465857267379761,0.0078070820309221745,0.22930586338043213,0.33767372369766235
img.00006315,0.0465974435210228,0.008389756083488464,0.0058242944069206715,0.011561814695596695,0.34644973278045654,0.05498858913779259,0.5083946585655212,0.017793800681829453
img.00000554,0.09751412272453308,0.03679095581173897,0.036213502287864685,0.02392693981528282,0.5386945009231567,0.016602806746959686,0.014509163796901703,0.2357480376958847
img.00000409,0.09022290259599686,0.01688331924378872,0.03775181993842125,0.005092402454465628,0.03573742136359215,0.07607457786798477,0.6986125707626343,0.039624981582164764
img.00007950,0.25080808997154236,0.16021667420864105,0.20521125197410583,0.29630136489868164,0.021099092438817024,0.01624414324760437,0.029755212366580963,0.02036420628428459
img.00008632,0.8607032299041748,0.07747262716293335,0.008689267560839653,0.008561044931411743,0.0031966515816748142,0.0020676793064922094,0.025476930662989616,0.013832633383572102
img.00007697,0.01135773491114378,0.0017723474884405732,0.004656646400690079,0.018753711134195328,0.17187653481960297,0.003800053149461746,0.7564648985862732,0.031317997723817825
img.00000662,0.002624033484607935,0.9849534034729004,0.009920117445290089,0.0013166049029678106,0.0005291571142151952,8.489411266054958e-05,9.32648908928968e-05,0.0004785923520103097
img.00008657,0.00022590492153540254,0.0014189141802489758,0.0011657130671665072,8.815394539851695e-05,0.005010416731238365,0.012073878198862076,0.4569789469242096,0.5230380892753601
img.00006526,0.16626720130443573,0.12527437508106232,0.5736262202262878,0.04363736882805824,0.03674805536866188,0.01858603209257126,0.01445753499865532,0.021403182297945023
img.00000767,0.008342418819665909,0.003844602033495903,0.005174548365175724,0.0014788566622883081,0.019974829629063606,0.009747682139277458,0.9101549386978149,0.04128213971853256
img.00000795,0.052386268973350525,0.0112855713814497,0.0022679343819618225,0.03228707239031792,0.27139389514923096,0.05348334088921547,0.562743067741394,0.014152955263853073
img.00008726,0.2620294690132141,0.012152179144322872,0.002462622942402959,0.03298062086105347,0.05458121374249458,0.010543783195316792,0.6086825132369995,0.016567565500736237
img.00007319,0.7518256902694702,0.02636799030005932,0.10473231226205826,0.046172402799129486,0.002422112273052335,0.038631998002529144,0.009375834837555885,0.020471686497330666
img.00004696,0.5869491100311279,0.0124188382178545,0.0023516181390732527,0.004329563118517399,0.010290122590959072,0.04847077280282974,0.3338896334171295,0.001300313975661993
img.00001109,0.1625632643699646,0.05401042476296425,0.05321400240063667,0.04784358665347099,0.04593684896826744,0.1158740445971489,0.25588929653167725,0.26466861367225647
img.00004192,0.7156672477722168,0.012137897312641144,0.15595895051956177,0.006319226231426001,0.0033876418601721525,0.08019838482141495,0.012054267339408398,0.014276362024247646
img.00001207,0.3599523603916168,0.05426672473549843,0.007380511146038771,0.055006127804517746,0.008690978400409222,0.02736429125070572,0.48119592666625977,0.006143101956695318
img.00005873,0.35417571663856506,0.20491956174373627,0.018152888864278793,0.005447668954730034,0.04823850467801094,0.033795375376939774,0.28550928831100464,0.049761030822992325
img.00005407,0.009492171928286552,0.01505338866263628,0.0038160705007612705,0.0013013946590945125,0.3817586600780487,0.03399481996893883,0.5487783551216125,0.005805080756545067
img.00000485,0.05696013942360878,0.042460329830646515,0.027662226930260658,0.7293735146522522,0.043687403202056885,0.009190625511109829,0.06253552436828613,0.028130212798714638
img.00003518,0.026810096576809883,0.1362723559141159,0.044015638530254364,0.004292360972613096,0.09881991893053055,0.05393734201788902,0.46434736251831055,0.17150485515594482
img.00005494,0.015227239578962326,0.08494526147842407,0.035823043435811996,0.11438856273889542,0.42095762491226196,0.01733345538377762,0.08532696217298508,0.22599782049655914
img.00000288,0.21124699711799622,0.15655680000782013,0.1788288801908493,0.10113909840583801,0.11177121102809906,0.010462053120136261,0.02009168080985546,0.209903284907341
img.00007917,0.06661686301231384,0.008610038086771965,0.0042870226316154,0.8363615274429321,0.02499707043170929,0.006950214505195618,0.04226664826273918,0.00991069246083498
img.00001125,0.9604978561401367,0.0058900583535432816,0.006819918751716614,0.0031733450014144182,0.0015774831408634782,0.0028886510990560055,0.015498455613851547,0.003654272761195898
img.00003439,0.04427783936262131,0.09761758148670197,0.03196363523602486,0.00876032654196024,0.025854265317320824,0.312267541885376,0.4657271206378937,0.013531739823520184
img.00001361,0.15270251035690308,0.6570749878883362,0.1481998860836029,0.02308071032166481,0.0031121771316975355,0.0021285442635416985,0.008463454432785511,0.0052377767860889435
img.00005362,0.0031851495150476694,0.000877888931427151,0.0006288953591138124,0.00025346112670376897,0.0008245965000241995,0.00427456758916378,0.9807500243186951,0.009205467998981476
img.00007058,0.21736447513103485,0.048650722950696945,0.05869961529970169,0.040708284825086594,0.03656681999564171,0.49829742312431335,0.047864899039268494,0.05184768885374069
img.00007126,0.9486397504806519,0.0031169787980616093,0.006855503190308809,0.015055392868816853,0.0036675778683274984,0.005191856529563665,0.010695437900722027,0.006777391768991947
img.00007534,0.16227369010448456,0.011039076372981071,0.013216259889304638,0.005822488106787205,0.01449592038989067,0.04504280164837837,0.7392343282699585,0.00887544360011816
img.00004379,0.6261281967163086,0.059074368327856064,0.01941508986055851,0.04698207974433899,0.019414706155657768,0.07919741421937943,0.13163572549819946,0.018152441829442978
img.00006247,0.05778059735894203,0.5688425302505493,0.019107919186353683,0.005857833661139011,0.007537584751844406,0.01915118284523487,0.1705186516046524,0.15120366215705872
img.00001605,0.25037094950675964,0.5005494356155396,0.015396899543702602,0.004729192238301039,0.06137242168188095,0.014481909573078156,0.138051375746727,0.01504780538380146
img.00005947,0.16546863317489624,0.3075824975967407,0.23072940111160278,0.013436034321784973,0.16187819838523865,0.02712162397801876,0.06851360946893692,0.025269990786910057
img.00003257,0.01320502907037735,0.013474557548761368,0.0009647494298405945,0.0014842579839751124,0.10562150180339813,0.0029741565231233835,0.7967191934585571,0.06555657088756561
img.00000209,0.03894268348813057,0.01762860268354416,0.3181484341621399,0.010851685889065266,0.47479403018951416,0.01880485564470291,0.02314690686762333,0.09768278151750565
img.00000657,0.49721264839172363,0.015285030007362366,0.013237038627266884,0.005463760811835527,0.059029385447502136,0.2229326218366623,0.08645139634609222,0.1003880575299263
img.00006305,0.041414931416511536,0.2638656497001648,0.043351657688617706,0.07128419727087021,0.10674969851970673,0.011030532419681549,0.21803389489650726,0.24426938593387604
img.00008379,0.7334903478622437,0.004440052900463343,0.016012178733944893,0.020989691838622093,0.04546167328953743,0.0028595663607120514,0.16108983755111694,0.015656718984246254
img.00004518,0.18390272557735443,0.006655777804553509,0.003506201319396496,0.3219957947731018,0.033143650740385056,0.01997910439968109,0.42139673233032227,0.009420046582818031
img.00006874,0.010930359363555908,0.005414094775915146,0.005411289166659117,0.04149669036269188,0.8592537045478821,0.006383363623172045,0.05672042444348335,0.014390092343091965
img.00002018,0.39071714878082275,0.34258395433425903,0.019059928134083748,0.023143915459513664,0.006545558106154203,0.02415255643427372,0.17584742605686188,0.017949555069208145
img.00008536,0.0685335248708725,0.03909223899245262,0.16211126744747162,0.11891145259141922,0.018687866628170013,0.06357747316360474,0.1154705137014389,0.4136156141757965
img.00008506,0.2533884644508362,0.41254517436027527,0.07463059574365616,0.09050093591213226,0.009380209259688854,0.047024067491292953,0.08460783213376999,0.0279227364808321
img.00000781,0.08939588069915771,0.20509859919548035,0.12193173915147781,0.13676166534423828,0.05222603306174278,0.015412461012601852,0.18754184246063232,0.19163180887699127
img.00008641,0.246957466006279,0.27719324827194214,0.22649669647216797,0.029475411400198936,0.006704343017190695,0.004862532019615173,0.073500856757164,0.13480955362319946
img.00004270,0.5364841818809509,0.01824631541967392,0.14825935661792755,0.018324490636587143,0.00849471241235733,0.08329841494560242,0.15503984689712524,0.03185266628861427
img.00007756,0.05188174173235893,0.16431400179862976,0.09067676961421967,0.2375141680240631,0.13207851350307465,0.011910082772374153,0.1676991879940033,0.14392554759979248
img.00007788,0.07824289053678513,0.5128387212753296,0.2837779223918915,0.02053324691951275,0.04503415897488594,0.009310709312558174,0.02071325294673443,0.0295490100979805
img.00003497,0.18524432182312012,0.07697329670190811,0.1952412724494934,0.0726127102971077,0.06976859271526337,0.006313730496913195,0.31710878014564514,0.07673730701208115
img.00006461,0.9941655397415161,0.0010709778871387243,0.0007650689803995192,0.0031984425149858,2.7362320906831883e-05,0.00013494640006683767,0.0006118462770245969,2.5832850951701403e-05
img.00004497,0.019294504076242447,0.037578631192445755,0.05026739835739136,0.018197933211922646,0.06536275893449783,0.00705487048253417,0.038453273475170135,0.7637906670570374
img.00000837,0.19891388714313507,0.007795115001499653,0.17883868515491486,0.017863770946860313,0.03873218223452568,0.05806500092148781,0.3775578737258911,0.12223346531391144
img.00004186,0.8000615239143372,0.007654908578842878,0.16156259179115295,0.00819287821650505,0.0037402622401714325,0.00945805013179779,0.005681612528860569,0.0036481914576143026
img.00004022,0.004107296466827393,0.0017436501802876592,0.0020022911485284567,0.001994167221710086,0.562416136264801,0.06979494541883469,0.3401714265346527,0.017770035192370415
img.00000276,0.20487695932388306,0.02493235655128956,0.008963918313384056,0.0019985102117061615,0.004989852197468281,0.037478622049093246,0.7122878432273865,0.004471957683563232
img.00003139,0.015566431917250156,0.030250972136855125,0.0009817630052566528,0.0038732525426894426,0.004960879683494568,0.003992315381765366,0.9330106973648071,0.007363668642938137
img.00007799,0.334893137216568,0.034265510737895966,0.0015847637550905347,0.05609946697950363,0.3426274359226227,0.008474163711071014,0.21948941051959991,0.002566048176959157
img.00002636,0.03733808174729347,0.03585858270525932,0.06129834055900574,0.04517543688416481,0.018217122182250023,0.6968849897384644,0.06215553358197212,0.043072011321783066
img.00004990,0.6050316095352173,0.031577643007040024,0.1688176691532135,0.18582241237163544,0.001183350570499897,0.00020396090985741466,0.005576497409492731,0.0017867735587060452
img.00003433,0.6689023375511169,0.01295167114585638,0.0018280562944710255,0.04211439937353134,0.04002241790294647,0.07522214949131012,0.14488306641578674,0.014075915329158306
img.00008601,0.021693933755159378,0.003772127442061901,0.0078017013147473335,0.0011685583740472794,0.01621893234550953,0.65291428565979,0.2628723978996277,0.033558111637830734
img.00005774,0.26628801226615906,0.046782318502664566,0.005970102734863758,0.23129487037658691,0.1939839869737625,0.0062650893814861774,0.2386186718940735,0.010796905495226383
img.00001910,0.01973152346909046,0.007108455058187246,0.0015572053380310535,0.03732642903923988,0.06631241738796234,0.0029835181776434183,0.8508327603340149,0.014147654175758362
img.00006204,0.008989679627120495,0.040338724851608276,0.02472032606601715,0.06928976625204086,0.05014665797352791,0.01816590502858162,0.012067857198417187,0.7762809991836548
img.00007968,0.35312309861183167,0.012008147314190865,0.033137302845716476,0.024668779224157333,0.026940274983644485,0.0971989780664444,0.31476253271102905,0.13816091418266296
img.00004039,0.41332632303237915,0.007959487847983837,0.03736773505806923,0.5277435779571533,0.0017960519762709737,0.0016112783923745155,0.003386496100574732,0.006808965001255274
img.00006065,0.8994141221046448,0.0021295659244060516,0.011967246420681477,0.05787581950426102,0.0031560061033815145,0.004739284981042147,0.018076308071613312,0.0026416510809212923
img.00002547,0.18319514393806458,0.005987038370221853,0.016389068216085434,0.7706080675125122,0.006323198787868023,0.0015355279901996255,0.009842216968536377,0.006119850091636181
img.00007807,0.09194377809762955,0.06738880276679993,0.09534252434968948,0.014218446798622608,0.5957798361778259,0.023396791890263557,0.09484686702489853,0.01708298735320568
img.00005058,0.004421173594892025,0.9795253276824951,0.009286986663937569,0.001246894127689302,0.0006476662820205092,0.0003267155261710286,0.0009037313284352422,0.003641479881480336
img.00008611,0.0007738054264336824,0.0001728588540572673,8.63115128595382e-05,0.00023890902230050415,0.004137407056987286,0.008752386085689068,0.9845632910728455,0.0012751733884215355
img.00002657,0.17653372883796692,0.025262730196118355,0.01713251695036888,0.043609753251075745,0.009932826273143291,0.008424002677202225,0.7107599973678589,0.008344423957169056
img.00004620,0.09311716258525848,0.33657994866371155,0.08498167991638184,0.030080776661634445,0.01613895781338215,0.0321064256131649,0.12793464958667755,0.27906033396720886
img.00002452,0.044929083436727524,0.012619812041521072,0.17204733192920685,0.005642459262162447,0.2314043641090393,0.00447101891040802,0.4495820701122284,0.07930383831262589
img.00003052,0.02944108471274376,0.07912830263376236,0.011498977430164814,0.02766910009086132,0.7186405658721924,0.010614676401019096,0.026534540578722954,0.09647273272275925
img.00006269,0.06571691483259201,0.2959953844547272,0.027590814977884293,0.06248403340578079,0.01418420672416687,0.03938675299286842,0.11165986210107803,0.3829820156097412
img.00000884,0.03410617634654045,0.04647916927933693,0.057915784418582916,0.010631009936332703,0.29027289152145386,0.03680234029889107,0.3283936381340027,0.19539904594421387
img.00006308,0.0003097702865488827,0.00037334440276026726,0.002310624811798334,0.00032840087078511715,0.0039502643048763275,0.12489280849695206,0.5565354824066162,0.31129926443099976
img.00008755,0.5941920876502991,0.06148760765790939,0.012541843578219414,0.073118194937706,0.004479045979678631,0.009763515554368496,0.19941134750843048,0.04500628635287285
img.00006130,0.21804235875606537,0.1067059338092804,0.038884736597537994,0.0014338140608742833,0.003940224647521973,0.04559003934264183,0.4952467381954193,0.09015615284442902
img.00001851,0.0066101159900426865,0.020206768065690994,0.015073268674314022,0.006515413522720337,0.1661643385887146,0.18111445009708405,0.39098745584487915,0.21332810819149017
img.00008694,0.02548814006149769,0.006750004831701517,0.0009102921467274427,0.0015449440106749535,0.008672138676047325,0.32763728499412537,0.6280938386917114,0.0009032624075189233
img.00003954,0.05589448660612106,0.460847407579422,0.10752549767494202,0.08365444093942642,0.016891438513994217,0.005345954094082117,0.19062986969947815,0.07921092212200165
img.00000646,0.06994152069091797,0.10026154667139053,0.03955559805035591,0.059675417840480804,0.138604074716568,0.07781326770782471,0.38173121213912964,0.13241739571094513
img.00008030,0.0005920093390159309,0.001101446570828557,0.00013350529479794204,0.00043740271939896047,0.003801625454798341,0.008656276389956474,0.9843237996101379,0.000953978335019201
img.00001874,0.005304057151079178,0.005037616938352585,0.006022933404892683,0.007849304936826229,0.23549392819404602,0.06395485997200012,0.15144430100917816,0.5248929262161255
img.00008089,0.012430894188582897,0.00433117663487792,0.0013907038373872638,0.0010172991314902902,0.011404510587453842,0.018720628693699837,0.9021904468536377,0.048514362424612045
img.00003506,0.4828597903251648,0.028944170102477074,0.06543459743261337,0.22938667237758636,0.03386501222848892,0.0018154461868107319,0.1455494612455368,0.012144945561885834
img.00001941,0.2980233132839203,0.19225402176380157,0.017092393711209297,0.09442685544490814,0.20226377248764038,0.03987810015678406,0.1264762580394745,0.029585259035229683
img.00006753,0.04385003820061684,0.0009949629893526435,0.0007623969577252865,0.004944803658872843,0.022363560274243355,0.011091044172644615,0.914134681224823,0.0018585689831525087
img.00002236,0.46865662932395935,0.053265854716300964,0.056564535945653915,0.005073323845863342,0.0038999891839921474,0.08043468743562698,0.3118911683559418,0.02021377719938755
img.00003991,0.009248952381312847,0.0014317415188997984,0.01276316400617361,0.014110448770225048,0.06275913864374161,0.004078994505107403,0.8628177046775818,0.03278983756899834
img.00007827,0.1034199595451355,0.004171506967395544,0.0021338844671845436,0.0039274985902011395,0.014058202505111694,0.05633370950818062,0.6848719716072083,0.13108326494693756
img.00002260,0.7575786113739014,0.009768111631274223,0.12285194545984268,0.003120624925941229,0.017992988228797913,0.001139459083788097,0.08263272047042847,0.004915611818432808
img.00000695,0.1427101045846939,0.02775445021688938,0.017155803740024567,0.01175639033317566,0.028364060446619987,0.0030688829720020294,0.7556795477867126,0.01351078785955906
img.00006517,0.11133828014135361,0.01328776404261589,0.0035280240699648857,0.00518758874386549,0.01917010173201561,0.0021484768949449062,0.8287083506584167,0.016631484031677246
img.00002971,0.009925338439643383,0.016848936676979065,0.009821667335927486,0.003205561079084873,0.19253575801849365,0.10441678017377853,0.5776267647743225,0.08561909943819046
img.00002768,0.006704691331833601,0.0005413289181888103,0.00016960686480160803,0.002952920040115714,0.16653947532176971,0.005786197725683451,0.8167504072189331,0.0005553843220695853
img.00000333,0.15668733417987823,0.48352113366127014,0.12605784833431244,0.03594161197543144,0.008279177360236645,0.04395272210240364,0.07181467860937119,0.0737454742193222
img.00008018,0.010259835049510002,0.016644159331917763,0.0034751149360090494,0.0011400843504816294,0.0051613724790513515,0.009849140420556068,0.24320629239082336,0.7102640271186829
img.00006310,0.6639387011528015,0.04848461225628853,0.05398402363061905,0.11823837459087372,0.01016940362751484,0.003714723978191614,0.02725549414753914,0.07421465963125229
img.00000748,0.0038696499541401863,0.0012301469687372446,0.00022169278236106038,0.0029944973066449165,0.007671700790524483,0.0007110655424185097,0.9816182255744934,0.0016828938387334347
img.00006890,0.0016002050833776593,0.00039695051964372396,0.00013061059871688485,0.00010598766675684601,0.0008737989119254053,0.003739577019587159,0.9805951118469238,0.012557782232761383
img.00000070,0.04776968061923981,0.1150704175233841,0.01974923349916935,0.4663998484611511,0.27624115347862244,0.003511905437335372,0.042645785957574844,0.02861199341714382
img.00008150,0.27247196435928345,0.18134705722332,0.030147850513458252,0.06205958500504494,0.3158249258995056,0.004598509054630995,0.05283229053020477,0.08071780204772949
img.00007690,0.00048712745774537325,0.00654582679271698,0.00028774168458767235,7.734852988505736e-05,0.0018407830502837896,0.034739378839731216,0.9527652263641357,0.0032566296868026257
img.00002604,0.03152954950928688,0.12461350858211517,0.17653198540210724,0.07186371833086014,0.033343978226184845,0.042414598166942596,0.24900533258914948,0.2706972658634186
img.00005471,0.42282411456108093,0.5370216369628906,0.013851573690772057,0.0017986958846449852,0.005626693367958069,0.005207037553191185,0.0046080658212304115,0.009062235243618488
img.00007035,0.011079841293394566,0.9669140577316284,0.006582851056009531,0.0010094430763274431,0.0012285500997677445,0.0015035582473501563,0.005641923286020756,0.006039842031896114
img.00008244,0.09882670640945435,0.0033939804416149855,0.12243188917636871,0.1157139390707016,0.31602028012275696,0.14765103161334991,0.12017800658941269,0.07578416913747787
img.00004409,0.04078882187604904,0.0033539857249706984,0.0015521968016400933,0.019952910020947456,0.03675507754087448,0.006048853509128094,0.8726105093955994,0.018937600776553154
img.00006617,0.005190664436668158,0.0005443241097964346,0.0004503525560721755,0.0004906175308860838,0.01983867771923542,0.03608755022287369,0.9336894750595093,0.003708376782014966
img.00000425,0.09650018811225891,0.5208741426467896,0.08714091777801514,0.05778028070926666,0.07036393135786057,0.0582742914557457,0.04031995311379433,0.06874635070562363
img.00005652,0.0016761159058660269,0.9629467725753784,0.016271529719233513,0.004591460805386305,0.007781513035297394,0.0003320871910545975,0.0022360661532729864,0.0041643911972641945
img.00004575,0.9207338094711304,0.025567634031176567,0.023328667506575584,0.012276092544198036,0.000281668733805418,0.010760552249848843,0.003706791903823614,0.003344849683344364
img.00003676,0.0650322362780571,0.4659714996814728,0.008092576637864113,0.07001045346260071,0.01504889689385891,0.018819492310285568,0.3362013101577759,0.020823584869503975
img.00003730,0.011892134323716164,0.0016917047323659062,0.0004208842001389712,0.0087815560400486,0.09908624738454819,0.007343165576457977,0.8534285426139832,0.017355723306536674
img.00000402,0.006927959620952606,0.06880688667297363,0.0440845713019371,0.0013770201476290822,0.011926058679819107,0.005087199620902538,0.14097148180007935,0.7208189368247986
img.00001584,0.018674258142709732,0.033195316791534424,0.03249053284525871,0.010830502025783062,0.09290073812007904,0.005220023449510336,0.05739681050181389,0.7492917776107788
img.00006668,0.022745095193386078,0.0059006474912166595,0.0015298977959901094,0.0014313189312815666,0.02227407693862915,0.10002115368843079,0.8440551161766052,0.002042743843048811
img.00007194,0.002038620412349701,0.0022911778651177883,0.005547916982322931,0.006932476069778204,0.06551619619131088,0.058870211243629456,0.09714021533727646,0.7616631984710693
img.00002354,0.0009981582406908274,0.0009535188437439501,6.924811896169558e-05,0.00017373102309647948,0.02246270515024662,0.006280181929469109,0.9677734375,0.0012889758218079805
img.00007337,0.5484051704406738,0.004234811291098595,0.003392367158085108,0.007256559561938047,0.011497915722429752,0.1189674437046051,0.3045675754547119,0.0016782275633886456
img.00004636,0.0665663331747055,0.03676364943385124,0.007411138154566288,0.0014394245808944106,0.011728438548743725,0.025544503703713417,0.7592389583587646,0.09130755811929703
img.00004559,0.32620424032211304,0.19865988194942474,0.08524788916110992,0.21705292165279388,0.06593266874551773,0.04604252800345421,0.013085737824440002,0.047774165868759155
img.00003766,0.18173927068710327,0.2601234018802643,0.06500773876905441,0.12265637516975403,0.09903717041015625,0.06251071393489838,0.06222587451338768,0.14669951796531677
img.00008056,0.14137142896652222,0.13806837797164917,0.03677079454064369,0.00339838326908648,0.4222249388694763,0.0753311961889267,0.15100990235805511,0.0318249948322773
img.00001532,0.03285498544573784,0.07890932261943817,0.024994749575853348,0.003620152361690998,0.016473840922117233,0.03092517890036106,0.66913902759552,0.1430826485157013
img.00002352,0.08738113194704056,0.01446439977735281,0.004250796046108007,0.11169128865003586,0.041309110820293427,0.023219162598252296,0.7126494646072388,0.005034661386162043
img.00008734,0.1763129085302353,0.21641014516353607,0.26845240592956543,0.015258083119988441,0.014945516362786293,0.008360825479030609,0.10772883147001266,0.19253122806549072
img.00007588,0.0015178918838500977,0.0011709789978340268,0.00048745510866865516,0.0018015666864812374,0.0024456402752548456,0.0008679175516590476,0.989894688129425,0.001813813578337431
img.00008602,0.3340417742729187,0.4272156357765198,0.03280871734023094,0.02445133589208126,0.0455855093896389,0.04571439325809479,0.04393858462572098,0.046243999153375626
img.00004752,0.046318911015987396,0.027482934296131134,0.05650119110941887,0.0069014281034469604,0.005905131343752146,0.1577153503894806,0.03098420798778534,0.6681908369064331
img.00000998,0.07371117174625397,0.015615890733897686,0.005094507709145546,0.842272162437439,0.03345805034041405,0.0012954274425283074,0.021984735503792763,0.006568144541233778
img.00006573,0.10466498881578445,0.27737197279930115,0.019491994753479958,0.01986643299460411,0.009136312641203403,0.1844480335712433,0.3402683436870575,0.04475199058651924
img.00006611,0.15136022865772247,0.20716243982315063,0.19626373052597046,0.11660512536764145,0.05963195487856865,0.005094024818390608,0.043375447392463684,0.22050704061985016
img.00000527,0.11369509994983673,0.025036346167325974,0.09813302755355835,0.19429603219032288,0.11561431735754013,0.022287115454673767,0.037500713020563126,0.3934374153614044
img.00007994,0.2533103823661804,0.028263531625270844,0.6844367384910583,0.004879171960055828,0.004253486171364784,0.0019858572632074356,0.017354421317577362,0.005516381002962589
img.00006932,0.7442448139190674,0.011342935264110565,0.07188263535499573,0.030845725908875465,0.022517099976539612,0.04920945689082146,0.04325767606496811,0.026699665933847427
img.00008068,0.03609704598784447,0.0019185779383406043,0.0002948795154225081,0.02107524499297142,0.0649336576461792,0.006870655808597803,0.8637604117393494,0.00504949688911438
img.00002375,0.06611199676990509,0.04971206560730934,0.09354661405086517,0.010249893181025982,0.0212115291506052,0.1944524198770523,0.3589676320552826,0.20574796199798584
img.00004374,0.7067317962646484,0.031769536435604095,0.008987005800008774,0.02879662811756134,0.1629801243543625,0.01522389892488718,0.040889013558626175,0.0046220505610108376
img.00005806,0.0392848402261734,0.15250606834888458,0.18168151378631592,0.010889786295592785,0.10525688529014587,0.019952988252043724,0.07898033410310745,0.4114476144313812
img.00007659,0.1566561907529831,0.019239578396081924,0.012140443548560143,0.02173622138798237,0.4643746316432953,0.0029722892213612795,0.2874494194984436,0.03543125465512276
img.00001343,0.04753897711634636,0.9318538308143616,0.004564892966300249,0.005255292169749737,0.002096327254548669,0.0012122195912525058,0.0013939633499830961,0.006084602791815996
img.00005220,0.042323194444179535,0.0214233435690403,0.2407684177160263,0.0225057452917099,0.40388408303260803,0.0022077832836657763,0.05793121084570885,0.20895618200302124
img.00004581,0.050693318247795105,0.06998816132545471,0.06378916651010513,0.030402561649680138,0.1983230859041214,0.010425407439470291,0.14282894134521484,0.4335493743419647
img.00007818,0.004525970667600632,0.00958055816590786,0.004336218349635601,0.002113698050379753,0.054292529821395874,0.0007435836596414447,0.665156364440918,0.2592511773109436
img.00007391,0.6770514249801636,0.028232289478182793,0.0049238973297178745,0.019308537244796753,0.08517669886350632,0.08580601215362549,0.07007797807455063,0.02942315861582756
img.00005964,0.03280148655176163,0.08097214996814728,0.0027575118001550436,0.0017505260184407234,0.005387820769101381,0.016501091420650482,0.7674083113670349,0.0924210324883461
img.00000823,0.052518315613269806,0.046468429267406464,0.458869993686676,0.05849374458193779,0.01958874985575676,0.015244382433593273,0.27383261919021606,0.07498374581336975
img.00006249,0.15018142759799957,0.11524656414985657,0.185243621468544,0.21975602209568024,0.20783402025699615,0.0038885222747921944,0.014983514323830605,0.10286635160446167
img.00002534,0.0084972083568573,0.010087802074849606,0.0005866319988854229,0.0013401663163676858,0.005900799762457609,0.0036266441456973553,0.965604305267334,0.004356492776423693
img.00006554,0.028885459527373314,0.01802007295191288,0.05285682901740074,0.09152932465076447,0.03499940037727356,0.045209914445877075,0.3638910949230194,0.36460787057876587
img.00000636,0.3112008571624756,0.2881051003932953,0.005283179227262735,0.027301615104079247,0.004778624977916479,0.005377050489187241,0.28234994411468506,0.07560360431671143
img.00004011,0.9308262467384338,0.028751110658049583,0.006415259558707476,0.007827682420611382,0.00163794937543571,0.00317575060762465,0.017692988738417625,0.003672995138913393
img.00007488,0.02726423367857933,0.03463313728570938,0.004262738861143589,0.0023147130850702524,0.01018703542649746,0.029820891097187996,0.7918021082878113,0.09971508383750916
img.00001599,0.4559721350669861,0.0666683167219162,0.2604452669620514,0.0522223524749279,0.028737245127558708,0.07626086473464966,0.030204642564058304,0.029489129781723022
img.00006415,0.48518404364585876,0.0300833061337471,0.007287459447979927,0.04638848826289177,0.020908262580633163,0.027348583564162254,0.34994468092918396,0.032855164259672165
img.00003214,0.40195485949516296,0.10140777379274368,0.011756261810660362,0.012731850147247314,0.020133744925260544,0.034884702414274216,0.3019702434539795,0.11516060680150986
img.00006104,0.13279195129871368,0.04180361330509186,0.07158788293600082,0.022523898631334305,0.09531839191913605,0.0519135482609272,0.17548468708992004,0.40857595205307007
img.00007559,0.0015886222245171666,0.02899622544646263,0.015106705948710442,0.00046290550380945206,0.002476656110957265,0.0029314635321497917,0.012574853375554085,0.9358626008033752
img.00002516,0.10477183759212494,0.03792478144168854,0.021589558571577072,0.10918192565441132,0.0549800843000412,0.0061151571571826935,0.41081973910331726,0.25461694598197937
img.00008514,0.052806053310632706,0.7167800068855286,0.09101080149412155,0.06791893392801285,0.009933649562299252,0.005407701712101698,0.030180076137185097,0.025962848216295242
img.00006776,0.0330418199300766,0.005572931375354528,0.01041885744780302,0.001380503992550075,0.006463763769716024,0.054753389209508896,0.8445377945899963,0.0438309870660305
img.00005725,0.00830862857401371,0.0007065943791531026,0.0005679979803971946,0.006378862541168928,0.042151305824518204,0.007678595371544361,0.9159778952598572,0.018230050802230835
img.00003982,0.5898821353912354,0.05332949012517929,0.12512865662574768,0.04585758596658707,0.014425206929445267,0.0006913092802278697,0.14748580753803253,0.02319980598986149
img.00007888,0.2113257348537445,0.1504434198141098,0.0865115374326706,0.2840428948402405,0.11344779282808304,0.010891188867390156,0.06133056804537773,0.08200680464506149
img.00002393,0.8413090705871582,0.03520487621426582,0.011262962594628334,0.027919946238398552,0.0030417570378631353,0.03427933529019356,0.04089847207069397,0.006083574611693621
img.00002071,0.8314716815948486,0.0051626162603497505,0.09052474051713943,0.0008915740181691945,0.0006309142336249352,0.010755779221653938,0.054790377616882324,0.005772302858531475
img.00005051,0.240494504570961,0.011074590496718884,0.03159913420677185,0.06599070876836777,0.23062819242477417,0.03057064861059189,0.25970619916915894,0.12993600964546204
img.00000303,0.04009721428155899,0.12838658690452576,0.10200046002864838,0.10927941650152206,0.06117117404937744,0.016023334115743637,0.3681798577308655,0.17486193776130676
img.00003852,0.11731350421905518,0.05402608588337898,0.004496200010180473,0.0032988819293677807,0.0037464259658008814,0.2646518051624298,0.5448006391525269,0.007666393648833036
img.00007056,0.0023591036442667246,0.0011300939368084073,0.0008984937448985875,0.0008656400605104864,0.01611732691526413,0.002156604081392288,0.9699694514274597,0.006503337062895298
img.00005783,0.0034491615369915962,0.010177734307944775,0.0011702636256814003,0.0013158832443878055,0.04783657565712929,0.019809488207101822,0.8115241527557373,0.10471677035093307
img.00002372,0.02663814276456833,0.007013296242803335,0.0037557731848210096,0.05513244867324829,0.8090072870254517,0.0038425805978477,0.07815723866224289,0.0164532158523798
img.00002221,0.019030442461371422,0.015668150037527084,0.07562875002622604,0.04534781351685524,0.034672513604164124,0.26787683367729187,0.03127731382846832,0.5104981660842896
img.00004076,0.038604218512773514,0.007253518793731928,0.014592012390494347,0.010678116232156754,0.017582733184099197,0.0419413186609745,0.8489415645599365,0.020406486466526985
img.00003570,0.07917934656143188,0.09857867658138275,0.3644424080848694,0.2499045729637146,0.062306441366672516,0.0028135294560343027,0.059723205864429474,0.08305183798074722
img.00005896,0.006778238341212273,0.002386293839663267,0.0013178868684917688,0.004578953608870506,0.06931255012750626,0.002139562973752618,0.8567197918891907,0.056766703724861145
img.00008670,0.45111340284347534,0.31907302141189575,0.02410971000790596,0.019574562087655067,0.0039993575774133205,0.029661353677511215,0.0721227377653122,0.08034587651491165
img.00003521,0.7489833235740662,0.1696186363697052,0.00547598535194993,0.004858148749917746,0.005960477516055107,0.0029071730095893145,0.058437615633010864,0.0037586253602057695
img.00002239,0.2638711929321289,0.025767609477043152,0.018420564010739326,0.012446239590644836,0.01092581171542406,0.03299914300441742,0.5717838406562805,0.06378555297851562
img.00002127,0.03241835907101631,0.052254848182201385,0.04600462689995766,0.01869034580886364,0.02849406935274601,0.014963160268962383,0.46254420280456543,0.3446304500102997
img.00007903,0.005252643954008818,0.0011719416361302137,0.001244646031409502,0.0005129011697135866,0.006639694795012474,0.01102512888610363,0.9249941110610962,0.04915891960263252
img.00004791,0.020004114136099815,0.007023019716143608,0.0015462583396583796,0.005782986991107464,0.522341251373291,0.015240435488522053,0.4221784472465515,0.005883434787392616
img.00006811,0.023701660335063934,0.013178564608097076,0.03467012941837311,0.019608108326792717,0.07459109276533127,0.02468835934996605,0.6621032357215881,0.14745879173278809
img.00008131,0.02883218415081501,0.024206047877669334,0.0047841365449130535,0.0013094109017401934,0.008698683232069016,0.04438687860965729,0.7560928463935852,0.13168993592262268
img.00004101,0.023251090198755264,0.03584428131580353,0.005758714396506548,0.002771815750747919,0.8595251441001892,0.030918359756469727,0.03890710696578026,0.003023476107046008
img.00007208,0.15582023561000824,0.006885820999741554,0.02145041897892952,0.07679618895053864,0.03696824237704277,0.07797136157751083,0.5885650515556335,0.03554274141788483
img.00004952,0.010326726362109184,0.0027043907903134823,0.00017936943913809955,0.002731257351115346,0.030113287270069122,0.0032653240486979485,0.9468834400177002,0.00379628106020391
img.00005379,0.003653760300949216,0.008314100094139576,0.010768391191959381,0.004453333560377359,0.002234778366982937,0.005298353265970945,0.3304593861103058,0.634817898273468
img.00008593,0.8820992112159729,0.004545398987829685,0.005627174396067858,0.006020816974341869,0.005207555368542671,0.01755860447883606,0.07730875164270401,0.0016325420001521707
img.00005294,0.06918194144964218,0.0010772505775094032,0.0002629375958349556,0.004989455454051495,0.008438492193818092,0.0069381180219352245,0.9061715602874756,0.0029401606880128384
img.00001921,0.010267858393490314,0.005406714044511318,0.003368279431015253,0.004291692283004522,0.050053905695676804,0.014686834067106247,0.7825116515159607,0.12941300868988037
img.00006243,0.07960540056228638,0.3834756016731262,0.0635196790099144,0.009004179388284683,0.006587380077689886,0.014208238571882248,0.3151422441005707,0.1284572333097458
img.00001078,0.2044053077697754,0.11356011778116226,0.18130157887935638,0.02975209429860115,0.13427355885505676,0.1347278356552124,0.15829259157180786,0.04368695244193077
img.00000794,0.04521094262599945,0.053851641714572906,0.09001050889492035,0.236587792634964,0.10377207398414612,0.007685464806854725,0.24300509691238403,0.21987642347812653
img.00001792,0.007839941419661045,0.007461526431143284,0.0008386067929677665,0.003910464700311422,0.0899728313088417,0.009749742224812508,0.8587918877601624,0.021434996277093887
img.00003663,0.4167742133140564,0.17999954521656036,0.011951285414397717,0.0023046790156513453,0.013107873499393463,0.0948079526424408,0.22645659744739532,0.05459792912006378
img.00002461,0.029237328097224236,0.5846450924873352,0.017973000183701515,0.0031083712819963694,0.007018939591944218,0.012995590455830097,0.09318967908620834,0.251831978559494
img.00000563,0.264961838722229,0.0011307072127237916,0.0005953472573310137,0.020055295899510384,0.037724971771240234,0.046117741614580154,0.6236559748649597,0.0057580918073654175
img.00007392,0.5632181167602539,0.011029176414012909,0.010407533496618271,0.024533066898584366,0.05759599059820175,0.29102128744125366,0.025553246960043907,0.01664160005748272
img.00006210,0.3357599377632141,0.09065831452608109,0.3751145303249359,0.013851377181708813,0.0026167663745582104,0.0789790078997612,0.042572688311338425,0.06044744700193405
img.00003125,0.019709225744009018,0.0020035766065120697,0.0005816295160911977,0.003175250254571438,0.018226858228445053,0.004459789488464594,0.9300918579101562,0.02175186760723591
img.00000493,0.05854853615164757,0.19794988632202148,0.05600133165717125,0.013890249654650688,0.299800306558609,0.017075203359127045,0.2844312787055969,0.07230321317911148
img.00002177,0.1328888237476349,0.02541438862681389,0.01108854915946722,0.027141986414790154,0.34334906935691833,0.009877712465822697,0.3287404179573059,0.12149906158447266
img.00005459,0.21311084926128387,0.15787124633789062,0.10628439486026764,0.023118259385228157,0.01689557172358036,0.42079654335975647,0.0368768684566021,0.02504625916481018
img.00002444,0.11487683653831482,0.007823790423572063,0.009562934748828411,0.007132973056286573,0.7210223078727722,0.026439527049660683,0.062081437557935715,0.05106019601225853
img.00000511,0.1733555793762207,0.03539162874221802,0.017400313168764114,0.18158607184886932,0.06608299911022186,0.0078640878200531,0.502632737159729,0.01568651758134365
img.00002419,0.003866232465952635,0.0009278174256905913,0.0002115428651450202,0.0008402693783864379,0.10934776067733765,0.001284763915464282,0.8824948072433472,0.0010267274919897318
img.00005897,0.11127784103155136,0.04278725013136864,0.05589964613318443,0.059162694960832596,0.3032620847225189,0.09736476838588715,0.15508918464183807,0.1751565933227539
img.00008121,0.0010737234260886908,0.0004907179973088205,0.0001836938172345981,0.0019009137758985162,0.006152480375021696,0.003316473215818405,0.9856194257736206,0.0012626349925994873
img.00002249,0.823576033115387,0.022987788543105125,0.024005521088838577,0.034779131412506104,0.01745172217488289,0.025204993784427643,0.020894140005111694,0.031100593507289886
img.00006424,0.061824116855859756,0.025138959288597107,0.07964102178812027,0.025547446683049202,0.02932213991880417,0.040973808616399765,0.11062709987163544,0.6269254088401794
img.00007078,0.29299724102020264,0.026971418410539627,0.05263673514127731,0.08632075041532516,0.04405086860060692,0.22712184488773346,0.2104223370552063,0.05947880074381828
img.00006729,0.020682232454419136,0.009538880549371243,0.007347962819039822,0.014931119978427887,0.48819461464881897,0.006422890350222588,0.2388565093278885,0.2140258401632309
img.00002556,0.011906160041689873,0.003621100215241313,0.0007445698138326406,0.0028593852184712887,0.01653403230011463,0.0038921546656638384,0.9557111859321594,0.004731469321995974
img.00000270,0.011646625585854053,0.003193318611010909,0.0033512574154883623,0.005504598841071129,0.23701830208301544,0.0020736106671392918,0.62619948387146,0.1110127791762352
img.00005803,0.28815528750419617,0.02500772289931774,0.00806619506329298,0.027031609788537025,0.013869432732462883,0.11786474287509918,0.48808303475379944,0.03192206472158432
img.00002212,0.23984499275684357,0.01727122627198696,0.007095323409885168,0.05768054351210594,0.010170994326472282,0.07440898567438126,0.5636040568351746,0.029923921450972557
img.00008445,0.10907570272684097,0.0024796444922685623,0.00559309683740139,0.0028353019151836634,0.001832760637626052,0.007270475383847952,0.8692206740379333,0.0016923629445955157
img.00002543,0.23009346425533295,0.10970936715602875,0.12724821269512177,0.2579679489135742,0.025551343336701393,0.009726190939545631,0.0988348126411438,0.14086872339248657
img.00006669,0.84418785572052,0.009108155034482479,0.010627339594066143,0.11318220943212509,0.0021951638627797365,0.00688655860722065,0.006319771520793438,0.007492853794246912
img.00002174,0.14953117072582245,0.011062762700021267,0.0051678018644452095,0.028630753979086876,0.2505686581134796,0.003359765512868762,0.4807197153568268,0.07095936685800552
img.00005624,0.001830470864661038,0.0010030526900663972,0.00012952586985193193,5.713229620596394e-05,0.004521011374890804,0.0022153116296976805,0.9858659505844116,0.004377628676593304
img.00008333,0.050214994698762894,0.3261684775352478,0.009418861009180546,0.0017953809583559632,0.009196282364428043,0.005527217872440815,0.5838471055030823,0.013831757009029388
img.00000235,0.013720473274588585,0.0021453211084008217,0.0007907277904450893,0.006657036487013102,0.004244963638484478,0.002382427453994751,0.968268096446991,0.0017910039750859141
img.00006133,0.8199030756950378,0.004230299033224583,0.053186800330877304,0.003911497537046671,0.010755053721368313,0.03927803039550781,0.050696149468421936,0.018039148300886154
img.00008553,0.8256313800811768,0.06479201465845108,0.017121849581599236,0.018510984256863594,0.005092694889754057,0.032635703682899475,0.024784021079540253,0.011431381106376648
img.00003421,0.045267362147569656,0.15980657935142517,0.01425313949584961,0.08144731819629669,0.05608748644590378,0.057651303708553314,0.49334704875946045,0.09213973581790924
img.00003546,0.0029462429229170084,0.0006441270234063268,0.0007092147716321051,0.0010071874130517244,0.0182371623814106,0.0064742593094706535,0.9616541266441345,0.008327622897922993
img.00004197,0.021312983706593513,0.06797315180301666,0.04931782931089401,0.05378579720854759,0.49407249689102173,0.04227134585380554,0.07876960933208466,0.1924968808889389
img.00003389,0.07840602099895477,0.008756430819630623,0.004854906816035509,0.003972283564507961,0.03426993265748024,0.040362678468227386,0.5587806701660156,0.27059701085090637
img.00004281,0.02978956140577793,0.06384899467229843,0.07703536748886108,0.01067310944199562,0.768521785736084,0.0024184687063097954,0.011223886162042618,0.03648883104324341
img.00005850,0.31304624676704407,0.08763548731803894,0.18618780374526978,0.05170302465558052,0.09365766495466232,0.1594926416873932,0.033268578350543976,0.07500851154327393
img.00002574,0.18149910867214203,0.39653339982032776,0.09762100130319595,0.10548698157072067,0.04892503097653389,0.02371128462255001,0.05179223418235779,0.09443091601133347
img.00002107,0.17628397047519684,0.1685701459646225,0.08679421246051788,0.04641912505030632,0.015108823776245117,0.008880541659891605,0.10635004937648773,0.3915930688381195
img.00003565,0.015141707845032215,0.01019271183758974,0.0054540070705115795,0.014391480945050716,0.01177938561886549,0.005653649102896452,0.9084561467170715,0.028930820524692535
img.00008254,0.5185275673866272,0.2110990434885025,0.00965287908911705,0.04103580862283707,0.007297522388398647,0.005534933414310217,0.1734449416399002,0.0334073081612587
img.00007942,0.009167649783194065,0.05095120891928673,0.0027299602515995502,0.0035676585976034403,0.6605685949325562,0.0169077031314373,0.13409923017024994,0.12200795114040375
img.00001589,0.11368445307016373,0.12679482996463776,0.2228027582168579,0.3336648643016815,0.09136148542165756,0.01887276954948902,0.019108561798930168,0.07371031492948532
img.00001358,0.5740529894828796,0.18239694833755493,0.007909436710178852,0.009385619312524796,0.0034701982513070107,0.011157236993312836,0.1722421497106552,0.039385341107845306
img.00005267,0.5430017113685608,0.027017883956432343,0.021316321566700935,0.028466125950217247,0.02577880769968033,0.017592113465070724,0.3138338625431061,0.02299315296113491
img.00007912,0.732680082321167,0.005748521536588669,0.0010910744313150644,0.016729028895497322,0.03139837831258774,0.0028854168485850096,0.20776762068271637,0.0016998409992083907
img.00001766,0.46616700291633606,0.01804395765066147,0.010691789910197258,0.0042996578849852085,0.004808482248336077,0.06637949496507645,0.36902254819869995,0.060587093234062195
img.00003595,0.8864020109176636,0.006283720955252647,0.007628738880157471,0.023544849827885628,0.009743827395141125,0.019140198826789856,0.04353150352835655,0.0037251992616802454
img.00008009,0.00750176515430212,0.008517480455338955,0.0012393150245770812,0.0016329381614923477,0.021331124007701874,0.007230446208268404,0.8887174725532532,0.06382935494184494
img.00001501,0.04394863173365593,0.009470246732234955,0.00258655590005219,0.0014981577405706048,0.2324913591146469,0.036936283111572266,0.6413147449493408,0.03175399824976921
img.00002830,0.027460262179374695,0.025424720719456673,0.009260931983590126,0.018234239891171455,0.006552654784172773,0.22119277715682983,0.49676868319511414,0.19510571658611298
img.00005649,0.3297002911567688,0.016703199595212936,0.010071181692183018,0.11530463397502899,0.018314965069293976,0.006732394453138113,0.49293291568756104,0.010240443050861359
img.00001586,0.017780767753720284,0.016918769106268883,0.015300407074391842,0.05290381982922554,0.27058327198028564,0.005154453217983246,0.5768845081329346,0.044473931193351746
img.00000931,0.11843978613615036,0.013466048054397106,0.0018254980677738786,0.00751739414408803,0.019016383215785027,0.03556092455983162,0.8005098700523376,0.0036640295293182135
img.00001348,0.02955591306090355,0.002397228730842471,0.0011513816425576806,0.0006184562225826085,0.002030634554103017,0.006352305877953768,0.9435995817184448,0.014294460415840149
img.00001114,0.01264562364667654,0.3465909957885742,0.03329477831721306,0.12343870103359222,0.2067408561706543,0.005394494626671076,0.23886603116989136,0.03302847966551781
img.00005233,0.7576910257339478,0.009821566753089428,0.17770764231681824,0.008050769567489624,0.003068322315812111,0.009721048176288605,0.028489969670772552,0.005449675489217043
img.00000317,0.0007560633239336312,0.001441478612832725,0.004321448504924774,0.0006461151642724872,0.06748297065496445,0.007760476320981979,0.06616266071796417,0.8514288067817688
img.00006569,0.01859578862786293,0.01631133258342743,0.0031872692052274942,0.001403219299390912,0.774666428565979,0.052046846598386765,0.1296967715024948,0.004092242103070021
img.00001992,0.1864445060491562,0.021658485755324364,0.005263237748295069,0.006877310574054718,0.02526230178773403,0.058295831084251404,0.6922993063926697,0.003898969851434231
img.00008777,0.01864178106188774,0.015165685676038265,0.0012993237469345331,0.001934293657541275,0.01800422929227352,0.06534862518310547,0.8709723353385925,0.008633792400360107
img.00008455,0.6789630055427551,0.29475823044776917,0.016196969896554947,0.0016421176260337234,0.0013152685714885592,0.000638372846879065,0.0020847050473093987,0.004401392303407192
img.00004453,0.10917515307664871,0.009947584941983223,0.005648984108120203,0.028431221842765808,0.020237866789102554,0.007229620590806007,0.8055117130279541,0.013817724771797657
img.00007441,0.4687219560146332,0.004093741066753864,0.005588678643107414,0.43590712547302246,0.020356440916657448,0.002365075284615159,0.06173355504870415,0.0012335488572716713
img.00007647,0.7604238986968994,0.06044502928853035,0.016588201746344566,0.04405444860458374,0.011105223558843136,0.026759391650557518,0.07047353684902191,0.010150269605219364
img.00004096,0.22876568138599396,0.043554969131946564,0.00767377857118845,0.04181456193327904,0.043796561658382416,0.19074326753616333,0.4090668559074402,0.03458433970808983
img.00006638,0.005357121117413044,0.003933504223823547,0.0017247383948415518,0.007963811047375202,0.2501431107521057,0.033243365585803986,0.23688048124313354,0.460753858089447
img.00002650,0.037662338465452194,0.004558278247714043,0.01583217829465866,0.006090216804295778,0.004671165719628334,0.0026991611812263727,0.9182107448577881,0.010275903157889843
img.00001631,0.03606059402227402,0.021743973717093468,0.012085058726370335,0.004783568438142538,0.029674042016267776,0.07809564471244812,0.7886696457862854,0.028887497261166573
img.00007722,0.33798912167549133,0.04596272483468056,0.14521847665309906,0.050135087221860886,0.01086985319852829,0.12014924734830856,0.17849966883659363,0.1111757755279541
img.00006717,0.012460513040423393,0.0020741461776196957,0.004051420837640762,0.009638762101531029,0.03487101569771767,0.009334184229373932,0.8853827714920044,0.04218721389770508
img.00008168,0.2892756760120392,0.1534413844347,0.06142035126686096,0.009668302722275257,0.12749303877353668,0.017863279208540916,0.2996024787425995,0.041235506534576416
img.00008817,0.1750347763299942,0.01879386231303215,0.009128857403993607,0.0024521928280591965,0.00437761377543211,0.7089290618896484,0.07076184451580048,0.010521775111556053
img.00008880,0.9107875227928162,0.011905713006854057,0.019382771104574203,0.0023901336826384068,0.001979174092411995,0.03719286248087883,0.008639744482934475,0.0077220601961016655
img.00005378,0.10147961229085922,0.03397573158144951,0.01287101674824953,0.011036768555641174,0.0023592801298946142,0.028683139011263847,0.7108253836631775,0.09876906126737595
img.00000875,0.015411744825541973,0.3469972312450409,0.06147771328687668,0.012018846347928047,0.48115819692611694,0.00823342427611351,0.06088774651288986,0.013815117068588734
img.00004967,0.06634676456451416,0.5654517412185669,0.02997734025120735,0.004490821156650782,0.16057857871055603,0.025114823132753372,0.08893781155347824,0.0591021291911602
img.00006374,0.12609262764453888,0.09524264186620712,0.0069289496168494225,0.04105668142437935,0.6357306838035583,0.007029729895293713,0.052487924695014954,0.03543079271912575
img.00006351,0.18276290595531464,0.3290567100048065,0.029466142877936363,0.015450481325387955,0.02121061645448208,0.0273934043943882,0.23848700523376465,0.1561727374792099
img.00004589,0.04102322459220886,0.01244321558624506,0.0056771934032440186,0.0723184123635292,0.07360409200191498,0.00944409891963005,0.7553881406784058,0.030101656913757324
img.00001966,0.040452394634485245,0.7142853140830994,0.014922206290066242,0.04960775747895241,0.009911654517054558,0.008514896966516972,0.12703292071819305,0.035272859036922455
img.00005082,0.1897197663784027,0.004976118914783001,0.025387821719050407,0.0007298805867321789,0.006412488874047995,0.023319348692893982,0.6998265385627747,0.04962800443172455
img.00005324,0.808031439781189,0.015399141237139702,0.02235962264239788,0.07023164629936218,0.0062321885488927364,0.005147928837686777,0.06362644582986832,0.008971583098173141
img.00003716,0.7232333421707153,0.03995323181152344,0.07957183569669724,0.07249351590871811,0.014868473634123802,0.012768643908202648,0.02161523513495922,0.035495683550834656
img.00007013,0.09116527438163757,0.016852082684636116,0.02873595803976059,0.004204870667308569,0.01218117494136095,0.3421562612056732,0.4809359014034271,0.023768499493598938
img.00002827,0.6456762552261353,0.001664828509092331,0.004229947924613953,0.004965777974575758,0.0036001631524413824,0.046796947717666626,0.2890571057796478,0.00400895532220602
img.00002976,0.062141288071870804,0.08134172111749649,0.10880918800830841,0.14278751611709595,0.39452695846557617,0.023019522428512573,0.045216262340545654,0.14215753972530365
img.00000732,0.14732137322425842,0.055133648216724396,0.07643665373325348,0.003446240210905671,0.015286616049706936,0.49630236625671387,0.10673788189888,0.09933523833751678
img.00004850,0.6219583749771118,0.03744591400027275,0.04500388354063034,0.01258210651576519,0.06718931347131729,0.029466724023222923,0.16350793838500977,0.022845692932605743
img.00008837,0.5085078477859497,0.04275418072938919,0.07571824640035629,0.0076162563636898994,0.00783228874206543,0.0075677139684557915,0.12064478546380997,0.22935865819454193
img.00005844,0.7347292304039001,0.043058838695287704,0.009872705675661564,0.010063659399747849,0.007625562138855457,0.0387984924018383,0.1386900395154953,0.017161451280117035
img.00008035,0.02062547765672207,0.239812433719635,0.014192517846822739,0.03513067215681076,0.2932681143283844,0.016712050884962082,0.016398800536990166,0.3638599216938019
img.00006268,0.5986396670341492,0.0254531167447567,0.06527351588010788,0.002733843633905053,0.02904013730585575,0.0035039898939430714,0.053852543234825134,0.22150319814682007
img.00006673,0.5995813012123108,0.3573576509952545,0.00717875175178051,0.02026188373565674,0.0012038616696372628,0.004189801402390003,0.005220158491283655,0.005006565246731043
img.00002689,0.0006698578363284469,0.0005383500829339027,0.0004223584255669266,0.00047811964759603143,0.003157073864713311,0.0008111067581921816,0.9904145002365112,0.0035087179858237505
img.00004949,0.02700362168252468,0.4128878116607666,0.4210120439529419,0.017315199598670006,0.006931788753718138,0.003217345103621483,0.07117021083831787,0.040462005883455276
img.00000806,0.029607880860567093,0.16948182880878448,0.1376507729291916,0.14900685846805573,0.039172641932964325,0.01148698665201664,0.09786208719015121,0.3657309412956238
img.00004456,0.49408087134361267,0.05455829203128815,0.037901878356933594,0.04067149758338928,0.04809609428048134,0.023945851251482964,0.26785677671432495,0.03288871422410011
img.00004161,0.8376808166503906,0.007938360795378685,0.05295732244849205,0.01310262642800808,0.023090533912181854,0.02977869287133217,0.03268400579690933,0.0027675421442836523
img.00008108,0.006292950827628374,0.0012261188821867108,0.000942783837672323,0.0002714575093705207,0.03913312405347824,0.07160002738237381,0.7703151702880859,0.11021836847066879
img.00007275,0.053627293556928635,0.008438455872237682,0.008523073978722095,0.011094694957137108,0.05624605715274811,0.04421881586313248,0.44927284121513367,0.36857870221138
img.00005557,0.038170456886291504,0.5610215067863464,0.1204659715294838,0.016521893441677094,0.03237983584403992,0.003187574679031968,0.042909834533929825,0.185342937707901
img.00000518,0.3486791253089905,0.009161153808236122,0.597815990447998,0.0035944567061960697,0.0033320386428385973,0.019414199516177177,0.00575839402154088,0.012244747951626778
img.00000464,0.3251905143260956,0.10161156952381134,0.09250826388597488,0.027593374252319336,0.08229805529117584,0.1886228770017624,0.08109048753976822,0.1010848805308342
img.00001936,0.051533862948417664,0.018432654440402985,0.13540546596050262,0.17622527480125427,0.25887879729270935,0.0062392656691372395,0.019480198621749878,0.33380448818206787
img.00008050,0.006901636254042387,0.005177125800400972,0.0012298322981223464,0.004311372060328722,0.11958836764097214,0.011941516771912575,0.81373131275177,0.03711890056729317
img.00001268,0.24517425894737244,0.5174579620361328,0.04677034914493561,0.010941042564809322,0.042211033403873444,0.08600487560033798,0.045119065791368484,0.00632149213925004
img.00003669,0.7273878455162048,0.17221568524837494,0.015683989971876144,0.0053911106660962105,0.023934947326779366,0.027753150090575218,0.017123930156230927,0.010509399697184563
img.00004141,0.012954633682966232,0.028349556028842926,0.01539725810289383,0.015205000527203083,0.31695473194122314,0.050936922430992126,0.23256687819957733,0.3276350498199463
img.00002084,0.0642538070678711,0.056090984493494034,0.017689723521471024,0.0028647142462432384,0.08184847980737686,0.08775139600038528,0.5633858442306519,0.12611505389213562
img.00000723,0.8186023831367493,0.021212613210082054,0.00565823819488287,0.0102669857442379,0.003662318456918001,0.030963176861405373,0.10142873227596283,0.008205532096326351
img.00005761,0.8955726027488708,0.041584182530641556,0.006676836870610714,0.030550017952919006,0.003309031715616584,0.004085572902113199,0.015561463311314583,0.002660272875800729
img.00002316,0.7112451791763306,0.07662775367498398,0.023416655138134956,0.045146383345127106,0.004284357186406851,0.057841841131448746,0.0704757571220398,0.010962070897221565
img.00002333,0.003941879607737064,0.0021067140623927116,0.0005928545142523944,0.00781030161306262,0.06184252351522446,0.0019848376978188753,0.8459395170211792,0.07578141987323761
img.00003274,0.7513066530227661,0.15301513671875,0.011975050903856754,0.008217955939471722,0.010551460087299347,0.0017306291265413165,0.01889744959771633,0.044305622577667236
img.00006883,0.0026219964493066072,0.02858669124543667,0.001146871130913496,0.022748833522200584,0.02840683050453663,0.0043756719678640366,0.6023600101470947,0.3097530007362366
img.00000257,0.08049420267343521,0.012712914496660233,0.01876048371195793,0.0161830373108387,0.030505424365401268,0.09695479273796082,0.7053768038749695,0.03901238739490509
img.00003524,0.08336735516786575,0.013446484692394733,0.004888737108558416,0.07151063531637192,0.0620570033788681,0.04001614823937416,0.6496750712394714,0.07503858953714371
img.00000466,0.032005425542593,0.021421538665890694,0.013124489225447178,0.057642772793769836,0.4067588448524475,0.05034041777253151,0.16003389656543732,0.2586726248264313
img.00003981,0.01786813884973526,0.004439776763319969,0.00433725630864501,0.008989914320409298,0.3314390182495117,0.018506763502955437,0.4155130386352539,0.19890615344047546
img.00000102,0.8257254362106323,0.14873068034648895,0.0033032638020813465,0.0020240365993231535,0.000373600865714252,0.003492262214422226,0.0031104355584830046,0.013240383006632328
img.00001688,0.08155157417058945,0.023846514523029327,0.022112715989351273,0.12985774874687195,0.09918341040611267,0.006391229573637247,0.511802077293396,0.12525469064712524
img.00000622,0.36508697271347046,0.08816947042942047,0.3696322739124298,0.008885830640792847,0.08768610656261444,0.05489068478345871,0.01915375143289566,0.006494942586869001
img.00001954,0.006350472569465637,0.006084023974835873,0.011055697686970234,0.010991038754582405,0.6163918375968933,0.010812051594257355,0.26113396883010864,0.0771808922290802
img.00004049,0.06106610223650932,0.023728584870696068,0.02038515731692314,0.05627386271953583,0.6831618547439575,0.013290193863213062,0.08311072736978531,0.058983538299798965
img.00007237,0.04262487217783928,0.03444281592965126,0.004941138438880444,0.004800101276487112,0.028537901118397713,0.017527379095554352,0.8371154069900513,0.030010391026735306
img.00007169,0.8775119781494141,0.005068270955234766,0.021455999463796616,0.009371220134198666,0.0018743780674412847,0.03970818221569061,0.04285021871328354,0.0021597829181700945
img.00001636,0.20964168012142181,0.5248782634735107,0.07110138237476349,0.004705258645117283,0.030727775767445564,0.013530895113945007,0.051455847918987274,0.09395889192819595
img.00002540,0.20061399042606354,0.058876883238554,0.5508775115013123,0.026305651292204857,0.002222481882199645,0.0024090257938951254,0.019956113770604134,0.13873834908008575
img.00006004,0.011017251759767532,0.006979272235184908,0.0045746746473014355,0.00636933371424675,0.33804506063461304,0.05244913324713707,0.521769106388092,0.05879613384604454
img.00004641,0.28950199484825134,0.06631969660520554,0.298706978559494,0.00796858873218298,0.002022786531597376,0.2893965542316437,0.01601416990160942,0.03006923943758011
img.00008875,0.02261006087064743,0.008576083928346634,0.009900117293000221,0.0019791072700172663,0.025674665346741676,0.1049780398607254,0.5238552093505859,0.30242666602134705
img.00002097,0.015256259590387344,0.008972982876002789,0.001084555289708078,0.005420956760644913,0.0684724748134613,0.007417947519570589,0.8742195963859558,0.019155291840434074
img.00003119,0.22620756924152374,0.35448482632637024,0.36444512009620667,0.004530221223831177,0.0029107793234288692,0.014362332411110401,0.006861258298158646,0.026197945699095726
img.00008549,0.1255839616060257,0.053524237126111984,0.06780596077442169,0.0075142174027860165,0.004681080114096403,0.6162707209587097,0.11664675176143646,0.007973161526024342
img.00002824,0.2884841561317444,0.04360859468579292,0.24919621646404266,0.06726059317588806,0.02011343091726303,0.1803905963897705,0.10390257835388184,0.047043804079294205
img.00004543,0.010212039574980736,0.06532212346792221,0.008357353508472443,0.014315188862383366,0.28189006447792053,0.002816343680024147,0.008735794574022293,0.6083511710166931
img.00004881,0.6747841238975525,0.02012765035033226,0.04015688970685005,0.004891773220151663,0.010919332504272461,0.056814201176166534,0.10141617059707642,0.0908898413181305
img.00007131,0.1059679463505745,0.362283319234848,0.44353848695755005,0.0025637205690145493,0.0021505323238670826,0.013113616965711117,0.05172575265169144,0.018656644970178604
img.00004064,0.5556278228759766,0.04355470836162567,0.016639895737171173,0.03487791866064072,0.028906214982271194,0.07922220230102539,0.2199207991361618,0.0212505292147398
img.00003083,0.0014457367360591888,0.001241074874997139,0.0006755011272616684,0.002374341245740652,0.07284422963857651,0.003244405146688223,0.8973408341407776,0.020833829417824745
img.00005881,0.017404815182089806,0.7173378467559814,0.01841060444712639,0.01343853585422039,0.16396979987621307,0.004167215898633003,0.012364811263978481,0.05290636792778969
img.00004356,0.7587475180625916,0.016036517918109894,0.01053585298359394,0.015494830906391144,0.017206380143761635,0.10531400144100189,0.06933752447366714,0.007327342871576548
img.00000670,0.012009640224277973,0.01376989483833313,0.011939892545342445,0.006120814010500908,0.022541822865605354,0.012584392912685871,0.8413528203964233,0.07968078553676605
img.00007632,0.0013681371929123998,0.0021313438192009926,0.0008232722175307572,0.0004302177985664457,0.029688915237784386,0.07533475756645203,0.8252552151679993,0.06496816873550415
img.00008551,0.289682537317276,0.008150708861649036,0.00949865486472845,0.05794256925582886,0.01635490357875824,0.0031601954251527786,0.5982630848884583,0.016947399824857712
img.00005056,0.049065425992012024,0.025768226012587547,0.020585043355822563,0.0593331940472126,0.03553786128759384,0.47423574328422546,0.0694923996925354,0.265982061624527
img.00003395,0.36371904611587524,0.0034323486033827066,0.002814910840243101,0.0822741836309433,0.01262024138122797,0.20685140788555145,0.307544469833374,0.020743414759635925
img.00000797,0.16051049530506134,0.016240905970335007,0.03419660031795502,0.0045585487969219685,0.0040696775540709496,0.7275123000144958,0.040749963372945786,0.012161551043391228
img.00001886,0.005524305161088705,0.04550755023956299,0.0012364430585876107,0.005936095956712961,0.04550191015005112,0.004046307411044836,0.8348245024681091,0.057422928512096405
img.00000760,0.7480558156967163,0.008596682921051979,0.16439403593540192,0.00998664554208517,0.006458223331719637,0.023731190711259842,0.010521335527300835,0.02825610525906086
img.00000203,0.13235707581043243,0.022156361490488052,0.009912092238664627,0.050039101392030716,0.1583249717950821,0.02837405912578106,0.5353414416313171,0.06349484622478485
img.00002421,0.7479891180992126,0.07402345538139343,0.013495130464434624,0.02788880467414856,0.002539948560297489,0.08822043240070343,0.03874535858631134,0.0070977481082081795
img.00008822,0.0004195486253593117,0.0005605845944955945,0.0006401389837265015,0.0004518104833550751,0.0027621558401733637,0.005550510250031948,0.9494916796684265,0.040123533457517624
img.00007520,0.053442906588315964,0.7702666521072388,0.052587103098630905,0.003822803497314453,0.0049518090672791,0.0036806371062994003,0.07402326166629791,0.03722487762570381
img.00004271,0.04972421005368233,0.0030355099588632584,0.0013614236377179623,0.026157096028327942,0.008567137643694878,0.0010172092588618398,0.9073220491409302,0.0028153506573289633
img.00004016,0.016778243705630302,0.02032150700688362,0.04462330788373947,0.06361491233110428,0.04726530238986015,0.005927209742367268,0.00814118329435587,0.7933284044265747
img.00004566,0.1528329998254776,0.11021504551172256,0.11130952835083008,0.004484059289097786,0.00401858426630497,0.3730853497982025,0.21622779965400696,0.02782655693590641
img.00000381,0.5647574067115784,0.08161759376525879,0.18076038360595703,0.04538538306951523,0.03605763241648674,0.06044578552246094,0.015021460130810738,0.015954339876770973
img.00003012,0.056805483996868134,0.11898981779813766,0.08078386634588242,0.18641877174377441,0.14232832193374634,0.022855693474411964,0.028611766174435616,0.36320629715919495
img.00007028,0.1833689659833908,0.19512349367141724,0.42335593700408936,0.045590464025735855,0.013142261654138565,0.006340586580336094,0.02150721102952957,0.11157108843326569
img.00005931,0.058126188814640045,0.8087615966796875,0.044058408588171005,0.01600581407546997,0.008405804634094238,0.007784993387758732,0.023872999474406242,0.03298423811793327
img.00007830,0.008014975115656853,0.006244189105927944,0.0015219312626868486,0.003272432368248701,0.9172072410583496,0.006953494157642126,0.05299085006117821,0.003794929711148143
img.00008476,0.2139420360326767,0.0716850608587265,0.03205646947026253,0.061289846897125244,0.06517032533884048,0.03511732071638107,0.4366634488105774,0.08407551050186157
img.00000094,0.0298941507935524,0.009006124921143055,0.0020233644172549248,0.02148543670773506,0.09545686841011047,0.02948020212352276,0.8027044534683228,0.009949447587132454
img.00000598,0.21183082461357117,0.012420286424458027,0.002726907143369317,0.00201588892377913,0.0021173995919525623,0.19119855761528015,0.5420439839363098,0.035646192729473114
img.00006138,0.3770286738872528,0.005165711510926485,0.004610772244632244,0.19752870500087738,0.14557935297489166,0.0026290134992450476,0.25748124718666077,0.009976576082408428
img.00008203,0.15127091109752655,0.014117051847279072,0.019664496183395386,0.013391471467912197,0.09838684648275375,0.007350896019488573,0.6711658239364624,0.024652499705553055
img.00001105,0.5793279409408569,0.032746344804763794,0.02385077439248562,0.03603613004088402,0.003691799705848098,0.08204390853643417,0.20911604166030884,0.033187054097652435
img.00006664,0.08183688670396805,0.07908451557159424,0.12108871340751648,0.028798216953873634,0.16018079221248627,0.2780705690383911,0.1295962929725647,0.12134406715631485
img.00006859,0.017284974455833435,0.19051291048526764,0.09938140213489532,0.03365163505077362,0.3193467855453491,0.0295479204505682,0.15873029828071594,0.151543989777565
img.00007198,0.0028716104570776224,0.000353421171894297,0.00015075838018674403,0.0012963517801836133,0.9639798998832703,0.004164674784988165,0.026675865054130554,0.0005073974607512355
img.00004424,0.09231292456388474,0.35969892144203186,0.009894954040646553,0.00567791098728776,0.007227729540318251,0.02278316766023636,0.11708547919988632,0.3853188455104828
img.00006518,0.4036787748336792,0.05978016182780266,0.06744364649057388,0.0425858236849308,0.048702728003263474,0.01666378788650036,0.20357222855091095,0.15757285058498383
img.00002144,0.45458465814590454,0.009679220616817474,0.0049972208216786385,0.014600480906665325,0.015446631237864494,0.0037576607428491116,0.4947008192539215,0.002233313163742423
img.00005465,0.017904920503497124,0.11475811153650284,0.008242152631282806,0.001659876899793744,0.05254456028342247,0.022193949669599533,0.7587999701499939,0.023896416649222374
img.00003153,0.8242250084877014,0.007734187413007021,0.0027516447007656097,0.025812499225139618,0.00983542948961258,0.021082231774926186,0.10763256251811981,0.0009263696847483516
img.00002676,0.003405759809538722,0.44863563776016235,0.0030118993017822504,0.0005332424771040678,0.010762637481093407,0.006099454127252102,0.21495991945266724,0.31259143352508545
img.00002365,0.0003404152230359614,0.00028529457631520927,9.582034545019269e-05,0.0009530565585009754,0.002909113885834813,0.0011430572485551238,0.9919596314430237,0.002313567791134119
img.00000910,0.007902462966740131,0.01804298348724842,0.008924244903028011,0.0083514004945755,0.18252375721931458,0.005785743240267038,0.020876243710517883,0.7475931644439697
img.00002058,0.008229375816881657,0.015870805829763412,0.00401146337389946,0.011332027614116669,0.35656535625457764,0.05505191162228584,0.1446460783481598,0.4042929708957672
img.00001510,0.026456333696842194,0.00338702742010355,0.0007077543414197862,0.0010263537988066673,0.007996625266969204,0.0008722788188606501,0.9528087377548218,0.006744840648025274
img.00006770,0.15932343900203705,0.0055792308412492275,0.00331728532910347,0.7210999131202698,0.009819048456847668,0.0012338599190115929,0.09907399117946625,0.0005532727809622884
img.00007384,0.04845558479428291,0.002619275590404868,0.002678836463019252,0.057561442255973816,0.17907726764678955,0.006687610410153866,0.6787479519844055,0.024171942844986916
img.00008017,0.016676874831318855,0.5684967637062073,0.0036042991559952497,0.0037799724377691746,0.005213442258536816,0.023428406566381454,0.2561136484146118,0.12268662452697754
img.00007836,0.13315531611442566,0.0945696085691452,0.013829329051077366,0.006664401851594448,0.5178553462028503,0.02818155102431774,0.13380645215511322,0.07193795591592789
img.00005772,0.5328441858291626,0.0060250768437981606,0.0015264798421412706,0.38047686219215393,0.011697405949234962,0.0013346108607947826,0.06503880023956299,0.0010565664852038026
img.00008210,0.288266122341156,0.0388125441968441,0.013569451868534088,0.012093798257410526,0.040595896542072296,0.006601280067116022,0.5843320488929749,0.01572880893945694
img.00006550,0.8301758170127869,0.029505327343940735,0.005042902193963528,0.0224392618983984,0.0011698493035510182,0.001402872265316546,0.10921947658061981,0.001044494565576315
img.00004944,0.014990102499723434,0.007259340025484562,0.0010826467769220471,0.0027774337213486433,0.009977676905691624,0.15022237598896027,0.8067564964294434,0.006933906581252813
img.00001294,0.07152324914932251,0.010212504304945469,0.0060248542577028275,0.005450071766972542,0.055112242698669434,0.10388419032096863,0.7330415844917297,0.014751315116882324
img.00007802,0.9629895687103271,0.005547718610614538,0.0024300527293235064,0.0038637309335172176,0.0006704320549033582,0.012281600385904312,0.01007494144141674,0.00214199791662395
img.00006507,0.02996857836842537,0.011483829468488693,0.009782386012375355,0.03908701613545418,0.08439450711011887,0.007786690257489681,0.7933222651481628,0.024174686521291733
img.00008388,0.01167643629014492,0.006469415966421366,0.00809237826615572,0.028088290244340897,0.02971682697534561,0.0036387306172400713,0.8097180724143982,0.10259978473186493
img.00002379,0.0022902197670191526,0.010127203539013863,0.029762528836727142,0.010146867483854294,0.009087000973522663,0.001949943951331079,0.06310852617025375,0.8735276460647583
img.00002324,0.010804575867950916,0.0024319826625287533,0.002562217880040407,0.0017365138046443462,0.0014628029894083738,0.025411689653992653,0.8489344120025635,0.10665576905012131
img.00006218,0.10947229713201523,0.09400789439678192,0.16789469122886658,0.012474779039621353,0.04142683371901512,0.269158273935318,0.26229411363601685,0.04327113926410675
img.00006653,0.6762488484382629,0.07626841962337494,0.01578088104724884,0.025081602856516838,0.0022768601775169373,0.17570289969444275,0.024030759930610657,0.004609701223671436
img.00008350,0.4828839600086212,0.024236440658569336,0.0445932112634182,0.016324812546372414,0.020812153816223145,0.12287289649248123,0.1612342745065689,0.1270422488451004
img.00006115,0.17255814373493195,0.04386501386761665,0.04965507611632347,0.07262890785932541,0.06316284090280533,0.1347605288028717,0.25794652104377747,0.2054230123758316
img.00002201,0.8193621635437012,0.0689460039138794,0.01686530001461506,0.04658373445272446,0.003737105056643486,0.018376922234892845,0.015160693787038326,0.010968104004859924
img.00001575,0.010995066724717617,0.06691586971282959,0.009199828840792179,0.0008881274843588471,0.026958338916301727,0.012839890085160732,0.5304898619651794,0.3417130410671234
img.00004991,0.3334234654903412,0.023748042061924934,0.01039567869156599,0.010238207876682281,0.010916868224740028,0.021822970360517502,0.5795549154281616,0.009899860247969627
img.00008063,0.0016556809423491359,0.0012775942450389266,0.0002212843974120915,0.00021223982912488282,0.003953300416469574,0.0008203557808883488,0.9067993760108948,0.08506018668413162
img.00003069,0.7228644490242004,0.17957504093647003,0.013545716181397438,0.00782869104295969,0.007664658594876528,0.003370340447872877,0.03784008324146271,0.027310924604535103
img.00006498,0.3704240918159485,0.010945288464426994,0.005179527681320906,0.010305032134056091,0.0624532513320446,0.21402674913406372,0.2563871741294861,0.0702788233757019
img.00000761,0.19295458495616913,0.02337290532886982,0.019852636381983757,0.37489044666290283,0.050743602216243744,0.00336538371630013,0.05467739701271057,0.28014305233955383
img.00004972,0.049032941460609436,0.012235349975526333,0.0037492639385163784,0.0035061249509453773,0.0027401859406381845,0.15276280045509338,0.7736184597015381,0.0023548216558992863
img.00005791,0.00013618299271911383,6.248185673030093e-05,2.8037067750119604e-05,4.19590542151127e-05,0.011307595297694206,0.004219931550323963,0.9820725321769714,0.0021313719917088747
img.00007795,0.08988302201032639,0.5150965452194214,0.25986623764038086,0.025505851954221725,0.05611838772892952,0.006850497331470251,0.014461898244917393,0.03221753612160683
img.00006360,0.2732900381088257,0.021611899137496948,0.05115165561437607,0.07265720516443253,0.057114578783512115,0.24222102761268616,0.20014643669128418,0.08180709183216095
img.00008720,0.004077398218214512,0.0011796964099630713,0.00013785215560346842,0.002355010248720646,0.0016073703300207853,0.004898435901850462,0.9736924767494202,0.01205173134803772
img.00000579,0.007485092617571354,0.0005935660446994007,0.0001730449148453772,0.0004672753857448697,0.0019561555236577988,0.011034611612558365,0.9774278998374939,0.0008623339817859232
img.00003454,0.5458072423934937,0.1116112768650055,0.12218690663576126,0.07223053276538849,0.009859624318778515,0.07199414819478989,0.0228275116533041,0.043482713401317596
img.00001492,0.04253530874848366,0.005640031304210424,0.003093686420470476,0.0021301032975316048,0.002889301860705018,0.03624523803591728,0.7847850322723389,0.12268125265836716
img.00002525,0.0874861627817154,0.3167704939842224,0.07468760758638382,0.33269980549812317,0.057344164699316025,0.014259915798902512,0.06874968111515045,0.04800213500857353
img.00002181,0.23068423569202423,0.33940497040748596,0.06199514865875244,0.025184452533721924,0.03350292146205902,0.1569633185863495,0.11091312766075134,0.04135183244943619
img.00002139,0.011004297062754631,0.02881000190973282,0.029837913811206818,0.0007270320202223957,0.02865583822131157,0.023724520578980446,0.6777793169021606,0.19946111738681793
img.00001891,0.03536386787891388,0.051546361297369,0.008577430620789528,0.03568539395928383,0.3637763559818268,0.04118034988641739,0.2735747694969177,0.19029542803764343
img.00002901,0.8802571892738342,0.019871778786182404,0.0041173845529556274,0.01423938013613224,0.03932706266641617,0.011343652382493019,0.01876276172697544,0.012080887332558632
img.00006960,0.5386857390403748,0.0549318864941597,0.30558285117149353,0.07528793811798096,0.001093882485292852,0.012771661393344402,0.006946138571947813,0.004699956625699997
img.00005801,0.05088711902499199,0.0028509474359452724,0.00482947239652276,0.15450704097747803,0.762954592704773,0.0010720815043896437,0.019886033609509468,0.0030127461068332195
img.00000346,0.16503086686134338,0.587149977684021,0.0835113376379013,0.015152586624026299,0.020236052572727203,0.0035869101993739605,0.009789636358618736,0.11554266512393951
img.00001624,0.33413100242614746,0.5522933006286621,0.05828347057104111,0.00193856714759022,0.0006128550157882273,0.0034006533678621054,0.004199404269456863,0.04514074698090553
img.00006392,0.08881334215402603,0.00856203306466341,0.03473566472530365,0.003259886521846056,0.030588971450924873,0.05429311841726303,0.5298036932945251,0.24994321167469025
img.00008347,0.6947083473205566,0.019859861582517624,0.008275439031422138,0.004933819640427828,0.0026406554970890284,0.01634499616920948,0.2365397810935974,0.01669703796505928
img.00007308,0.8502293229103088,0.0475102961063385,0.025288991630077362,0.04296184331178665,0.001924704760313034,0.02634425088763237,0.0020970983896404505,0.003643494565039873
img.00004766,0.021595189347863197,0.0015027454355731606,0.0003203446976840496,0.018624136224389076,0.8082021474838257,0.03351105377078056,0.11466248333454132,0.0015819368418306112
img.00005458,0.0029943049885332584,0.01712033525109291,0.0040587675757706165,0.0008060807595029473,0.024046480655670166,0.0028976225294172764,0.8178464770317078,0.1302299052476883
img.00008750,0.6906316876411438,0.00914587639272213,0.019432660192251205,0.009281816892325878,0.088872991502285,0.10126593708992004,0.06945352256298065,0.011915519833564758
img.00000616,0.001065107760950923,0.0015246440889313817,0.0008071722113527358,0.0006860313005745411,0.6119827628135681,0.0010823740158230066,0.3711070120334625,0.01174491923302412
img.00000688,0.05077565088868141,0.011435852386057377,0.03149360790848732,0.09986550360918045,0.5155283808708191,0.08447699248790741,0.1403598189353943,0.06606425344944
img.00007578,0.017598219215869904,0.0012858884874731302,0.0031625900883227587,0.977255642414093,0.00015988113591447473,0.00013273725926410407,0.0002945326268672943,0.00011060974065912887
img.00002256,0.026203501969575882,0.9009186029434204,0.04598690941929817,0.0036664241924881935,0.014487179927527905,0.004479659721255302,0.0023736776784062386,0.0018839937401935458
img.00007104,0.0008120894781313837,0.0004946846747770905,0.0004078604397363961,0.0002715998562052846,0.0024934469256550074,0.007479346357285976,0.9632096290588379,0.024831298738718033
img.00000223,0.4101303517818451,0.01836969144642353,0.00465865433216095,0.025243094190955162,0.019813518971204758,0.15993383526802063,0.33511197566986084,0.0267388466745615
img.00006150,0.008303008042275906,0.0026378261391073465,0.006354472599923611,0.0114809675142169,0.7159292697906494,0.009900904260575771,0.02407853491604328,0.22131496667861938
img.00005190,0.15213549137115479,0.031331565231084824,0.02864275686442852,0.21729125082492828,0.15619803965091705,0.028795775026082993,0.15973113477230072,0.2258739024400711
img.00005813,0.24360378086566925,0.022703366354107857,0.060103800147771835,0.4862011969089508,0.03972724825143814,0.002765592187643051,0.09985385090112686,0.04504125192761421
img.00000532,0.09964244812726974,0.04578569158911705,0.03908846154808998,0.040154751390218735,0.060465335845947266,0.009950104169547558,0.6612944006919861,0.0436188206076622
img.00007848,0.032619062811136246,0.06934171915054321,0.009539943188428879,0.016215259209275246,0.06337391585111618,0.005450050812214613,0.6637454628944397,0.13971459865570068
img.00001863,0.10622557252645493,0.10034310072660446,0.012922492809593678,0.005165048874914646,0.14068083465099335,0.045179400593042374,0.5372486710548401,0.05223485082387924
img.00005053,0.12402816861867905,0.7022327780723572,0.07123686373233795,0.005327824503183365,0.0025818822905421257,0.005332572851330042,0.016992421820759773,0.07226749509572983
img.00004261,0.6971035599708557,0.020926302298903465,0.02725118398666382,0.20587798953056335,0.00893627293407917,0.0051499102264642715,0.017927950248122215,0.016826799139380455
img.00002207,0.9368185997009277,0.03846905380487442,0.01006647665053606,0.0075340839102864265,0.000583692395593971,0.003779191756621003,0.001431219163350761,0.0013177101500332355
img.00004553,0.08752156049013138,0.04647837206721306,0.05678180977702141,0.0545014925301075,0.6162728667259216,0.013284772634506226,0.0612407810986042,0.06391832232475281
img.00008855,0.03750383481383324,0.7503477334976196,0.018685853108763695,0.0017166826874017715,0.01747649349272251,0.017798002809286118,0.10749077051877975,0.04898064583539963
img.00001556,0.01562047190964222,0.0019096287433058023,0.00028082227800041437,0.0006027040653862059,0.003506285371258855,0.0012816233793273568,0.9760305881500244,0.0007678157999180257
img.00002145,0.10835288465023041,0.15324674546718597,0.005175189580768347,0.013940875418484211,0.22577324509620667,0.021294934675097466,0.39808085560798645,0.07413525134325027
img.00001287,0.0407477542757988,0.003247842425480485,0.001967561664059758,0.010228701867163181,0.06968178600072861,0.004449811298400164,0.8460642695426941,0.023612258955836296
img.00007895,0.029669292271137238,0.038241855800151825,0.0012452257797122002,0.018760401755571365,0.06082264333963394,0.009879283607006073,0.8275827765464783,0.013798617757856846
img.00003378,0.2894141674041748,0.009907358326017857,0.00956769473850727,0.05130098760128021,0.06414172798395157,0.013849645853042603,0.5372759699821472,0.024542389437556267
img.00003122,0.023947160691022873,0.007538848556578159,0.003544578794389963,0.008858498185873032,0.016851309686899185,0.009839078411459923,0.8750127553939819,0.054407864809036255
img.00007623,0.15442068874835968,0.7417809963226318,0.015223687514662743,0.005721162538975477,0.020448697730898857,0.04384062811732292,0.005834244657307863,0.012729915790259838
img.00003804,0.22358344495296478,0.14619570970535278,0.25471192598342896,0.17288042604923248,0.035315901041030884,0.08084575086832047,0.05913729965686798,0.02732955664396286
img.00007420,0.020755792036652565,0.01002005860209465,0.0021039380226284266,0.012607845477759838,0.6233057975769043,0.010149829089641571,0.3001614511013031,0.020895224064588547
img.00001593,0.000392781978007406,0.0016302756266668439,0.00012919437722302973,7.814921991666779e-05,0.002688025124371052,0.013417720794677734,0.9666279554367065,0.015035964548587799
img.00003379,0.11468099802732468,0.1485995352268219,0.0697040930390358,0.06170343980193138,0.024424444884061813,0.07715113461017609,0.3973218500614166,0.10641448199748993
img.00003749,0.1270064264535904,0.08690209686756134,0.027648428454995155,0.08679749816656113,0.02037750743329525,0.02857980877161026,0.37471020221710205,0.24797804653644562
img.00006759,0.008868769742548466,0.10378800332546234,0.012695329263806343,0.005596725735813379,0.1275089681148529,0.012049807235598564,0.6271551847457886,0.10233715176582336
img.00005641,0.7738508582115173,0.01158378180116415,0.021217459812760353,0.029804419726133347,0.02202756702899933,0.018676038831472397,0.10975392907857895,0.013085910119116306
img.00003803,0.047057848423719406,0.34642285108566284,0.22093766927719116,0.2125583291053772,0.017616689205169678,0.0024067158810794353,0.03601117059588432,0.11698869615793228
img.00000879,0.2901439666748047,0.018766360357403755,0.017584417015314102,0.04232003539800644,0.3843388855457306,0.08303380757570267,0.06711402535438538,0.0966985821723938
img.00005338,0.01241084560751915,0.0007145568961277604,0.0013968140119686723,0.00024155575374606997,0.003059221664443612,0.009869667701423168,0.9638233780860901,0.008483970537781715
img.00005629,0.15422789752483368,0.00695717241615057,0.013744397088885307,0.02261858806014061,0.016745660454034805,0.013795435428619385,0.7524815201759338,0.019429335370659828
img.00005350,0.000711721193511039,0.00023334579600486904,7.932319567771628e-05,7.446637755492702e-05,0.001856410875916481,0.0017678691074252129,0.9835330247879028,0.011743775568902493
img.00004066,0.0008877929649315774,0.0038028398994356394,0.00045497625251300633,0.0002120843273587525,0.006640133913606405,0.029744014143943787,0.8536975383758545,0.10456053167581558
img.00003132,0.6643613576889038,0.008507932536303997,0.032331787049770355,0.012118566781282425,0.06383351236581802,0.05832478776574135,0.1427011936903,0.017820803448557854
img.00000545,0.011256170459091663,0.04410581663250923,0.0030745903495699167,0.01037339586764574,0.5352402329444885,0.013709350489079952,0.3765312433242798,0.005709157790988684
img.00003702,0.09005623310804367,0.20982614159584045,0.04553983733057976,0.02378913387656212,0.07915077358484268,0.04066065698862076,0.43909740447998047,0.0718798041343689
img.00007693,0.005170041229575872,0.0021547675132751465,0.00022735321545042098,0.00031242409022524953,0.003903839970007539,0.0016970587894320488,0.9854366183280945,0.0010979502694681287
img.00006938,0.025185752660036087,0.8613981008529663,0.007586746942251921,0.0016601324314251542,0.007699447683990002,0.005552371963858604,0.07899417728185654,0.011923295445740223
img.00007397,0.35356956720352173,0.015753837302327156,0.03944402188062668,0.015878062695264816,0.013428921811282635,0.15874692797660828,0.3985806405544281,0.004597897175699472
img.00000342,0.32717663049697876,0.60700523853302,0.023568782955408096,0.009389732964336872,0.006028250325471163,0.0015845091547816992,0.009691177867352962,0.015555697493255138
img.00004491,0.32643669843673706,0.06453407555818558,0.03343537822365761,0.012581541202962399,0.019595332443714142,0.0808909460902214,0.3164653480052948,0.1460607349872589
img.00006501,0.024505482986569405,0.021658359095454216,0.012488064356148243,0.020849766209721565,0.6259713172912598,0.010356207378208637,0.17771083116531372,0.10645995289087296
img.00004510,0.11156296730041504,0.0043792868964374065,0.010459949262440205,0.04558821767568588,0.08684593439102173,0.14265191555023193,0.5595889091491699,0.0389227457344532
img.00006058,0.011626603081822395,0.02660507522523403,0.04163769632577896,0.21742649376392365,0.5963227152824402,0.002646249020472169,0.01627153716981411,0.08746369183063507
img.00004408,0.015945790335536003,0.005513535346835852,0.0017104112775996327,0.006249536760151386,0.03848110884428024,0.0034281592816114426,0.8755456209182739,0.05312596261501312
img.00004896,0.3221295475959778,0.003147515933960676,0.0009163664071820676,0.21622346341609955,0.20454736053943634,0.027752304449677467,0.22262875735759735,0.002654664684087038
img.00008870,0.28438249230384827,0.013316384516656399,0.005617775022983551,0.06613803654909134,0.03682984039187431,0.051997240632772446,0.5216982364654541,0.020019996911287308
img.00005562,0.01179638970643282,0.004220776725560427,0.0020696271676570177,0.009508452378213406,0.8334825038909912,0.011937752366065979,0.11855082958936691,0.008433716371655464
img.00003065,0.010090149007737637,0.01559039019048214,0.03740641102194786,0.02850900962948799,0.18559055030345917,0.004942690953612328,0.33386945724487305,0.3840012848377228
img.00005266,0.9737023115158081,0.005425048992037773,0.003339753719046712,0.003788622096180916,0.00027103288448415697,0.005359753966331482,0.005991421639919281,0.0021220557391643524
img.00004360,0.10433422029018402,0.12295861542224884,0.07002051174640656,0.001881403848528862,0.0026142261922359467,0.003283246885985136,0.6289686560630798,0.06593911349773407
img.00007749,0.07117975503206253,0.029985032975673676,0.0038206474855542183,0.029706396162509918,0.027331393212080002,0.021597346290946007,0.793441116809845,0.022938242182135582
img.00008955,0.1830315887928009,0.01090936828404665,0.1346474289894104,0.6024725437164307,0.05151532590389252,0.0035403906367719173,0.0036639338359236717,0.01021946407854557
img.00002598,0.23719391226768494,0.01597556844353676,0.018206432461738586,0.5865529179573059,0.03938368335366249,0.0019191186875104904,0.08471635729074478,0.016051920130848885
img.00004829,0.7967695593833923,0.014907175675034523,0.025687506422400475,0.04721798375248909,0.004775515757501125,0.007394400425255299,0.07031429558992386,0.032933592796325684
img.00004107,0.008191126398742199,0.014954383485019207,0.005318173673003912,0.007171893958002329,0.07620804756879807,0.009810298681259155,0.26758724451065063,0.6107588410377502
img.00007869,0.015240728855133057,0.007502377033233643,0.016084302216768265,0.0037093674764037132,0.017287055030465126,0.10475675761699677,0.5741965770721436,0.26122283935546875
img.00008371,0.7341250777244568,0.0033836078364402056,0.02354309894144535,0.009813508950173855,0.08085199445486069,0.003495265729725361,0.11875675618648529,0.02603073976933956
img.00004628,0.010239781811833382,0.06419456005096436,0.0065097445622086525,0.003218685509636998,0.15161040425300598,0.0008669383823871613,0.6182753443717957,0.1450844705104828
img.00001536,0.014239457435905933,0.12858666479587555,0.00934811495244503,0.003539986675605178,0.05223093181848526,0.030007649213075638,0.5268308520317078,0.23521631956100464
img.00001988,0.0024913258384913206,0.0006165291415527463,0.00019865762442350388,0.0034625022672116756,0.013620169833302498,0.025280019268393517,0.9538264274597168,0.000504273921251297
img.00001119,0.010376498103141785,0.006710648536682129,0.00048437039367854595,0.01583145372569561,0.007607512176036835,0.0009934919653460383,0.9529927372932434,0.005003236699849367
img.00007789,0.09629926830530167,0.021428182721138,0.012502494268119335,0.008183926343917847,0.020371392369270325,0.691373884677887,0.14051321148872375,0.009327741339802742
img.00004124,0.004505822900682688,0.0004549617297016084,9.175245941150934e-05,0.00042964753811247647,0.01170002855360508,0.0006674512987956405,0.9818476438522339,0.00030262823565863073
img.00000534,0.6399083733558655,0.03650921583175659,0.09688997268676758,0.12179724872112274,0.03203725442290306,0.05348365753889084,0.005236892029643059,0.01413736306130886
img.00004963,0.05502932891249657,0.008079733699560165,0.011758729815483093,0.1030755266547203,0.057898178696632385,0.052803363651037216,0.5924164056777954,0.11893872916698456
img.00003055,0.4065505564212799,0.19767804443836212,0.13762779533863068,0.004830546211451292,0.01142811868339777,0.06242680549621582,0.08537882566452026,0.09407930821180344
img.00006863,0.015430841594934464,0.6737235188484192,0.11389423906803131,0.010204164311289787,0.07534082978963852,0.003234046744182706,0.06949135661125183,0.0386810302734375
img.00006156,0.4349932074546814,0.17944872379302979,0.011457489803433418,0.007844967767596245,0.005801231134682894,0.10943485051393509,0.17442432045936584,0.07659521698951721
img.00008215,0.11195667833089828,0.01044400967657566,0.004616853315383196,0.856626033782959,0.007382440846413374,0.00046705291606485844,0.008024721406400204,0.0004821929906029254
img.00002863,0.8373124599456787,0.005306473933160305,0.011453110724687576,0.023033564910292625,0.0029450622387230396,0.010016621090471745,0.10206187516450882,0.007870819419622421
img.00005817,0.09362542629241943,0.004054793622344732,0.01758822798728943,0.050027817487716675,0.7920041680335999,0.02762150950729847,0.005106467287987471,0.009971591643989086
img.00007495,0.09558562934398651,0.2647732198238373,0.19341932237148285,0.04024370014667511,0.1159120574593544,0.022322814911603928,0.08586117625236511,0.18188205361366272
img.00005564,0.08143730461597443,0.029966644942760468,0.03663787245750427,0.01169953215867281,0.19171838462352753,0.055378105491399765,0.33962664008140564,0.25353556871414185
img.00001902,0.09018687158823013,0.18148326873779297,0.008461292833089828,0.022421520203351974,0.033549897372722626,0.0561426542699337,0.4847997725009918,0.12295467406511307
img.00003129,0.5075702667236328,0.01717662811279297,0.0038403875660151243,0.10681537538766861,0.08761616051197052,0.006849221885204315,0.2622731328010559,0.007858808152377605
img.00005219,0.7864916324615479,0.007985030300915241,0.003379311179742217,0.01305862795561552,0.027133746072649956,0.021398184821009636,0.1312118023633957,0.009341645054519176
img.00005036,0.09566057473421097,0.11138364672660828,0.048882510513067245,0.017026210203766823,0.10443013906478882,0.23529967665672302,0.37089693546295166,0.016420310363173485
img.00005790,0.018778640776872635,0.0030665984377264977,0.006423368584364653,0.01314349565654993,0.041874390095472336,0.009555255062878132,0.5256606340408325,0.3814975619316101
img.00001477,0.011170508340001106,0.0245199017226696,0.07033593207597733,0.0038654052186757326,0.015134481713175774,0.02000345289707184,0.016954733058810234,0.8380155563354492
img.00006705,0.07737158983945847,0.6106643676757812,0.011043149046599865,0.008038104511797428,0.062344931066036224,0.008506816811859608,0.11363978683948517,0.10839120298624039
img.00000228,0.8011157512664795,0.008033757098019123,0.02253023162484169,0.0791207030415535,0.024191373959183693,0.002849037293344736,0.011346081271767616,0.05081309378147125
img.00003138,0.6924408078193665,0.193740114569664,0.016793616116046906,0.005414925049990416,0.005277636926621199,0.015902619808912277,0.037341199815273285,0.03308912739157677
img.00005906,0.0014368651900440454,0.0007154989871196449,7.838619785616174e-05,0.0010442029451951385,0.005676986183971167,0.05451538786292076,0.9353067278862,0.001225884654559195
img.00004322,0.0064867050386965275,0.018869096413254738,0.0035882911179214716,0.0048351283185184,0.1476018726825714,0.043025873601436615,0.4942834973335266,0.2813095152378082
img.00008010,0.046086449176073074,0.9117673635482788,0.02896222099661827,0.0007466882234439254,0.0023240908049046993,0.0024899947457015514,0.002305073430761695,0.005318139214068651
img.00006639,0.008916715160012245,0.3224731385707855,0.008794764056801796,0.0016505278181284666,0.023337220773100853,0.02265477180480957,0.49515295028686523,0.1170199066400528
img.00007719,0.018962755799293518,0.005867317784577608,0.009954147040843964,0.00331570184789598,0.005678551271557808,0.7052986025810242,0.20564693212509155,0.045276012271642685
img.00001468,0.0038656946271657944,0.9704375863075256,0.019341768696904182,0.00167638820130378,0.0009910855442285538,0.00038610963383689523,0.0004949101130478084,0.0028063980862498283
img.00006071,0.0011906431755051017,0.00036850720061920583,9.839485574048012e-05,0.00019024072389584035,0.001955954357981682,0.0003713914193212986,0.9948400855064392,0.0009848370682448149
img.00002405,0.11002053320407867,0.19984440505504608,0.06348027288913727,0.0074341800063848495,0.29953861236572266,0.16323643922805786,0.09952139854431152,0.05692416429519653
img.00005833,0.3138836622238159,0.07795587927103043,0.34932637214660645,0.02540123276412487,0.16383333504199982,0.004711871035397053,0.02272583171725273,0.042161885648965836
img.00008771,0.30922746658325195,0.2341906875371933,0.03562437742948532,0.09019483625888824,0.11258017271757126,0.17229880392551422,0.022393520921468735,0.02349015884101391
img.00004619,0.5064749121665955,0.18028342723846436,0.04361347854137421,0.0074210441671311855,0.0020970639307051897,0.060411468148231506,0.18128401041030884,0.01841457560658455
img.00007864,0.22170408070087433,0.007105256896466017,0.01544724591076374,0.008545642718672752,0.03269223868846893,0.0013471570564433932,0.7054126858711243,0.007745780050754547
img.00003160,0.026309069246053696,0.0480155386030674,0.0465027280151844,0.018254730850458145,0.06121395528316498,0.023482389748096466,0.36701735854148865,0.4092042148113251
img.00007709,0.09074956178665161,0.20385140180587769,0.033826977014541626,0.12724462151527405,0.27423733472824097,0.02054469659924507,0.12354578822851181,0.12599961459636688
img.00005232,0.0020190714858472347,0.002676981268450618,0.0006247038836590946,0.007373661734163761,0.024615267291665077,0.0008740870980545878,0.9539748430252075,0.007841440849006176
img.00000216,0.4457959234714508,0.2753693759441376,0.031873274594545364,0.020651724189519882,0.08848141133785248,0.028448715806007385,0.09910359978675842,0.010275967419147491
img.00008931,0.5804369449615479,0.28989988565444946,0.017692819237709045,0.0022180452942848206,0.005231378134340048,0.01768053136765957,0.07564237713813782,0.01119797583669424
img.00007662,0.03829018771648407,0.010079886764287949,0.036529768258333206,0.7432187795639038,0.03388803452253342,0.0038516977801918983,0.012088858522474766,0.12205276638269424
img.00004441,0.23938396573066711,0.011840716935694218,0.010303888469934464,0.008399545215070248,0.02724502608180046,0.03247091919183731,0.6445193290710449,0.025836655870079994
img.00004606,0.22019125521183014,0.09853791445493698,0.034679193049669266,0.12801066040992737,0.17740580439567566,0.009457577019929886,0.1411733776330948,0.1905442178249359
img.00006801,0.844199001789093,0.01374813448637724,0.016406642273068428,0.024024084210395813,0.021234167739748955,0.0018413228681311011,0.061400849372148514,0.017145806923508644
img.00005653,0.12820610404014587,0.03272128105163574,0.016376327723264694,0.10301811993122101,0.033442724496126175,0.009409431368112564,0.5269569754600525,0.14986900985240936
img.00003592,0.7250974774360657,0.009050847962498665,0.005716649815440178,0.008317272178828716,0.003079506102949381,0.20582173764705658,0.0381363220512867,0.004780094604939222
img.00003464,0.6028579473495483,0.08226895332336426,0.038492586463689804,0.07836541533470154,0.00910155102610588,0.02153008058667183,0.04174742102622986,0.1256360560655594
img.00002602,0.04948107525706291,0.05189495161175728,0.07446175068616867,0.011314929462969303,0.08128900080919266,0.09312908351421356,0.4965174198150635,0.1419118493795395
img.00004780,0.014524862170219421,0.002549023600295186,0.0011360812932252884,0.00160111952573061,0.004564173985272646,0.09809290617704391,0.8739474415779114,0.0035843101795762777
img.00006950,0.8216757774353027,0.027155714109539986,0.008814112283289433,0.04032953083515167,0.02744651958346367,0.019075149670243263,0.04304949566721916,0.012453705072402954
img.00007171,0.0415717251598835,0.007317961659282446,0.0028835430275648832,0.028786201030015945,0.053201623260974884,0.11129194498062134,0.7361124753952026,0.018834613263607025
img.00001570,0.4105708599090576,0.14197289943695068,0.00525263324379921,0.01677461341023445,0.0706648901104927,0.007143301423639059,0.32870736718177795,0.01891346648335457
img.00002178,0.07631264626979828,0.07821729779243469,0.26959994435310364,0.01383598055690527,0.03689481317996979,0.037536799907684326,0.3956393301486969,0.09196319431066513
img.00007176,0.006783217657357454,0.9326218366622925,0.012304374948143959,0.00729172769933939,0.015302056446671486,0.0029606919270008802,0.018027732148766518,0.004708436783403158
img.00002240,0.05903316289186478,0.015269950963556767,0.003619472961872816,0.0024518868885934353,0.00770768104121089,0.004507549572736025,0.8436540961265564,0.06375613808631897
img.00006353,0.9019855260848999,0.05193590745329857,0.009938020259141922,0.0073474859818816185,0.0012108931550756097,0.007103486452251673,0.012540629133582115,0.007938085123896599
img.00005216,0.19238992035388947,0.23341406881809235,0.34489187598228455,0.0030876186210662127,0.004499151837080717,0.023937078192830086,0.0377713218331337,0.1600089967250824
img.00008522,0.015209321863949299,0.3964293599128723,0.022838206961750984,0.002618249040096998,0.004388092551380396,0.00833975337445736,0.01705266907811165,0.5331243276596069
img.00004183,0.7470393776893616,0.006474761292338371,0.10064825415611267,0.002800004556775093,0.0019805636256933212,0.1307758390903473,0.004838888067752123,0.005442324094474316
img.00001421,0.9126162528991699,0.013468069024384022,0.006211026571691036,0.02219192311167717,0.0012927353382110596,0.0058371685445308685,0.03463020175695419,0.003752593183889985
img.00000230,0.02475893124938011,0.007628430146723986,0.012056391686201096,0.019354920834302902,0.11405467987060547,0.04985716566443443,0.35708028078079224,0.4152091443538666
img.00003377,0.0003039132570847869,8.38708583614789e-05,5.8827896282309666e-05,0.00012067018542438745,0.018133629113435745,0.002576613100245595,0.9488852620124817,0.029837198555469513
img.00003143,0.3132950961589813,0.16675534844398499,0.032300546765327454,0.13895395398139954,0.005018650088459253,0.017705967649817467,0.2621304988861084,0.06384000182151794
img.00005933,0.058873921632766724,0.024362144991755486,0.22673983871936798,0.14560337364673615,0.10227248072624207,0.013954374939203262,0.021073507145047188,0.40712037682533264
img.00006609,0.0006433760863728821,0.9823598861694336,0.009544527158141136,0.002723072189837694,0.0013943944359198213,0.00018021863070316613,0.0016139016952365637,0.0015405664453282952
img.00007146,0.0005207437789067626,0.0001371485850540921,1.4868006473989226e-05,0.0001415877341059968,0.013854972086846828,0.0013769338838756084,0.9831695556640625,0.0007840895559638739
img.00008373,0.10865513980388641,0.01762744039297104,0.003841632977128029,0.001711678458377719,0.019049644470214844,0.1762053519487381,0.6394944190979004,0.03341463953256607
img.00000410,0.2906082570552826,0.0037286325823515654,0.0027269895654171705,0.03760075196623802,0.40525296330451965,0.12117660045623779,0.11003120243549347,0.02887461520731449
img.00002024,0.02640603482723236,0.885349452495575,0.04108114913105965,0.020709099248051643,0.0050574252381920815,0.003560607321560383,0.014108331874012947,0.003727957606315613
img.00004820,0.47327712178230286,0.04580045863986015,0.05054948106408119,0.17955327033996582,0.03384863957762718,0.006773487664759159,0.12411072105169296,0.08608676493167877
img.00006707,0.005375804845243692,0.017278268933296204,0.001902240328490734,0.004160653799772263,0.07425408810377121,0.011456577107310295,0.6579257249832153,0.22764664888381958
img.00003219,0.11147619038820267,0.8656162023544312,0.010194049216806889,0.006354359909892082,0.0009188334224745631,0.001077506341971457,0.001958337379619479,0.002404462778940797
img.00001797,0.10709819197654724,0.14354319870471954,0.0756014809012413,0.13865338265895844,0.026136547327041626,0.05078400298953056,0.28367674350738525,0.17450642585754395
img.00006502,0.09997449070215225,0.1690114289522171,0.6532872319221497,0.05980837345123291,0.0036383140832185745,0.00039804380503483117,0.005586108658462763,0.008295980282127857
img.00007763,0.06900876015424728,0.016043879091739655,0.0063166189938783646,0.0006274789338931441,0.0031378583516925573,0.12258175760507584,0.6939815282821655,0.0883021354675293
img.00004392,0.07284031808376312,0.016445975750684738,0.0027513105887919664,0.004593888763338327,0.006714582443237305,0.02302996627986431,0.8319307565689087,0.041693225502967834
img.00007561,0.33056703209877014,0.019541416317224503,0.07699078321456909,0.5297027826309204,0.005467532202601433,0.00519671430811286,0.02967439778149128,0.002859432017430663
img.00003062,0.01106944214552641,0.009103299118578434,0.008473279885947704,0.0030126916244626045,0.016357628628611565,0.00450277840718627,0.8896892666816711,0.05779162421822548
img.00004286,0.03537336736917496,0.7122763395309448,0.012337243184447289,0.0029316814616322517,0.008036117069423199,0.03347310051321983,0.10972201824188232,0.08585013449192047
img.00007466,0.038257449865341187,0.15448102355003357,0.028081361204385757,0.05346454307436943,0.34701940417289734,0.012045303359627724,0.1400860846042633,0.22656483948230743
img.00002655,0.10450614988803864,0.04354154318571091,0.4259815812110901,0.05553566664457321,0.15371520817279816,0.025177450850605965,0.018056966364383698,0.17348544299602509
img.00006829,0.648689866065979,0.03796432539820671,0.02608327940106392,0.022884394973516464,0.03480325639247894,0.009015894494950771,0.14841289818286896,0.07214607298374176
img.00005929,0.11426776647567749,0.027437904849648476,0.015518361702561378,0.056601300835609436,0.021822486072778702,0.0014810404973104596,0.7543404698371887,0.008530658669769764
img.00002587,0.0857996791601181,0.10748674720525742,0.0022862909827381372,0.001770076691173017,0.024650204926729202,0.02724394015967846,0.7423545122146606,0.00840860977768898
img.00002048,0.5473893880844116,0.009154308587312698,0.004312964156270027,0.002916298806667328,0.0013770208461210132,0.043567147105932236,0.3900178074836731,0.0012650782009586692
img.00000491,0.2740326523780823,0.03956236690282822,0.07050879299640656,0.013172638602554798,0.0078293327242136,0.0802127793431282,0.40391334891319275,0.11076818406581879
img.00006685,0.008527654223144054,0.03348829597234726,0.04036974906921387,0.035353999584913254,0.37104737758636475,0.10873911529779434,0.1422116756439209,0.260262131690979
img.00008370,0.0054894546046853065,0.006704657804220915,0.0009600069024600089,0.004915543831884861,0.9449850916862488,0.00957377441227436,0.003553294576704502,0.023818211629986763
img.00003140,0.08968079835176468,0.002897189697250724,0.010224415920674801,0.08986793458461761,0.14805631339550018,0.05103638395667076,0.5865987539291382,0.021638257429003716
img.00006101,0.6146501898765564,0.03606877848505974,0.1167079508304596,0.0837647095322609,0.021917082369327545,0.0009630511049181223,0.019570283591747284,0.10635801404714584
img.00008147,0.19289922714233398,0.040624577552080154,0.03174598887562752,0.003941044211387634,0.00896840263158083,0.014220290817320347,0.5711923241615295,0.13640815019607544
img.00001496,0.08633541315793991,0.5441727042198181,0.12897735834121704,0.08159743994474411,0.044179461896419525,0.020954271778464317,0.04971262812614441,0.04407084360718727
img.00008594,0.47086507081985474,0.012412688694894314,0.011468480341136456,0.14988075196743011,0.019329294562339783,0.004213105421513319,0.32386574149131775,0.00796490628272295
img.00003246,0.8750182390213013,0.0082800118252635,0.017286760732531548,0.0270137470215559,0.0025496750604361296,0.02769877016544342,0.036046627908945084,0.006106290500611067
img.00003597,0.07250425219535828,0.09125196933746338,0.020800592377781868,0.005098583642393351,0.04065755754709244,0.08297847211360931,0.14009463787078857,0.546613872051239
img.00001719,0.4148482084274292,0.0077919852919876575,0.01774793490767479,0.03345700353384018,0.04751352593302727,0.01959884539246559,0.32685503363609314,0.13218747079372406
img.00003050,0.05518021434545517,0.016917020082473755,0.016397975385189056,0.028241263702511787,0.024752596393227577,0.015173298306763172,0.8058935403823853,0.03744400292634964
img.00008689,0.006448149681091309,0.004494197200983763,0.0013728818157687783,0.004259382840245962,0.037922412157058716,0.0018033502856269479,0.9386263489723206,0.005073157139122486
img.00001112,0.17159798741340637,0.6332629919052124,0.029634181410074234,0.004664607811719179,0.025259358808398247,0.0033288460690528154,0.07933425158262253,0.05291778966784477
img.00002681,0.002570094307884574,0.015022878535091877,0.009221578948199749,0.0016719929408282042,0.9451631307601929,0.00034572294680401683,0.002549232915043831,0.023455392569303513
img.00006897,0.03925738483667374,0.006289309356361628,0.011544370092451572,0.010292431339621544,0.04738606512546539,0.11441969871520996,0.7010293006896973,0.06978142261505127
img.00004939,0.2771582305431366,0.0825176015496254,0.015293900854885578,0.12350459396839142,0.08072126656770706,0.05182763934135437,0.31979161500930786,0.049185141921043396
img.00001931,0.0807727575302124,0.03232497349381447,0.1448201835155487,0.10338371992111206,0.3477284610271454,0.0031115037854760885,0.006646743044257164,0.2812117338180542
img.00004917,0.01743469387292862,0.01627916842699051,0.0019430691609159112,0.9461246728897095,0.012729755602777004,0.0002527251490391791,0.0008084952714852989,0.004427441395819187
img.00008061,0.18442386388778687,0.01039412897080183,0.006227891892194748,0.03610551357269287,0.022661719471216202,0.14146988093852997,0.5939313769340515,0.004785595927387476
img.00002635,0.031054725870490074,0.01306493952870369,0.002283550798892975,0.0013900493504479527,0.002946143504232168,0.0019886621739715338,0.9409129619598389,0.006358941085636616
img.00001669,0.08248680084943771,0.7089396715164185,0.03888501226902008,0.02413487806916237,0.015518267638981342,0.026843851432204247,0.04888578876852989,0.054305702447891235
img.00002328,0.11680398136377335,0.0018818816170096397,0.0011578411795198917,0.8554766178131104,0.00615137442946434,0.0007491392316296697,0.015136615373194218,0.0026425449177622795
img.00006672,0.37484124302864075,0.12686900794506073,0.07885511964559555,0.05880071595311165,0.03630375862121582,0.035362426191568375,0.19390560686588287,0.09506221115589142
img.00006078,0.3953135311603546,0.08335044234991074,0.13578194379806519,0.026887303218245506,0.04096265882253647,0.20926164090633392,0.06885508447885513,0.03958738595247269
img.00008860,0.021004365757107735,0.0116879316046834,0.007190809119492769,0.01096450537443161,0.5154599547386169,0.009130355902016163,0.3341943919658661,0.09036753326654434
img.00003507,0.002624054439365864,0.0007875050068832934,0.000836159335449338,0.0036973722744733095,0.9744591116905212,0.004552184604108334,0.01023607887327671,0.002807547338306904
img.00008847,0.3766944110393524,0.17161399126052856,0.17848044633865356,0.06349564343690872,0.028146391734480858,0.01100684329867363,0.05178774148225784,0.11877450346946716
img.00005415,0.02625250071287155,0.06935972720384598,0.058771777898073196,0.3016364872455597,0.10945510864257812,0.027648184448480606,0.0744599923491478,0.33241623640060425
img.00005114,0.019529500976204872,0.054136011749506,0.016299886628985405,0.04669201746582985,0.618823230266571,0.01619466207921505,0.16120290756225586,0.06712176650762558
img.00002205,0.0649711862206459,0.07326071709394455,0.013560052961111069,0.002551679266616702,0.18028369545936584,0.016160687431693077,0.6375917196273804,0.011620274744927883
img.00004579,0.02822188474237919,0.0730852484703064,0.04320785403251648,0.015269593335688114,0.13943223655223846,0.017284035682678223,0.12314428389072418,0.5603548288345337
img.00002325,0.5005043745040894,0.04408955201506615,0.017714686691761017,0.04992091655731201,0.003912154119461775,0.28998246788978577,0.0843190848827362,0.009556853212416172
img.00008045,0.6186810731887817,0.017727579921483994,0.004951770883053541,0.023398084565997124,0.06705160439014435,0.003177834441885352,0.25084206461906433,0.014169997535645962
img.00001140,0.029156776145100594,0.011486335657536983,0.061807408928871155,0.012859364040195942,0.5664700269699097,0.04777386412024498,0.09658090770244598,0.17386530339717865
img.00007419,0.9453270435333252,0.0012996121076866984,0.0017070620087906718,0.014616677537560463,0.0058844489976763725,0.007167655974626541,0.02201286144554615,0.0019846789073199034
img.00007105,0.16063302755355835,0.08680601418018341,0.39915022253990173,0.1793474406003952,0.0020882037933915854,0.004034410230815411,0.1241275817155838,0.043813154101371765
img.00006456,0.033911705017089844,0.7247477173805237,0.03375137224793434,0.02379293367266655,0.09330093115568161,0.01136049535125494,0.01829449273645878,0.06084035709500313
img.00008381,0.0829274132847786,0.0747695118188858,0.03379020094871521,0.04677925258874893,0.12449631094932556,0.006507596932351589,0.4601812958717346,0.17054830491542816
img.00008025,0.00794997252523899,0.000544430804438889,0.001400735811330378,0.0002393458562437445,0.010233255103230476,0.0034228358417749405,0.9400043487548828,0.03620510548353195
img.00004439,0.026092998683452606,0.06903927028179169,0.013230985961854458,0.14872801303863525,0.4453365206718445,0.0032610190100967884,0.015151255764067173,0.2791599929332733
img.00000989,0.0006683122483082116,0.0034669239539653063,0.0018635253654792905,0.0004603746347129345,0.045881953090429306,0.012883936986327171,0.04584357514977455,0.8889314532279968
img.00002584,0.4912949502468109,0.004397689830511808,0.00879417173564434,0.28135862946510315,0.05577429011464119,0.0023016934283077717,0.14021308720111847,0.01586546003818512
img.00004461,0.009814743883907795,0.0005875590140931308,0.0012373215286061168,0.0012550074607133865,0.005398309789597988,0.015387991443276405,0.9617899656295776,0.004529157187789679
img.00004425,0.5199838280677795,0.39066609740257263,0.01560933981090784,0.01951497793197632,0.006583280395716429,0.004871846176683903,0.029890423640608788,0.012880226597189903
img.00000721,0.3376774191856384,0.03083319030702114,0.2000425010919571,0.03449852764606476,0.021728621795773506,0.07950634509325027,0.1458730697631836,0.1498403251171112
img.00006441,0.13977839052677155,0.004512929357588291,0.32250577211380005,0.0034782092552632093,0.0053287954069674015,0.1688835471868515,0.1383506804704666,0.21716167032718658
img.00008904,0.3617478907108307,0.11608254909515381,0.3129175007343292,0.07840138673782349,0.012914051301777363,0.008008692413568497,0.01806432008743286,0.09186360239982605
img.00008896,0.27602794766426086,0.0701904222369194,0.07570511102676392,0.0489380918443203,0.05006850138306618,0.03868421912193298,0.08328071236610413,0.3571050763130188
img.00006478,0.007409094367176294,0.002239044290035963,0.0032061636447906494,0.0013145137345418334,0.014596076682209969,0.007155675441026688,0.29511845111846924,0.6689609289169312
img.00004799,0.0018270896980538964,0.0007646916783414781,0.00035915785701945424,0.0009106708457693458,0.040360480546951294,0.0002279691689182073,0.9491585493087769,0.006391511298716068
img.00004393,0.1529075652360916,0.08934992551803589,0.0307683777064085,0.15700669586658478,0.04966006800532341,0.011406869627535343,0.4763905704021454,0.03250996395945549
img.00001531,0.026752624660730362,0.07175746560096741,0.0648345798254013,0.004598457366228104,0.017444873228669167,0.03513602167367935,0.16530801355838776,0.6141679286956787
img.00007858,0.03262144699692726,0.8896237015724182,0.0072453743778169155,0.0018640795024111867,0.0018225912936031818,0.013292976655066013,0.0337836854159832,0.01974613405764103
img.00004887,0.005494113080203533,0.057430390268564224,0.02797822840511799,0.010529866442084312,0.28021523356437683,0.011131973937153816,0.5165082812309265,0.09071194380521774
img.00006000,0.22945822775363922,0.16819357872009277,0.16425153613090515,0.05013521388173103,0.04988930746912956,0.2757558524608612,0.027792107313871384,0.03452415019273758
img.00008238,0.14441344141960144,0.02019857056438923,0.005596081726253033,0.3131445050239563,0.20624715089797974,0.011585617437958717,0.296959787607193,0.00185493309982121
img.00007618,0.6362529397010803,0.19903604686260223,0.11237426102161407,0.022852323949337006,0.0015216789906844497,0.0008843960822559893,0.007886604405939579,0.019191835075616837
img.00006743,0.006267480552196503,0.006246595643460751,0.004236892331391573,0.0104783670976758,0.3186376690864563,0.01632154919207096,0.06903865933418274,0.5687728524208069
img.00002082,0.003944058436900377,0.008898356929421425,0.006278734654188156,0.00977716501802206,0.27722182869911194,0.016579344868659973,0.41781938076019287,0.25948116183280945
img.00004485,0.009148979559540749,0.023565346375107765,0.0005702678463421762,0.0003874883695971221,0.00332347652874887,0.004900326021015644,0.9523636698722839,0.005740445572882891
img.00001136,0.057061947882175446,0.5014505386352539,0.010599340312182903,0.007247379515320063,0.031879499554634094,0.002340795937925577,0.33302414417266846,0.05639629811048508
img.00004521,0.15514548122882843,0.033978287130594254,0.0059178294613957405,0.09649547934532166,0.04766223952174187,0.014918816275894642,0.6180317401885986,0.027850160375237465
img.00006837,0.14155042171478271,0.2014400213956833,0.198414608836174,0.08692412078380585,0.0727870836853981,0.038331348448991776,0.10633686929941177,0.15421554446220398
img.00002851,0.0017182388110086322,0.0006561923073604703,0.00019894810975529253,0.0006070477538742125,0.14154264330863953,0.006406185682862997,0.8430728912353516,0.005797862075269222
img.00003404,0.7895933389663696,0.0020269006490707397,0.0014109339099377394,0.1747008115053177,0.0027091829106211662,0.0021803872659802437,0.02660181373357773,0.0007766392664052546
img.00000191,0.0975593701004982,0.04776180535554886,0.021850520744919777,0.4750896096229553,0.1699461191892624,0.005530590657144785,0.06021891534328461,0.12204309552907944
img.00004337,0.0055319503881037235,0.004159776493906975,0.0010196921648457646,0.014555884525179863,0.07152605801820755,0.005597815383225679,0.8873513340950012,0.010257388465106487
img.00004675,0.7878050208091736,0.1567447930574417,0.01293663214892149,0.0043344441801309586,0.003232380375266075,0.003570869565010071,0.02945127710700035,0.0019245181465521455
img.00002690,0.0006404120358638465,0.0006426956970244646,0.00010965989349642769,0.00015815846563782543,0.01426145900040865,0.0019338427809998393,0.9722753763198853,0.009978394024074078
img.00000330,0.027437280863523483,0.009004455991089344,0.0030367847066372633,0.006018209271132946,0.004866096656769514,0.5943474173545837,0.35277971625328064,0.002510097110643983
img.00006276,0.0032830610871315002,0.0009206079412251711,0.0017155319219455123,0.012756431475281715,0.040356121957302094,0.009544799104332924,0.9073554277420044,0.02406812645494938
img.00008724,0.502342700958252,0.02908915840089321,0.032007090747356415,0.09957974404096603,0.013257363811135292,0.07839849591255188,0.21156351268291473,0.03376185521483421
img.00008135,0.021260390058159828,0.04737621173262596,0.02760394848883152,0.001794744050130248,0.00786128081381321,0.008651879616081715,0.4142344295978546,0.4712171256542206
img.00000821,0.943241536617279,0.011859986931085587,0.02159266546368599,0.004353382159024477,0.002049932489171624,0.0011822659289464355,0.014611530117690563,0.0011086681624874473
img.00002865,0.40173617005348206,0.03920275717973709,0.339773565530777,0.12513196468353271,0.005677513778209686,0.0009259372600354254,0.0007543645333498716,0.08679762482643127
img.00007861,0.12118334323167801,0.07128994166851044,0.009795292280614376,0.17377106845378876,0.14654144644737244,0.02073235809803009,0.32720285654067993,0.12948375940322876
img.00006402,0.13310512900352478,0.0024921493604779243,0.03211437910795212,0.005553336348384619,0.013958475552499294,0.03891999274492264,0.697952151298523,0.07590436935424805
img.00000119,0.7032954692840576,0.010138693265616894,0.04130696877837181,0.0894884392619133,0.008674577809870243,0.004640853498131037,0.13511987030506134,0.0073351385071873665
img.00006563,0.5757595896720886,0.15680986642837524,0.018008923158049583,0.011829470284283161,0.16386836767196655,0.03327949345111847,0.028481392189860344,0.01196292694658041
img.00000300,0.6230106353759766,0.08386632800102234,0.01915639638900757,0.036013562232255936,0.06279200315475464,0.012345931492745876,0.10204754024744034,0.06076765060424805
img.00001762,0.11543633043766022,0.08471149206161499,0.015114404261112213,0.004652246367186308,0.4626377522945404,0.028619693592190742,0.18981783092021942,0.09901018440723419
img.00005456,0.043438851833343506,0.02585197053849697,0.5197069644927979,0.14757362008094788,0.01280752383172512,0.001215741503983736,0.005234309937804937,0.24417100846767426
img.00002610,0.4178689122200012,0.017157532274723053,0.12549874186515808,0.19276295602321625,0.05862719938158989,0.0011962574208155274,0.16609054803848267,0.02079780213534832
img.00007189,0.09121813625097275,0.09574192017316818,0.028565574437379837,0.09535971283912659,0.05236630141735077,0.013753521256148815,0.5896040201187134,0.033390775322914124
img.00001527,0.009710123762488365,0.005671234801411629,0.0005259470781311393,0.0014043604023754597,0.007318085990846157,0.014256911352276802,0.938310980796814,0.022802412509918213
img.00004577,0.9469705820083618,0.017081188037991524,0.020481666550040245,0.0047431569546461105,0.00023607695766258985,0.003171170363202691,0.004889217205345631,0.0024270699359476566
img.00003145,0.0022161637898534536,0.005075561814010143,0.0016397172585129738,0.0013963107485324144,0.014083902351558208,0.3552444577217102,0.604802131652832,0.015541715547442436
img.00007666,0.0069397445768117905,0.023848505690693855,0.0461270771920681,0.0011822517262771726,0.013776580803096294,0.010356645099818707,0.6280500292778015,0.2697192132472992
img.00007622,0.018741369247436523,0.007811831776052713,0.015597328543663025,0.010785248130559921,0.19050803780555725,0.0021627407986670732,0.6803247928619385,0.07406862080097198
img.00000357,0.36809736490249634,0.012383071705698967,0.014978366903960705,0.4830283224582672,0.09320816397666931,0.0018038332927972078,0.021274695172905922,0.005226149223744869
img.00007779,0.004669640213251114,0.27729636430740356,0.002091294154524803,0.0005488933529704809,0.6448246836662292,0.00816637184470892,0.03602205216884613,0.026380717754364014
img.00007717,0.012080500833690166,0.004450436681509018,0.0003590561682358384,0.0011159011628478765,0.007246887311339378,0.004246492404490709,0.9680174589157104,0.0024833183269947767
img.00007887,0.021111665293574333,0.5739684700965881,0.00836213305592537,0.0024893905501812696,0.025362137705087662,0.0036395627539604902,0.3537244498729706,0.011342152021825314
img.00005047,0.10413281619548798,0.2266360968351364,0.03343086689710617,0.008897285908460617,0.0038963353727012873,0.009902000427246094,0.0861508697271347,0.5269537568092346
img.00007712,0.16344980895519257,0.08368145674467087,0.1175721287727356,0.15239441394805908,0.10722576081752777,0.006856403313577175,0.11499787867069244,0.2538221776485443
img.00000080,0.10284074395895004,0.06031329557299614,0.0607030875980854,0.34455734491348267,0.12694573402404785,0.0034759039990603924,0.2597697377204895,0.041394125670194626
img.00004836,0.009058292023837566,0.07112125307321548,0.13300548493862152,0.018190905451774597,0.04226027801632881,0.0068605681881308556,0.046252161264419556,0.6732510924339294
img.00008812,0.0002483031712472439,0.00022319202253129333,0.0005022457335144281,0.0006041254964657128,0.0022287850733846426,0.0018790343310683966,0.9530273675918579,0.041286978870630264
img.00002542,0.18666933476924896,0.055459633469581604,0.29368287324905396,0.13746364414691925,0.05189630016684532,0.08351597934961319,0.03250729665160179,0.15880489349365234
img.00004492,0.03740426525473595,0.05316951498389244,0.051188819110393524,0.054720889776945114,0.2363964170217514,0.19132782518863678,0.28877735137939453,0.08701487630605698
img.00006973,0.001637048670090735,0.0030974713154137135,0.0052901762537658215,0.007508827839046717,0.0476556271314621,0.0003545371873769909,0.6286342144012451,0.3058221638202667
img.00008384,0.019147716462612152,0.017633501440286636,0.0009728733566589653,0.00068060023477301,0.03401783108711243,0.146712526679039,0.7765864133834839,0.00424851942807436
img.00005201,0.013140076771378517,0.0020202433224767447,0.0023258833680301905,0.0060957735404372215,0.9201123118400574,0.0071723670698702335,0.007790043484419584,0.04134337976574898
img.00007859,0.026375597342848778,0.022247297689318657,0.026855167001485825,0.007748320233076811,0.03145639970898628,0.0005432447069324553,0.7404482364654541,0.1443256437778473
img.00007686,0.0038418180774897337,0.004617685917764902,0.0002397946227574721,0.0001851159322541207,0.0013940798817202449,0.047304000705480576,0.9392365217208862,0.0031809855718165636
img.00008392,0.06070704758167267,0.1342962384223938,0.13323785364627838,0.016023186966776848,0.026057718321681023,0.005416580010205507,0.04215486720204353,0.5821065306663513
img.00001242,0.11415968835353851,0.04383762180805206,0.032239966094493866,0.019694870337843895,0.009823481552302837,0.7355154156684875,0.02223985455930233,0.022489091381430626
img.00000360,0.010678116232156754,0.0029746259097009897,0.01810416392982006,0.0031456027645617723,0.07087672501802444,0.006706642918288708,0.047185350209474564,0.8403287529945374
img.00004178,0.5190783143043518,0.040164485573768616,0.23422423005104065,0.014754174277186394,0.026740452274680138,0.00219206721521914,0.0564647801220417,0.10638154298067093
img.00007629,0.03556491807103157,0.003069019177928567,0.001028544269502163,0.0017035192577168345,0.00397535739466548,0.07352874428033829,0.8798566460609436,0.0012733358889818192
img.00006085,0.10887406766414642,0.3960645794868469,0.2446976602077484,0.037348296493291855,0.007580452132970095,0.009553770534694195,0.055026859045028687,0.14085429906845093
img.00001807,0.33200758695602417,0.038324691355228424,0.016114136204123497,0.06330625712871552,0.006064196582883596,0.00837014615535736,0.5205689668655396,0.015244043432176113
img.00007045,0.1293117105960846,0.042836617678403854,0.10978252440690994,0.21317166090011597,0.07565712928771973,0.11696606874465942,0.25859418511390686,0.05368015170097351
img.00007726,0.09089437127113342,0.027477631345391273,0.0022281038109213114,0.006675947457551956,0.011140737682580948,0.012884808704257011,0.8389344811439514,0.009764040820300579
img.00003591,0.3567158877849579,0.09466547518968582,0.10585630685091019,0.014187786728143692,0.07164228707551956,0.048515670001506805,0.17443755269050598,0.13397903740406036
img.00003628,0.06053858622908592,0.013328107073903084,0.001163181266747415,0.015459061600267887,0.01973623037338257,0.010674659162759781,0.8698360323905945,0.009264139458537102
img.00002561,0.42451170086860657,0.001578227849677205,0.02177339792251587,0.48871156573295593,0.024137873202562332,0.004769664257764816,0.01914936490356922,0.015368201769888401
img.00003382,0.10915093868970871,0.11129850149154663,0.17580245435237885,0.06014159694314003,0.015393828973174095,0.025640819221735,0.1547216922044754,0.34785014390945435
img.00002125,0.06376143544912338,0.09330376237630844,0.3431191146373749,0.026583774015307426,0.3775562345981598,0.03647761046886444,0.012030518613755703,0.04716761037707329
img.00004010,0.08065187931060791,0.14924488961696625,0.022508617490530014,0.030220137909054756,0.037031155079603195,0.014546667225658894,0.6289154887199402,0.03688116744160652
img.00006597,0.0020819022320210934,0.0003441675507929176,0.00042645851499401033,0.0005217147408984601,0.9764643311500549,0.011244948022067547,0.004571620840579271,0.004344926681369543
img.00001296,0.056585073471069336,0.02633887156844139,0.008609144017100334,0.016013924032449722,0.014392313547432423,0.011393212713301182,0.8409313559532166,0.02573617361485958
img.00004313,0.1732437014579773,0.033956076949834824,0.009573593735694885,0.012827275320887566,0.005352904554456472,0.03427547961473465,0.6339265704154968,0.0968443751335144
img.00000297,0.0037772739306092262,0.003986061085015535,0.0009733637562021613,0.0006360514089465141,0.058395832777023315,0.015214351005852222,0.9105626940727234,0.006454375106841326
img.00002765,0.10140562802553177,0.0032634204253554344,0.0003445494803600013,0.001993219368159771,0.004967147018760443,0.019986523315310478,0.8659455180168152,0.0020939880050718784
img.00003634,0.0033109283540397882,0.003005086211487651,0.0011349315755069256,0.010395020246505737,0.9462549686431885,0.004215867258608341,0.01808486133813858,0.013598277233541012
img.00001671,0.005890785716474056,0.0035678332205861807,0.00067912443773821,0.0006269312580116093,0.004082170315086842,0.014983175322413445,0.9521225094795227,0.01804744265973568
img.00004372,0.3703552782535553,0.08679657429456711,0.03703031688928604,0.04448796436190605,0.042791225016117096,0.28697115182876587,0.10686343163251877,0.024704022333025932
img.00008245,0.566211998462677,0.07273931056261063,0.03040800243616104,0.012363958172500134,0.1206696629524231,0.010042048990726471,0.15560530126094818,0.03195974975824356
img.00005975,0.6747907400131226,0.03859501704573631,0.09603090584278107,0.010219188407063484,0.003998340107500553,0.04728805273771286,0.09080392867326736,0.03827374428510666
img.00005462,0.3262663781642914,0.01490449346601963,0.004124556668102741,0.37848392128944397,0.011962329968810081,0.0008379692444577813,0.2536206543445587,0.009799681603908539
img.00008436,0.02126486785709858,0.8501158952713013,0.003535866504535079,0.007820028811693192,0.015984470024704933,0.002535165986046195,0.09467874467372894,0.004064944107085466
img.00008899,0.025803813710808754,0.2737686336040497,0.6283345222473145,0.02997683361172676,0.018919995054602623,0.0016900446498766541,0.006609066855162382,0.01489707175642252
img.00006419,0.16572275757789612,0.35914117097854614,0.02080797590315342,0.046747490763664246,0.06415007263422012,0.05682821944355965,0.2456115484237671,0.04099081829190254
img.00008387,0.2991260290145874,0.018986040726304054,0.013555854558944702,0.0074921539053320885,0.12514261901378632,0.017725350335240364,0.4952335059642792,0.022738425061106682
img.00008828,0.7192789316177368,0.23269136250019073,0.012046033516526222,0.004788689315319061,0.002749854000285268,0.014452728442847729,0.00775690795853734,0.006235457491129637
img.00008740,0.0030539873987436295,0.0019385999767109752,0.001379879075102508,0.010408518835902214,0.22499866783618927,0.028325598686933517,0.5602713823318481,0.16962338984012604
img.00003961,0.14232340455055237,0.40336737036705017,0.03853761777281761,0.014688413590192795,0.029903419315814972,0.12639817595481873,0.21685397624969482,0.027927566319704056
img.00007492,0.03781715780496597,0.008600504137575626,0.0020273299887776375,0.0009491158416494727,0.037745967507362366,0.00440976582467556,0.8932293653488159,0.015220810659229755
img.00002106,1.726240589050576e-05,1.1046106919820886e-05,1.3628561646328308e-05,0.00013725375174544752,0.010399634949862957,0.0004904221859760582,0.9876576662063599,0.0012730734888464212
img.00008830,0.11469456553459167,0.05383610725402832,0.2675044536590576,0.007954856380820274,0.012170201167464256,0.023946231231093407,0.1276218593120575,0.3922717869281769
img.00004058,0.8872684836387634,0.0343279093503952,0.010832861997187138,0.006450169254094362,0.013103101402521133,0.0112084299325943,0.018449166789650917,0.018359871581196785
img.00004199,0.07899237424135208,0.0032196512911468744,0.003386764321476221,0.03914140909910202,0.5015476942062378,0.041935261338949203,0.2785697877407074,0.053207121789455414
img.00006772,0.8820062279701233,0.02599693462252617,0.02957010827958584,0.00248724571429193,0.0007400955073535442,0.029667949303984642,0.027626723051071167,0.0019046944798901677
img.00003335,0.122533418238163,0.023209435865283012,0.0335627943277359,0.03172536939382553,0.07547970861196518,0.09299509227275848,0.12787659466266632,0.4926176071166992
img.00008450,0.07360353320837021,0.3903619349002838,0.004454454407095909,0.006850600708276033,0.2679622769355774,0.02284844033420086,0.22765950858592987,0.006259281188249588
img.00006452,0.16687090694904327,0.10789742320775986,0.1500268280506134,0.013494151644408703,0.018501335754990578,0.010281288996338844,0.3683474659919739,0.1645805686712265
img.00000435,0.622629702091217,0.05755224823951721,0.24647103250026703,0.01973761059343815,0.009594056755304337,0.001701527158729732,0.02867719903588295,0.013636606745421886
img.00007522,0.0015226779505610466,0.0017240927554666996,0.0004548165888991207,0.0012698146747425199,0.011239747516810894,0.017447803169488907,0.9148401021957397,0.05150092393159866
img.00001809,0.5318849086761475,0.0513024628162384,0.015313339419662952,0.106526218354702,0.02721097134053707,0.09185108542442322,0.16283640265464783,0.013074568472802639
img.00000894,0.11072438955307007,0.049429044127464294,0.02024679444730282,0.03455057367682457,0.07077164202928543,0.014322808012366295,0.510506808757782,0.18944792449474335
img.00006157,0.2854197025299072,0.07943742722272873,0.19878070056438446,0.024173913523554802,0.1483759880065918,0.03194233775138855,0.09273449331521988,0.13913549482822418
img.00007915,0.6403724551200867,0.029496092349290848,0.050589434802532196,0.19286905229091644,0.04671824723482132,0.005377449560910463,0.014289362356066704,0.020287826657295227
img.00003511,0.491946280002594,0.06302782893180847,0.0159267820417881,0.006115959491580725,0.023918086662888527,0.038130175322294235,0.3553216755390167,0.005613189656287432
img.00006816,0.9419234395027161,0.009554306976497173,0.007814987562596798,0.018306350335478783,0.001323224976658821,0.014652270823717117,0.004246769938617945,0.002178705995902419
img.00000092,0.015195190906524658,0.0498245507478714,0.0019771456718444824,0.002608182840049267,0.09923300892114639,0.025437436997890472,0.7814965844154358,0.024227852001786232
img.00007151,0.025565745308995247,0.9358989000320435,0.01554439403116703,0.005091405473649502,0.005144651047885418,0.002749670995399356,0.0028733855579048395,0.007131906691938639
img.00006784,0.013337268494069576,0.14807645976543427,0.006937599740922451,0.003668410237878561,0.07880356907844543,0.022272398695349693,0.6269016265869141,0.10000264644622803
img.00003684,0.28994467854499817,0.011127227917313576,0.04150036722421646,0.030187999829649925,0.006399078760296106,0.007524373009800911,0.6005582213401794,0.012758082710206509
img.00002641,0.08253034204244614,0.056810975074768066,0.0031632420141249895,0.002101213438436389,0.0060339211486279964,0.003109837882220745,0.8277769684791565,0.01847357302904129
img.00007448,0.40783146023750305,0.002031804993748665,0.002825073665007949,0.005971584934741259,0.015804201364517212,0.015849875286221504,0.5468453764915466,0.002840588800609112
img.00005178,0.4482537508010864,0.01581363007426262,0.022223131731152534,0.46365654468536377,0.026682665571570396,0.004318896681070328,0.006848541088402271,0.012202856130897999
img.00006263,0.01928766444325447,0.020430807024240494,0.0030249087139964104,0.017974497750401497,0.275430828332901,0.0026190567295998335,0.6481176614761353,0.01311457622796297
img.00008027,0.006273183505982161,0.0025329748168587685,0.0017409545835107565,0.0008021147805266082,0.041250940412282944,0.01800680346786976,0.4995490312576294,0.4298440217971802
img.00005149,0.005964490585029125,0.14382608234882355,0.007355612702667713,0.0011154107050970197,0.016410287469625473,0.007617471273988485,0.07116496562957764,0.7465457320213318
img.00007436,0.3510012924671173,0.31148961186408997,0.275458961725235,0.01101648434996605,0.011621830984950066,0.014731713570654392,0.010585708543658257,0.01409430056810379
img.00002013,0.13475048542022705,0.7857469916343689,0.015367846935987473,0.04085313528776169,0.005344110541045666,0.0028999396599829197,0.009454039856791496,0.0055834027007222176
img.00001072,0.8164028525352478,0.028623122721910477,0.06546282023191452,0.017094410955905914,0.003990096040070057,0.005185354966670275,0.018050437793135643,0.04519083350896835
img.00002347,0.047337617725133896,0.010419541038572788,0.004355139564722776,0.006881850305944681,0.0066110510379076,0.617866039276123,0.3041888475418091,0.0023399852216243744
img.00005590,0.03605593368411064,0.009308235719799995,0.007843505591154099,0.03995603322982788,0.30529212951660156,0.003955190535634756,0.5199183821678162,0.07767053693532944
img.00002278,0.03174244984984398,0.6961250901222229,0.014832692220807076,0.012958208099007607,0.034266386181116104,0.016017984598875046,0.13741092383861542,0.056646283715963364
img.00007258,0.03297307714819908,0.06654714792966843,0.08245377242565155,0.4782158434391022,0.17103175818920135,0.004419062752276659,0.028556251898407936,0.13580305874347687
img.00000863,0.020975200459361076,0.3829542398452759,0.1926037073135376,0.04603217542171478,0.04650312289595604,0.01715204305946827,0.2062218189239502,0.08755775541067123
img.00006805,0.2131740301847458,0.23091362416744232,0.07952515035867691,0.008350107818841934,0.1318759322166443,0.011604159139096737,0.2939901053905487,0.030566859990358353
img.00006953,0.3078056573867798,0.11799060553312302,0.06893050670623779,0.033245109021663666,0.04001409187912941,0.12986771762371063,0.13689228892326355,0.16525399684906006
img.00008868,0.18020907044410706,0.23515097796916962,0.3626156747341156,0.04704991355538368,0.040948137640953064,0.007869872264564037,0.05437532812356949,0.07178111374378204
img.00005251,0.0591537244617939,0.06585627049207687,0.05313260853290558,0.013562585227191448,0.16047883033752441,0.0064753154292702675,0.5335946679115295,0.10774601995944977
img.00006171,0.32103946805000305,0.43571317195892334,0.06875438988208771,0.0027347116265445948,0.0022380982991307974,0.021601436659693718,0.04380868375301361,0.10411005467176437
img.00007667,0.0126835647970438,0.0037304493598639965,0.001118417363613844,0.007041815668344498,0.5687310099601746,0.012762380763888359,0.38343945145606995,0.010492907837033272
img.00008260,0.010986472479999065,0.0040495507419109344,0.0004728826752398163,0.0027137126307934523,0.005367262288928032,0.001902374206110835,0.9560773372650146,0.018430471420288086
img.00000356,0.00295393168926239,0.0031416008714586496,0.00608321325853467,0.0004341418680269271,0.00023275267449207604,0.9802839159965515,0.006043980363756418,0.0008264297503046691
img.00007891,0.4205704927444458,0.05890144035220146,0.059716418385505676,0.27976346015930176,0.02230214513838291,0.0516401082277298,0.10264930874109268,0.004456572234630585
img.00005487,0.1588589996099472,0.7762792110443115,0.021076928824186325,0.0013603668194264174,0.004249589517712593,0.013790755532681942,0.019057631492614746,0.005326529033482075
img.00002213,0.09281221032142639,0.10023171454668045,0.2796178460121155,0.15144482254981995,0.027583912014961243,0.030895253643393517,0.04846258834004402,0.2689516842365265
img.00003553,0.29896995425224304,0.10867587476968765,0.3741427958011627,0.17814774811267853,0.005188454873859882,0.0009337117080576718,0.018063265830278397,0.01587817445397377
img.00003979,0.0024321596138179302,0.0072083743289113045,0.004580938257277012,0.0032569007016718388,0.0716826468706131,0.01215140800923109,0.8668845891952515,0.03180292248725891
img.00008261,0.2659899890422821,0.07592680305242538,0.00696229375898838,0.0029455586336553097,0.03909909725189209,0.0023813811130821705,0.5755410194396973,0.03115389123558998
img.00002059,0.07911200076341629,0.0852997675538063,0.050841111689805984,0.19044281542301178,0.19028262794017792,0.011035251431167126,0.201753631234169,0.19123271107673645
img.00003543,0.0788402259349823,0.3477942645549774,0.009376334957778454,0.0016495926538482308,0.01727883517742157,0.02400219812989235,0.16125142574310303,0.3598071336746216
img.00007276,0.49045586585998535,0.008484979160130024,0.0046452609822154045,0.006471177563071251,0.0037889587692916393,0.2237534523010254,0.23059597611427307,0.03180425614118576
img.00002117,0.5426570177078247,0.02860228717327118,0.01939006708562374,0.17883554100990295,0.008176515810191631,0.0025260092224925756,0.21029187738895416,0.009520648047327995
img.00006842,0.02110203728079796,0.002637205645442009,0.0005345001118257642,0.0014966977760195732,0.008158520795404911,0.06562501937150955,0.8830088376998901,0.017437150701880455
img.00007266,0.026195697486400604,0.03519942983984947,0.0038506032433360815,0.001292948261834681,0.4335479438304901,0.08835002034902573,0.4041111171245575,0.007452252320945263
img.00001628,0.009426608681678772,0.0018639746122062206,0.0002557390835136175,0.0002131551445927471,0.0013454179279506207,0.017016323283314705,0.9662172198295593,0.003661575261503458
img.00005915,0.054582055658102036,0.13614758849143982,0.1773742139339447,0.025971388444304466,0.015962261706590652,0.0843205451965332,0.21254083514213562,0.29310107231140137
img.00007558,0.03517802804708481,0.0462762713432312,0.015311081893742085,0.04175525903701782,0.03799047693610191,0.0065969061106443405,0.4021768867969513,0.4147151708602905
img.00001950,0.028336694464087486,0.016085423529148102,0.0786053016781807,0.13509070873260498,0.19044823944568634,0.007937689311802387,0.060473669320344925,0.48302221298217773
img.00007555,0.022860391065478325,0.030478036031126976,0.128813698887825,0.041487231850624084,0.1044522076845169,0.004309302661567926,0.05799650773406029,0.6096025705337524
img.00000778,0.9696595072746277,0.002997351810336113,0.01072358526289463,0.0016036630840972066,0.002608225680887699,0.0056731305085122585,0.0051497784443199635,0.0015847168397158384
img.00005440,0.0056146583519876,0.029268579557538033,0.002269960707053542,0.0005130962817929685,0.005441698245704174,0.018944192677736282,0.6830657720565796,0.2548820674419403
img.00000664,0.4358971416950226,0.05571945756673813,0.03931276127696037,0.010900021530687809,0.043174244463443756,0.021285269409418106,0.35899820923805237,0.03471280261874199
img.00001757,0.1765981912612915,0.6446325778961182,0.03271350637078285,0.00577947124838829,0.04547279700636864,0.004076431505382061,0.08701758831739426,0.0037093900609761477
img.00000898,0.27651751041412354,0.020726485177874565,0.009549582377076149,0.003513431642204523,0.004696848336607218,0.4279605448246002,0.250222384929657,0.006813223008066416
img.00007029,0.0075041125528514385,0.0006020762957632542,0.0004124315164517611,0.0020480903331190348,0.03209628537297249,0.014988343231379986,0.9411898851394653,0.0011588071938604116
img.00007860,0.012809044681489468,0.006455587688833475,0.01204122044146061,0.002685367129743099,0.00999246072024107,0.05784671753644943,0.7392155528068542,0.15895399451255798
img.00007548,0.028875812888145447,0.015658793970942497,0.009178410284221172,0.002560124034062028,0.016385085880756378,0.06825227290391922,0.8395861387252808,0.019503377377986908
img.00000067,0.08648879081010818,0.07766526937484741,0.06307189166545868,0.3268475830554962,0.07236973941326141,0.010720650665462017,0.27042171359062195,0.09241433441638947
img.00000728,0.0021036933176219463,0.0004744147299788892,0.0002587638737168163,0.0008778058108873665,0.3426719903945923,0.0208711139857769,0.5789622664451599,0.05377999320626259
img.00005837,0.4017781913280487,0.4578205347061157,0.010416804812848568,0.0038090997841209173,0.0024318781215697527,0.016866140067577362,0.05860535800457001,0.04827200621366501
img.00002131,0.030956938862800598,0.031283218413591385,0.04192163050174713,0.05849829688668251,0.11558644473552704,0.03143327683210373,0.4186624586582184,0.2716577649116516
img.00003032,0.06724473834037781,0.04170840233564377,0.013490518555045128,0.01707460731267929,0.09012451022863388,0.01299204770475626,0.6597151756286621,0.09764987975358963
img.00001145,0.008584090508520603,0.018764734268188477,0.007927138358354568,0.00816274806857109,0.6300675868988037,0.0026822611689567566,0.28066807985305786,0.043143436312675476
img.00000037,0.015731118619441986,0.9306776523590088,0.023057343438267708,0.016388418152928352,0.002430117689073086,0.0017205890035256743,0.0018221320351585746,0.008172673173248768
img.00000782,0.013946528546512127,0.0060098194517195225,0.0015151206171140075,0.005135196261107922,0.008213113993406296,0.005708078388124704,0.9545586705207825,0.0049133747816085815
img.00004878,0.12084794789552689,0.016704406589269638,0.002858611522242427,0.012593260034918785,0.020297713577747345,0.0121919559314847,0.8124522566795349,0.0020538130775094032
img.00003593,0.10402458906173706,0.0321987047791481,0.02443764917552471,0.036265142261981964,0.3156763017177582,0.09172558784484863,0.2235465794801712,0.17212538421154022
img.00008223,0.15320031344890594,0.03978946805000305,0.03704652935266495,0.008873741142451763,0.07217049598693848,0.008137071505188942,0.5794797539710999,0.1013026237487793
img.00000842,0.132334366440773,0.020764393731951714,0.003236363409087062,0.005917930975556374,0.012588472105562687,0.04320843145251274,0.6619948148727417,0.11995521187782288
img.00001765,0.4942672550678253,0.21968266367912292,0.07125302404165268,0.013487376272678375,0.02038620226085186,0.09582778066396713,0.07069377601146698,0.014401957392692566
img.00006868,0.00041957179200835526,0.0005759536288678646,0.00022166968847159296,8.033007907215506e-05,0.0029942679684609175,0.0011563616571947932,0.9905253052711487,0.004026684910058975
img.00003264,0.028323955833911896,0.16138955950737,0.06235413998365402,0.01643635332584381,0.011659812182188034,0.00794881023466587,0.008001524955034256,0.7038858532905579
img.00008064,0.08177395910024643,0.026886658743023872,0.03408948332071304,0.0052496520802378654,0.006282669026404619,0.38484272360801697,0.4208441972732544,0.04003078490495682
img.00002402,0.7925169467926025,0.025814007967710495,0.01287834718823433,0.0073007638566195965,0.0022202162072062492,0.05185960978269577,0.09494992345571518,0.012460230849683285
img.00004978,0.06894613057374954,0.4391334354877472,0.029811566695570946,0.05919048935174942,0.048888858407735825,0.04605375975370407,0.20154240727424622,0.10643338412046432
img.00007610,0.15743747353553772,0.0514284111559391,0.025426847860217094,0.014257499948143959,0.08262038230895996,0.22712962329387665,0.3081923723220825,0.13350741565227509
img.00007875,0.3424361050128937,0.027063580229878426,0.3113787770271301,0.15916277468204498,0.06876236200332642,0.04857078939676285,0.008638576604425907,0.033987049013376236
img.00005949,0.03702409565448761,0.01513492502272129,0.004483984783291817,0.0032310099340975285,0.6279811263084412,0.06723261624574661,0.23907563090324402,0.005836667958647013
img.00004430,0.7106171250343323,0.014871901832520962,0.13330690562725067,0.02886863239109516,0.0812625139951706,0.006853537634015083,0.003927189856767654,0.020292170345783234
img.00002424,0.44658148288726807,0.011221739463508129,0.005216273479163647,0.3423435389995575,0.08588847517967224,0.0005435750936158001,0.10486692190170288,0.003338077338412404
img.00008191,0.18321268260478973,0.2694501280784607,0.12395773082971573,0.01371280662715435,0.06230754032731056,0.0044721029698848724,0.26841458678245544,0.07447236031293869
img.00008754,0.7156135439872742,0.09523840993642807,0.09550435841083527,0.03627714887261391,0.003414217382669449,0.010891965590417385,0.01822631247341633,0.024834124371409416
img.00005832,0.41091305017471313,0.07110370695590973,0.007615391165018082,0.006636991165578365,0.08375710994005203,0.1652366667985916,0.11875351518392563,0.1359836310148239
img.00006280,0.35553932189941406,0.06920672953128815,0.13026063144207,0.007783802691847086,0.035447489470243454,0.006427592597901821,0.25266018509864807,0.14267435669898987
img.00004105,0.9481984376907349,0.007479626219719648,0.003072808962315321,0.00928272120654583,0.0029049268923699856,0.016214407980442047,0.00469977455213666,0.008147325366735458
img.00007758,0.2844984829425812,0.029165176674723625,0.006115664262324572,0.2918178141117096,0.25199365615844727,0.004093638621270657,0.07530274987220764,0.05701277405023575
img.00001149,0.4936395287513733,0.04595320299267769,0.08116520941257477,0.2623985707759857,0.027192598208785057,0.05129596218466759,0.03379726782441139,0.004557636566460133
img.00001742,0.014084294438362122,0.004345748107880354,0.0022428547963500023,0.012460376136004925,0.003918098751455545,0.18846653401851654,0.7733415961265564,0.0011404688702896237
img.00003104,0.011376209557056427,0.008210011757910252,0.02174021676182747,0.00888621062040329,0.020612850785255432,0.0038557539228349924,0.6709308624267578,0.25438785552978516
img.00004761,0.7547444105148315,0.002634118078276515,0.029264643788337708,0.0043965610675513744,0.08083005994558334,0.04576122388243675,0.06295033544301987,0.01941860280930996
img.00006879,0.08167324960231781,0.05813472345471382,0.02641437202692032,0.6388646364212036,0.040300000458955765,0.0015986311482265592,0.13983947038650513,0.01317488681524992
img.00006407,0.1468508541584015,0.016815049573779106,0.002039880258962512,0.004667952656745911,0.027464017271995544,0.01043938659131527,0.7782766819000244,0.01344610657542944
img.00002011,0.2123817652463913,0.0070557668805122375,0.05832737684249878,0.02283541113138199,0.09106903523206711,0.11805199086666107,0.3990190625190735,0.09125964343547821
img.00006722,0.3691876530647278,0.021147191524505615,0.2751183807849884,0.05350783094763756,0.03188100829720497,0.006859215442091227,0.11498359590768814,0.12731517851352692
img.00003943,0.023482564836740494,0.348098486661911,0.5233763456344604,0.008331201039254665,0.014905856922268867,0.011888174340128899,0.020234063267707825,0.04968325421214104
img.00008781,0.005482396576553583,0.026806244626641273,0.0013784393668174744,0.000912899267859757,0.017906304448843002,0.003782682353630662,0.33857789635658264,0.6051530241966248
img.00006680,0.06993395835161209,0.027833711355924606,0.003207035129889846,0.008042948320508003,0.3163010776042938,0.013973950408399105,0.2537764608860016,0.30693092942237854
img.00002885,0.03816278651356697,0.002004210837185383,0.0015455868560820818,0.13514645397663116,0.46934112906455994,0.001521267811767757,0.29724231362342834,0.05503620207309723
img.00003278,0.009183323010802269,0.0002861676912289113,0.00036183162592351437,0.0018722099484875798,0.01900581642985344,0.0018439197447150946,0.9651241302490234,0.0023225275799632072
img.00001990,0.00679604010656476,0.008854481391608715,0.003941635135561228,0.008583477698266506,0.3706904649734497,0.018418069928884506,0.5788940787315369,0.0038217667024582624
img.00000867,0.9471375942230225,0.013532203622162342,0.0032114561181515455,0.020406052470207214,0.0032141017727553844,0.004747919738292694,0.004866837989538908,0.002883811481297016
img.00004429,0.4541717767715454,0.09519103169441223,0.010531202889978886,0.004792343359440565,0.012907750904560089,0.09108573943376541,0.12176305800676346,0.20955707132816315
img.00003956,0.007909893989562988,0.9595539569854736,0.008846462704241276,0.011034864000976086,0.004887616727501154,0.0013050958514213562,0.0033326551783829927,0.003129429416731
img.00002595,0.0005005827988497913,0.005350529681891203,0.0028365831822156906,0.00043854487012140453,0.017604365944862366,0.0034818388521671295,0.3612874746322632,0.6085000038146973
img.00003424,0.018658583983778954,0.024638010188937187,0.0035623335279524326,0.8845174908638,0.016798898577690125,0.001147355535067618,0.04039955511689186,0.01027783751487732
img.00007753,0.020827729254961014,0.0024077515117824078,0.0007100161747075617,0.0025063948705792427,0.003614826826378703,0.00915930699557066,0.9591309428215027,0.0016430513933300972
img.00002486,0.07610735297203064,0.5613864064216614,0.12096215039491653,0.03494010493159294,0.023729169741272926,0.058052077889442444,0.06881154328584671,0.05601116269826889
img.00006148,0.1535784751176834,0.11636147648096085,0.017657430842518806,0.004519274923950434,0.00819202046841383,0.1253267228603363,0.4757198095321655,0.09864483773708344
img.00001395,0.16256293654441833,0.001470644841901958,0.0002929166075773537,0.011286729946732521,0.033237580209970474,0.014998950064182281,0.7755051851272583,0.0006451111403293908
img.00000712,0.1256554275751114,0.047111913561820984,0.15349581837654114,0.034302376210689545,0.044482238590717316,0.15357710421085358,0.2491784691810608,0.19219671189785004
img.00007314,0.40728941559791565,0.04964809864759445,0.01349550485610962,0.007082537282258272,0.07185163348913193,0.39683446288108826,0.03977581858634949,0.014022468589246273
img.00007592,0.00684644840657711,0.0012332065962255,0.0020088758319616318,0.9100040197372437,0.029095081612467766,0.0008243854972533882,0.0387314073741436,0.011256638914346695
img.00007188,0.08050566911697388,0.1271316260099411,0.5685723423957825,0.04256714507937431,0.06367036700248718,0.008452298119664192,0.05308273062109947,0.056017905473709106
img.00003334,0.740364670753479,0.041780855506658554,0.006742893718183041,0.0024392269551753998,0.0019493596628308296,0.0058514513075351715,0.17926743626594543,0.021604057401418686
img.00004263,0.12932118773460388,0.17991022765636444,0.6269198060035706,0.0013141816016286612,0.005203219596296549,0.010762849822640419,0.009795093908905983,0.03677348047494888
img.00000906,0.15463076531887054,0.09790992736816406,0.054049208760261536,0.17934423685073853,0.0829407200217247,0.016241852194070816,0.1500626653432846,0.2648206055164337
img.00001878,0.035077452659606934,0.027243683114647865,0.0032623137813061476,0.021874334663152695,0.034735627472400665,0.007111669052392244,0.8573043346405029,0.013390603475272655
img.00004420,0.6659607291221619,0.02546028047800064,0.16770929098129272,0.04246807470917702,0.016675984486937523,0.005463752895593643,0.013075537048280239,0.06318635493516922
img.00006434,0.908251166343689,0.068211130797863,0.004559813998639584,0.008271660655736923,0.003262875834479928,0.0002581591543275863,0.00446685217320919,0.0027183773927390575
img.00003513,0.43063753843307495,0.00420337775722146,0.007407902739942074,0.2884039878845215,0.1194385439157486,0.0054636490531265736,0.11276310682296753,0.03168193995952606
img.00001401,0.07006295770406723,0.009554160758852959,0.011254309676587582,0.009318746626377106,0.055856384336948395,0.1915900558233261,0.6352115869522095,0.01715179532766342
img.00004584,0.006613715086132288,0.001140032080002129,0.00011369870480848476,0.0004972157184965909,0.013525420799851418,0.013926838524639606,0.9640865921974182,9.646042599342763e-05
img.00002887,0.19562160968780518,0.10256539285182953,0.08816339820623398,0.2884308993816376,0.04471348226070404,0.02594754286110401,0.20129580795764923,0.053261835128068924
img.00007938,0.047331422567367554,0.0035917891655117273,0.002416406525298953,0.001852362765930593,0.013483219780027866,0.0017154819797724485,0.9214468598365784,0.008162522688508034
img.00008094,0.01850065402686596,0.002516464563086629,0.0020756814628839493,0.054996877908706665,0.7399218678474426,0.0026578200049698353,0.16518047451972961,0.014150178991258144
img.00006785,0.04444947466254234,0.04743863642215729,0.03415728360414505,0.014164420776069164,0.1290101855993271,0.26053184270858765,0.2842448651790619,0.18600337207317352
img.00008170,0.5564666390419006,0.14692549407482147,0.0523349866271019,0.08112239092588425,0.031073080375790596,0.007480952888727188,0.10901729762554169,0.015579134225845337
img.00008403,0.022529853507876396,0.028394367545843124,0.004327712580561638,0.003008822910487652,0.008527352474629879,0.2808188199996948,0.6434571146965027,0.008936026133596897
img.00003762,0.4131929278373718,0.09205814450979233,0.04030879586935043,0.030143192037940025,0.026448821648955345,0.007467571180313826,0.19654519855976105,0.1938353329896927
img.00003277,0.376446396112442,0.07052913308143616,0.06674086302518845,0.025159871205687523,0.054935384541749954,0.05538669228553772,0.22199967503547668,0.12880201637744904
img.00005626,0.0020868536084890366,0.0011094574583694339,0.00018567772349342704,0.00045278010657057166,0.0072513148188591,0.0019735342357307673,0.9525113105773926,0.034429069608449936
img.00000126,0.7318583726882935,0.013307472690939903,0.014284821227192879,0.11881931871175766,0.016425007954239845,0.007769156713038683,0.07573908567428589,0.021796822547912598
img.00001148,0.006517350673675537,0.0023576179519295692,0.0022063949145376682,0.00046606926480308175,0.005566170439124107,0.06884676218032837,0.8849676847457886,0.029071955010294914
img.00008682,0.08786551654338837,0.03784741461277008,0.09031859040260315,0.13956278562545776,0.07599680870771408,0.08951486647129059,0.08888177573680878,0.39001229405403137
img.00005007,0.0032888709101825953,0.9173110723495483,0.010466773994266987,0.006028303410857916,0.031053131446242332,0.002485501579940319,0.02394554205238819,0.0054208445362746716
img.00005136,0.572920024394989,0.025931943207979202,0.15399114787578583,0.010875774547457695,0.006065535359084606,0.17156243324279785,0.04697693884372711,0.011676158756017685
img.00000655,0.04105861485004425,0.017120355740189552,0.01780795305967331,0.014227785170078278,0.07020550221204758,0.022126026451587677,0.7199729681015015,0.09748078882694244
img.00004090,0.06072312965989113,0.11074178665876389,0.017941931262612343,0.084378682076931,0.0617639496922493,0.013054153881967068,0.5520843863487244,0.09931205213069916
img.00005679,0.016004528850317,0.0012912864331156015,0.0003183012595400214,0.001524534192867577,0.02730218879878521,0.0030810681637376547,0.94272780418396,0.007750349119305611
img.00004546,0.00784173235297203,0.004957042168825865,0.0009581753402017057,0.0012415122473612428,0.016502434387803078,0.14641880989074707,0.8164734244346619,0.005606912076473236
img.00006646,0.992209792137146,0.0028831788804382086,0.0010354544501751661,0.0016831497196108103,0.00023813497682567686,0.0003564393555279821,0.0010864039650186896,0.0005075147491879761
img.00008156,0.04563715681433678,0.0170572679489851,0.008950557559728622,0.0007629083702340722,0.005832821596413851,0.07106561213731766,0.7352136969566345,0.1154799610376358
img.00003623,0.005542324390262365,0.002294838661327958,0.0005853158072568476,0.9535579085350037,0.03627254441380501,0.00029175166855566204,0.0008769289706833661,0.0005784069653600454
img.00000648,0.8971977829933167,0.0020710870157927275,0.037772778421640396,0.0030057260300964117,0.00219088071025908,0.013230872340500355,0.038142889738082886,0.0063880509696900845
img.00000559,0.7568897008895874,0.006510928738862276,0.002001602668315172,0.07078628987073898,0.01706003025174141,0.028432020917534828,0.1029500961303711,0.015369274653494358
img.00005559,0.04195714741945267,0.031113723292946815,0.25215381383895874,0.3272606432437897,0.0969415009021759,0.0076814997009932995,0.020280541852116585,0.2226111888885498
img.00002349,0.3357419967651367,0.029209649190306664,0.057583726942539215,0.38525277376174927,0.05609365180134773,0.016492322087287903,0.07567212730646133,0.04395374655723572
img.00004894,0.08153075724840164,0.013431211933493614,0.008563368581235409,0.005996284075081348,0.60756516456604,0.04037223011255264,0.22986698150634766,0.012673968449234962
img.00006590,0.02779262699186802,0.0007637244998477399,0.0003352822386659682,0.019900809973478317,0.005639964714646339,0.0036317692138254642,0.9395115375518799,0.002424257807433605
img.00007470,0.47896674275398254,0.08643382787704468,0.11337071657180786,0.12360704690217972,0.023628080263733864,0.025163939222693443,0.12823307514190674,0.02059665508568287
img.00007027,0.6220959424972534,0.03637184202671051,0.04417511075735092,0.07464241981506348,0.013918721117079258,0.007582015357911587,0.15811966359615326,0.04309418797492981
img.00001951,0.039113420993089676,0.021809130907058716,0.058785419911146164,0.014644645154476166,0.1814006268978119,0.06340496987104416,0.2683684527873993,0.35247328877449036
img.00002800,0.05805259570479393,0.34568312764167786,0.025491438806056976,0.03494644537568092,0.33444029092788696,0.012728741392493248,0.05025803670287132,0.1383994072675705
img.00003708,0.5151651501655579,0.4116022288799286,0.01515029463917017,0.020450381562113762,0.005186666734516621,0.008573435246944427,0.011192701756954193,0.012679127044975758
img.00006922,0.8258238434791565,0.06379126012325287,0.017030972987413406,0.004967412445694208,0.002173993969336152,0.0049854181706905365,0.050661779940128326,0.030565312132239342
img.00002248,0.6164038181304932,0.020590443164110184,0.058806415647268295,0.018587902188301086,0.00483890064060688,0.07589398324489594,0.19001135230064392,0.014867261052131653
img.00001336,0.003800554433837533,0.000654833042062819,0.00013415474677458405,0.0007067649275995791,0.06703329086303711,0.007589375134557486,0.9161490797996521,0.003931955900043249
img.00001915,0.015114326030015945,0.014780044555664062,0.016178229823708534,0.009022615849971771,0.12328018993139267,0.009023042395710945,0.7762138843536377,0.03638772293925285
img.00007216,0.15639537572860718,0.03865524008870125,0.17298807203769684,0.05097169056534767,0.2739074230194092,0.03586652874946594,0.20407594740390778,0.06713974475860596
img.00008751,0.05141916871070862,0.07018806040287018,0.034237708896398544,0.008204057812690735,0.06666277348995209,0.04609008878469467,0.3764585256576538,0.34673964977264404
img.00004116,0.8386340141296387,0.02392381988465786,0.022260461002588272,0.02587570622563362,0.0020270359236747026,0.05076930671930313,0.022323207929730415,0.014186393469572067
img.00002506,0.014604653231799603,0.08762203902006149,0.016476865857839584,0.012362457811832428,0.02422563172876835,0.006272479891777039,0.45494237542152405,0.383493572473526
img.00003742,0.06411497294902802,0.2599750757217407,0.18235696852207184,0.01027534157037735,0.04527832567691803,0.012391756288707256,0.24390074610710144,0.18170680105686188
img.00005143,0.35517388582229614,0.04254978150129318,0.4954226315021515,0.002791822189465165,0.021598702296614647,0.014606975950300694,0.03719796612858772,0.030658302828669548
img.00007633,0.0542617030441761,0.012672794051468372,0.004900413565337658,0.011675997637212276,0.6821697354316711,0.033716704696416855,0.19413478672504425,0.006467787548899651
img.00004862,0.047786738723516464,0.033075783401727676,0.0043245162814855576,0.016531597822904587,0.41681817173957825,0.04870361462235451,0.42743176221847534,0.00532783567905426
img.00001881,0.013661940582096577,0.009714053012430668,0.0014968103496357799,0.001023662043735385,0.29726412892341614,0.05362365022301674,0.5075828433036804,0.11563295871019363
img.00005345,0.020703664049506187,0.0486130453646183,0.017520274966955185,0.14843830466270447,0.36892709136009216,0.01668800786137581,0.3515395522117615,0.02757001295685768
img.00002573,0.035145387053489685,0.006576839368790388,0.0007686362368986011,0.011338017880916595,0.005253574810922146,0.0027141962200403214,0.9362611770629883,0.0019422004697844386
img.00006005,0.4451300799846649,0.15738290548324585,0.03431900218129158,0.036520447582006454,0.04656737670302391,0.1446637660264969,0.09198102355003357,0.04343529790639877
img.00005474,0.2974698841571808,0.2849566340446472,0.026978490874171257,0.0031295050866901875,0.10003238916397095,0.012855990789830685,0.24913091957569122,0.02544616162776947
img.00003457,0.23988637328147888,0.011260908097028732,0.010757003910839558,0.01724664680659771,0.015625279396772385,0.002020986517891288,0.6929504871368408,0.010252258740365505
img.00005658,0.4984581470489502,0.16375860571861267,0.10921036452054977,0.01569991186261177,0.040604040026664734,0.028477046638727188,0.04340517893433571,0.10038674622774124
img.00007963,0.18290004134178162,0.061661478132009506,0.34748661518096924,0.006652355194091797,0.33189669251441956,0.002333443146198988,0.017518123611807823,0.049551259726285934
img.00003442,0.0013988083228468895,0.0006891416269354522,7.056479807943106e-05,6.120856414781883e-05,0.0016316073015332222,0.009404168464243412,0.9864887595176697,0.00025572688900865614
img.00000497,0.0027479706332087517,0.8029863238334656,0.0009284024708904326,0.0017432225868105888,0.11490266770124435,0.002447887323796749,0.07305603474378586,0.0011875196360051632
img.00005836,0.011006869375705719,0.9485705494880676,0.02484275959432125,0.0022578707430511713,0.0007231006748043001,0.0012974196579307318,0.005300173070281744,0.006001167465001345
img.00000969,0.11506959795951843,0.12255605310201645,0.03262796998023987,0.01635332964360714,0.05757960304617882,0.18411533534526825,0.28430411219596863,0.18739402294158936
img.00008285,0.003947188146412373,0.1309317797422409,0.0030630305409431458,0.0009783173445612192,0.024504635483026505,0.003703080350533128,0.8206865191459656,0.012185381725430489
img.00008776,0.0871167927980423,0.04524397477507591,0.09333153069019318,0.07285380363464355,0.526218593120575,0.011442570015788078,0.07244360446929932,0.09134919196367264
