macro_precision,macro_recall,macro_f1,class_0_precision,class_0_recall,class_0_f1,class_1_precision,class_1_recall,class_1_f1,class_2_precision,class_2_recall,class_2_f1,class_3_precision,class_3_recall,class_3_f1,class_4_precision,class_4_recall,class_4_f1,class_5_precision,class_5_recall,class_5_f1,class_6_precision,class_6_recall,class_6_f1,class_7_precision,class_7_recall,class_7_f1
0.14251681300273736,0.18080637552669934,0.12252445920691278,0.18489254108723135,0.5885311871227364,0.2813852813852814,0.0,0.0,0.0,0.15396341463414634,0.12362301101591187,0.13713509843856075,0.0,0.0,0.0,0.24691358024691357,0.03861003861003861,0.0667779632721202,0.0,0.0,0.0,0.35842293906810035,0.1443001443001443,0.205761316872428,0.19594202898550725,0.5513866231647635,0.2891360136869119
