img_id,img_amusement,img_awe,img_contentment,img_excitement,img_anger,img_disgust,img_fear,img_sadness
img.00000356,0.8354767560958862,0.009755968116223812,0.0937652736902237,0.006053991615772247,0.014005372300744057,0.019527019932866096,0.01509184017777443,0.006323805544525385
img.00000017,0.23674796521663666,0.03911059722304344,0.15425504744052887,0.03029755689203739,0.15087644755840302,0.017266230657696724,0.30685320496559143,0.06459297239780426
img.00000330,0.008903423324227333,0.002493498846888542,0.000794922118075192,0.0026129228062927723,0.008723459206521511,0.006857086438685656,0.9639739990234375,0.005640668328851461
img.00000037,0.5063546895980835,0.1729518324136734,0.04253946989774704,0.03311031684279442,0.08261239528656006,0.11342748999595642,0.029350729659199715,0.019653059542179108
img.00000357,0.17443950474262238,0.03895125910639763,0.0687757357954979,0.13684122264385223,0.22806262969970703,0.017604416236281395,0.1252056509256363,0.2101195603609085
img.00000056,0.21577729284763336,0.13931035995483398,0.16256071627140045,0.2229592651128769,0.06518272310495377,0.01976548135280609,0.11093887686729431,0.06350526213645935
img.00000360,0.012576687149703503,0.00616531353443861,0.005010003689676523,0.04521027207374573,0.7297574281692505,0.005065909121185541,0.0649043396115303,0.13131006062030792
img.00000067,0.06074174866080284,0.08107182383537292,0.01587931253015995,0.6469148397445679,0.08250775188207626,0.003150240983814001,0.07214311510324478,0.03759116679430008
img.00000374,0.37246930599212646,0.05640466511249542,0.08440473675727844,0.01659530960023403,0.015439593233168125,0.39076370000839233,0.022768652066588402,0.041153986006975174
img.00000070,0.11320100724697113,0.07610324025154114,0.35577383637428284,0.1579059511423111,0.1766764521598816,0.004556774161756039,0.03482341766357422,0.08095929026603699
img.00000375,0.33021754026412964,0.037238527089357376,0.017948856577277184,0.026634614914655685,0.013114606961607933,0.02186993695795536,0.5375160574913025,0.015459905378520489
img.00000071,0.06477851420640945,0.21368011832237244,0.031057974323630333,0.11417413502931595,0.08189741522073746,0.015383733436465263,0.21408414840698242,0.2649438977241516
img.00000381,0.4286899268627167,0.015816068276762962,0.0509490966796875,0.05785069614648819,0.051015451550483704,0.33386102318763733,0.05349644646048546,0.008321346715092659
img.00000080,0.03161690756678581,0.01967369019985199,0.0016860822215676308,0.01758566126227379,0.008922211825847626,0.0021498140413314104,0.9012687802314758,0.01709684170782566
img.00000402,0.028212489560246468,0.010960625484585762,0.03716272860765457,0.004083139821887016,0.09223028272390366,0.002320073312148452,0.615382969379425,0.20964767038822174
img.00000083,0.6639041900634766,0.02372119389474392,0.037324439734220505,0.13266608119010925,0.021719535812735558,0.05990821123123169,0.04101395606994629,0.019742392003536224
img.00000409,0.1715257167816162,0.054454997181892395,0.07315516471862793,0.02093859761953354,0.11801844090223312,0.006235393695533276,0.3430884778499603,0.21258319914340973
img.00000092,0.03674519807100296,0.6191567182540894,0.03229232504963875,0.11530134826898575,0.03392772376537323,0.003299242816865444,0.11402282863855362,0.04525453597307205
img.00000410,0.6690976619720459,0.005468687508255243,0.003563772654160857,0.09540943801403046,0.020460283383727074,0.03937141224741936,0.16118016839027405,0.005448504816740751
img.00000094,0.11355128884315491,0.014346239157021046,0.02677842788398266,0.09427741169929504,0.024940190836787224,0.011374997906386852,0.6360467672348022,0.07868467271327972
img.00000421,0.3794877231121063,0.007210788317024708,0.002582198940217495,0.03549741581082344,0.03036157786846161,0.08498865365982056,0.45590606331825256,0.003965572454035282
img.00000102,0.26687896251678467,0.6654595732688904,0.04983020946383476,0.0039432174526154995,0.0015634519513696432,0.0020773489959537983,0.005881838034838438,0.004365301690995693
img.00000422,0.0016443101922050118,0.002216870663687587,0.0020846696570515633,0.008312766440212727,0.11277651786804199,0.011329906061291695,0.8425772190093994,0.01905774138867855
img.00000106,0.06746069341897964,0.05171264335513115,0.12262443453073502,0.13372312486171722,0.09120010584592819,0.008460767567157745,0.48380762338638306,0.04101060703396797
img.00000425,0.4753299653530121,0.2412591427564621,0.07385487109422684,0.1431424617767334,0.014442705549299717,0.03662558272480965,0.00517288176342845,0.010172509588301182
img.00000114,0.06521868705749512,0.0952494740486145,0.2173447161912918,0.2876390814781189,0.09124338626861572,0.00249459152109921,0.01960418000817299,0.22120589017868042
img.00000432,0.001515914686024189,0.0003857988049276173,0.00015498373250011355,0.0009944906923919916,0.015982767567038536,0.0014891987666487694,0.9776902794837952,0.001786610810086131
img.00000119,0.7789610624313354,0.006519959308207035,0.03259958326816559,0.12002649158239365,0.003445330308750272,0.005261761602014303,0.0501042939722538,0.0030814632773399353
img.00000435,0.6075878143310547,0.007789133116602898,0.019228670746088028,0.014097959734499454,0.012206089682877064,0.0034079269971698523,0.3272971510887146,0.008385335095226765
img.00000126,0.4446103870868683,0.05175968259572983,0.13126114010810852,0.07273229211568832,0.02816382423043251,0.006603134796023369,0.24633176624774933,0.01853777840733528
img.00000463,0.07778618484735489,0.08285055309534073,0.05735617130994797,0.15070770680904388,0.18615716695785522,0.026486476883292198,0.13402822613716125,0.2846274971961975
img.00000135,0.41190290451049805,0.03342647850513458,0.055957574397325516,0.32225555181503296,0.010278145782649517,0.030844340100884438,0.1223720982670784,0.012962897308170795
img.00000464,0.2657695710659027,0.07326823472976685,0.150631383061409,0.045074284076690674,0.0900801494717598,0.17997612059116364,0.12592895328998566,0.06927131861448288
img.00000137,0.0016799631994217634,0.0033132010139524937,0.0010981408413499594,0.0009209706331603229,0.019722936674952507,0.0024838712997734547,0.8151442408561707,0.15563666820526123
img.00000466,0.018549101427197456,0.016751408576965332,0.028898468241095543,0.018091533333063126,0.15045975148677826,0.021383138373494148,0.42188942432403564,0.32397714257240295
img.00000139,0.14480015635490417,0.02775600180029869,0.022606877610087395,0.07548607140779495,0.004775961395353079,0.018042640760540962,0.5976751446723938,0.10885719954967499
img.00000470,0.2847895920276642,0.050504326820373535,0.026460722088813782,0.01164089422672987,0.09935767203569412,0.009135860949754715,0.5086274743080139,0.009483528323471546
img.00000145,0.10776254534721375,0.032290782779455185,0.05483121797442436,0.014862913638353348,0.056541986763477325,0.07331251353025436,0.10959078371524811,0.5508072972297668
img.00000477,0.2536657750606537,0.009394774213433266,0.0028726602904498577,0.08769549429416656,0.02637491375207901,0.00724599277600646,0.6093236207962036,0.0034268375020474195
img.00000146,0.584839940071106,0.027360189706087112,0.0029264355544000864,0.01589752361178398,0.01308291032910347,0.026065729558467865,0.28072336316108704,0.04910382628440857
img.00000485,0.07313542813062668,0.15608881413936615,0.05666011944413185,0.5796061754226685,0.04131875932216644,0.0194132961332798,0.03198344260454178,0.041793953627347946
img.00000167,0.3044116199016571,0.01902969926595688,0.17897674441337585,0.010303735733032227,0.011328463442623615,0.19138707220554352,0.2594999074935913,0.02506275102496147
img.00000491,0.8354160189628601,0.029194297268986702,0.011151043698191643,0.0632634162902832,0.00870097242295742,0.002361551858484745,0.047934047877788544,0.0019787130877375603
img.00000169,0.05253946781158447,0.857601523399353,0.0190512053668499,0.0030791261233389378,0.009386519901454449,0.002481224248185754,0.007581717800348997,0.04827914759516716
img.00000493,0.021586667746305466,0.036172229796648026,0.02472204528748989,0.007560943718999624,0.768670916557312,0.002125777304172516,0.08951906114816666,0.049642425030469894
img.00000186,0.11829527467489243,0.18612925708293915,0.18038716912269592,0.07721280306577682,0.020081598311662674,0.004005091264843941,0.2257905900478363,0.1880982518196106
img.00000497,0.026231713593006134,0.07470417767763138,0.0116737587377429,0.07314593344926834,0.027975061908364296,0.010184448212385178,0.5914905667304993,0.18459433317184448
img.00000189,0.008260251954197884,0.009265289641916752,0.0010637912200763822,0.002969040535390377,0.05353309586644173,0.0026875140611082315,0.9146837592124939,0.007537255063652992
img.00000505,0.0030432292260229588,0.9797630906105042,0.005098790396004915,0.0028056842274963856,0.00047197382082231343,0.002941442420706153,0.00534619577229023,0.0005296493181958795
img.00000191,0.0327712744474411,0.001425241120159626,0.001742077642120421,0.8517186045646667,0.06209588050842285,0.0016602551331743598,0.043708838522434235,0.004877818748354912
img.00000509,0.2646576762199402,0.1195153221487999,0.23709815740585327,0.00581990135833621,0.0014584322925657034,0.012816152535378933,0.18523286283016205,0.17340151965618134
img.00000203,0.29667428135871887,0.08715175092220306,0.09513561427593231,0.08918338268995285,0.0499408021569252,0.02500149793922901,0.27418753504753113,0.08272510021924973
img.00000511,0.1218472272157669,0.15463873744010925,0.09856674075126648,0.07521495968103409,0.13087211549282074,0.01801520213484764,0.2945632040500641,0.1062818244099617
img.00000209,0.043293919414281845,0.05389603227376938,0.5230463743209839,0.023556245490908623,0.21634984016418457,0.007780390325933695,0.018936173990368843,0.11314107477664948
img.00000518,0.05723269283771515,0.01830541156232357,0.7227285504341125,0.007276134565472603,0.017049400135874748,0.01963440328836441,0.03558385744690895,0.12218952178955078
img.00000216,0.5811440348625183,0.032237257808446884,0.07896795123815536,0.037270061671733856,0.03182072192430496,0.11164549738168716,0.10193738341331482,0.024977101013064384
img.00000519,0.07096955180168152,0.07647930830717087,0.09640536457300186,0.13091197609901428,0.23747089505195618,0.014580786228179932,0.20639748871326447,0.16678476333618164
img.00000223,0.25577881932258606,0.10377192497253418,0.021532559767365456,0.018274817615747452,0.006912492215633392,0.010321040637791157,0.3930486738681793,0.19035965204238892
img.00000521,0.29894885420799255,0.05605548620223999,0.044685110449790955,0.05154135078191757,0.18188615143299103,0.00594033719971776,0.11922319233417511,0.24171942472457886
img.00000228,0.21204069256782532,0.009723462164402008,0.16539162397384644,0.10354369133710861,0.05488910898566246,0.02857259102165699,0.08811315149068832,0.3377256989479065
img.00000525,0.05788348987698555,0.017488257959485054,0.013937813229858875,0.060280319303274155,0.2668762505054474,0.009021996520459652,0.4320192337036133,0.14249268174171448
img.00000230,0.32581809163093567,0.07304071635007858,0.14074046909809113,0.0631549209356308,0.0831204205751419,0.07761860638856888,0.1762286126613617,0.06027807667851448
img.00000527,0.052516452968120575,0.051195960491895676,0.14387282729148865,0.05835873633623123,0.051779139786958694,0.010095814242959023,0.45325109362602234,0.17893007397651672
img.00000235,0.08595984429121017,0.05397551879286766,0.004216435365378857,0.03801848366856575,0.01307020615786314,0.007734305690973997,0.7893725633621216,0.0076525649055838585
img.00000532,0.03753557428717613,0.008558493107557297,0.01878686249256134,0.012961812317371368,0.03552475944161415,0.007476078346371651,0.729130208492279,0.15002621710300446
img.00000256,0.01647026091814041,0.003366155317053199,0.0019521641079336405,0.0010946659604087472,0.009802524000406265,0.009443794377148151,0.9466531872749329,0.011217179708182812
img.00000534,0.456253319978714,0.009680751711130142,0.1573503464460373,0.048478275537490845,0.027364026755094528,0.25609803199768066,0.03344356641173363,0.0113316485658288
img.00000257,0.47205933928489685,0.01142605859786272,0.039074838161468506,0.1527996063232422,0.009125773794949055,0.00836126133799553,0.27375683188438416,0.033396296203136444
img.00000545,0.0034248786978423595,0.02348286472260952,0.002426033141091466,0.0084543377161026,0.15178051590919495,0.030802743509411812,0.7745506167411804,0.0050780377350747585
img.00000270,0.00021970806119497865,0.00017677608411759138,2.5389263100805692e-05,0.00042845061398111284,0.028095094487071037,0.00037577279726974666,0.9686753153800964,0.002003402914851904
img.00000554,0.05434888228774071,0.041104432195425034,0.5083411335945129,0.0949086919426918,0.09855128824710846,0.011367167346179485,0.0628066137433052,0.1285717934370041
img.00000273,0.1699683666229248,0.08533909171819687,0.016746696084737778,0.04759896174073219,0.03162413835525513,0.022287189960479736,0.6038511991500854,0.022584334015846252
img.00000556,0.06489911675453186,0.022991081699728966,0.035653017461299896,0.04458789899945259,0.04876841604709625,0.03883477300405502,0.6383586525917053,0.10590697079896927
img.00000276,0.014660670422017574,0.005402625538408756,0.002509213052690029,0.0026925590354949236,0.012887531891465187,0.009381115436553955,0.9484372735023499,0.004028972703963518
img.00000559,0.18442445993423462,0.09711796790361404,0.08716005086898804,0.14736923575401306,0.05445074662566185,0.10233590006828308,0.11921408027410507,0.20792753994464874
img.00000286,0.031069137156009674,0.9278932809829712,0.013997587375342846,0.002049671486020088,0.002354556228965521,0.0016823388868942857,0.007864244282245636,0.013089173473417759
img.00000563,0.028077399358153343,0.5883793830871582,0.0395195372402668,0.10591106116771698,0.15695485472679138,0.010660297237336636,0.02698671631515026,0.043510790914297104
img.00000288,0.2258518636226654,0.08537974208593369,0.3872188329696655,0.06463602930307388,0.03760116547346115,0.022044476121664047,0.01598368026316166,0.1612841635942459
img.00000567,0.0017086021834984422,0.0010530106956139207,0.0002482167328707874,0.013252479955554008,0.5365146398544312,0.011206123977899551,0.4308493733406067,0.005167526658624411
img.00000289,0.1560257375240326,0.1080242246389389,0.05726610869169235,0.020159710198640823,0.061353228986263275,0.15107126533985138,0.07893751561641693,0.36716222763061523
img.00000569,0.010512149892747402,0.041051506996154785,0.0013046120293438435,0.002762832911685109,0.018512211740016937,0.027772024273872375,0.8884408473968506,0.009643805213272572
img.00000290,0.23345234990119934,0.04156385362148285,0.057728786021471024,0.006356722209602594,0.02457410655915737,0.10101243853569031,0.49498581886291504,0.04032595455646515
img.00000579,0.04194972291588783,0.07189483195543289,0.010455917567014694,0.009575058706104755,0.01918066293001175,0.02446623332798481,0.7623059153556824,0.06017160415649414
img.00000291,0.21715490520000458,0.47511544823646545,0.0716131329536438,0.10388033092021942,0.034427423030138016,0.04210852086544037,0.01490224152803421,0.04079800844192505
img.00000580,0.1456877589225769,0.015586999244987965,0.006210148800164461,0.03555557504296303,0.030654314905405045,0.24927031993865967,0.5008326172828674,0.016202250495553017
img.00000295,0.022117039188742638,0.7776167988777161,0.08563769608736038,0.005119888111948967,0.018293751403689384,0.010537325404584408,0.016584502533078194,0.06409303098917007
img.00000595,0.03491780161857605,0.07909736037254333,0.005273561924695969,0.012099207378923893,0.05792151391506195,0.039564695209264755,0.6757402420043945,0.09538565576076508
img.00000297,0.04577161744236946,0.04184449091553688,0.019253171980381012,0.02992193214595318,0.015974896028637886,0.015980152413249016,0.7292458415031433,0.1020078957080841
img.00000598,0.34485483169555664,0.04671216383576393,0.02105898968875408,0.005047986749559641,0.04508577659726143,0.07317724823951721,0.39150968194007874,0.07255332171916962
img.00000300,0.5187944173812866,0.149840846657753,0.050475988537073135,0.13759921491146088,0.028031520545482635,0.01120928768068552,0.055862993001937866,0.048185739666223526
img.00000615,0.032312292605638504,0.056889042258262634,0.10860253125429153,0.05572054162621498,0.22331203520298004,0.016758762300014496,0.14541320502758026,0.36099156737327576
img.00000303,0.12542679905891418,0.20860911905765533,0.10688649863004684,0.2104427069425583,0.0784740224480629,0.010901262983679771,0.19057051837444305,0.06868909299373627
img.00000616,0.013059192337095737,0.0034828046336770058,0.008060645312070847,0.010272741317749023,0.6013455986976624,0.004576224833726883,0.3079737424850464,0.051229078322649
img.00000317,0.003971246536821127,0.0013478704495355487,0.0007345674675889313,0.009873267263174057,0.10433526337146759,0.0009053145186044276,0.8710357546806335,0.007796826772391796
img.00000622,0.15539637207984924,0.013468075543642044,0.10376980900764465,0.0467706024646759,0.11125490069389343,0.3107522130012512,0.24542643129825592,0.013161602430045605
img.00000321,0.01948622800409794,0.8506416082382202,0.01670573651790619,0.014083352871239185,0.00941631942987442,0.005745739210397005,0.06813394278287888,0.015787038952112198
img.00000631,0.4545765519142151,0.47942331433296204,0.02494804747402668,0.013187127187848091,0.006336945109069347,0.005903297569602728,0.01068928837776184,0.004935354460030794
img.00000324,0.13029667735099792,0.5820990204811096,0.02065209113061428,0.1263660043478012,0.07414482533931732,0.024115536361932755,0.021143125370144844,0.02118271216750145
img.00000333,0.15388557314872742,0.4138064384460449,0.07217127084732056,0.05850209668278694,0.03796694800257683,0.06452907621860504,0.08752146363258362,0.1116170585155487
img.00000633,0.07541496306657791,0.07925979793071747,0.021156370639801025,0.44949182868003845,0.04675881192088127,0.00782675202935934,0.2666768729686737,0.05341465398669243
img.00000336,0.042125437408685684,0.8738692998886108,0.014016478322446346,0.0032512720208615065,0.010840680450201035,0.004392104689031839,0.012743226252496243,0.038761433213949203
img.00000636,0.07409550249576569,0.07676481455564499,0.0032623184379190207,0.02227376587688923,0.020925110206007957,0.016525067389011383,0.7331937551498413,0.05295969173312187
img.00000337,0.10436037927865982,0.1039239838719368,0.4333585500717163,0.14641956984996796,0.008851775899529457,0.025851452723145485,0.13235194981098175,0.044882357120513916
img.00000646,0.029925527051091194,0.020040888339281082,0.01754041016101837,0.027446717023849487,0.03428414463996887,0.07518131285905838,0.5982312560081482,0.19734977185726166
img.00000342,0.03733236715197563,0.8968749046325684,0.013351866975426674,0.001144972164183855,0.004800721071660519,0.0017882224638015032,0.024942919611930847,0.019764067605137825
img.00000648,0.652594804763794,0.01181991770863533,0.07825066149234772,0.00921063032001257,0.018215907737612724,0.017965596169233322,0.1718316227197647,0.04011073708534241
img.00000346,0.2937805652618408,0.19425854086875916,0.10881742089986801,0.15936900675296783,0.013975218869745731,0.004568757489323616,0.024463964626193047,0.20076650381088257
img.00000654,0.023898687213659286,0.021373149007558823,0.02026754803955555,0.007786167785525322,0.008208592422306538,0.006760741584002972,0.8987981677055359,0.012906909920275211
img.00000352,0.7085817456245422,0.010202331468462944,0.012763206847012043,0.013900392688810825,0.03063344955444336,0.020074207335710526,0.18631553649902344,0.017529120668768883
img.00003220,0.08069881796836853,0.023569023236632347,0.055011846125125885,0.08035468310117722,0.4238724112510681,0.016380401328206062,0.1903606355190277,0.1297522336244583
img.00000655,0.02655816450715065,0.015552965924143791,0.044972583651542664,0.015788264572620392,0.09198051691055298,0.07984795421361923,0.3547898232936859,0.37050971388816833
img.00000657,0.047693733125925064,0.02099032513797283,0.1279020756483078,0.030342519283294678,0.09798555076122284,0.1364806443452835,0.28764936327934265,0.25095582008361816
img.00000661,0.1041465476155281,0.04666432738304138,0.07991424947977066,0.03660493716597557,0.1507757157087326,0.01168480422347784,0.4231455624103546,0.14706382155418396
img.00000662,0.1598844826221466,0.16205504536628723,0.02674306184053421,0.02916913665831089,0.010330853052437305,0.2946282625198364,0.28648456931114197,0.030704600736498833
img.00000664,0.035824477672576904,0.011316590011119843,0.018098853528499603,0.00931485928595066,0.008037305437028408,0.19086213409900665,0.2785091996192932,0.4480365812778473
img.00000668,0.5127279758453369,0.17235204577445984,0.023467233404517174,0.01670307107269764,0.021627871319651604,0.15967275202274323,0.07967355102300644,0.013775533996522427
img.00000670,0.014953678473830223,0.02830514684319496,0.014124840497970581,0.006161209661513567,0.017740769311785698,0.009226447902619839,0.44125157594680786,0.4682362973690033
img.00000674,0.033987268805503845,0.015407843515276909,0.7316333651542664,0.010298023000359535,0.015035423450171947,0.002971005393192172,0.014742130413651466,0.17592503130435944
img.00000682,0.09663694351911545,0.17039740085601807,0.06918584555387497,0.07773981988430023,0.2132151573896408,0.02053075283765793,0.039855584502220154,0.3124385178089142
img.00000685,0.2647375464439392,0.07520576566457748,0.055931054055690765,0.3169915974140167,0.028541605919599533,0.005580986384302378,0.20130662620067596,0.05170482024550438
img.00000687,0.32171136140823364,0.1312292516231537,0.03895696997642517,0.1034262552857399,0.018160806968808174,0.09282740205526352,0.2822393476963043,0.011448646895587444
img.00000688,0.02331518568098545,0.02848636917769909,0.09782019257545471,0.051365043967962265,0.068364217877388,0.012557273730635643,0.07439608871936798,0.643695592880249
img.00000695,0.10488972067832947,0.010181615129113197,0.0030923220328986645,0.014450456947088242,0.010593223385512829,0.005069904029369354,0.8506287336349487,0.0010940339416265488
img.00000704,0.019155945628881454,0.2046494334936142,0.010032174177467823,0.02096869982779026,0.4823211133480072,0.007925322279334068,0.03974706307053566,0.2152002453804016
img.00000712,0.25908857583999634,0.04359439015388489,0.35648313164711,0.02587617002427578,0.018649784848093987,0.03181128948926926,0.04179489240050316,0.22270168364048004
img.00000721,0.6405383348464966,0.04761336371302605,0.09813757240772247,0.1239006519317627,0.0077287582680583,0.0022778210695832968,0.051581744104623795,0.028221791610121727
img.00000723,0.3339441120624542,0.022871918976306915,0.021073156967759132,0.00817778054624796,0.010021781548857689,0.05603432282805443,0.5251398682594299,0.022737005725502968
img.00000724,0.09316393733024597,0.04436234012246132,0.0287542212754488,0.04436927288770676,0.0714450478553772,0.059604711830616,0.42979490756988525,0.22850561141967773
img.00000728,0.052635010331869125,0.030205214396119118,0.03740932047367096,0.016172679141163826,0.022861937060952187,0.008215448819100857,0.12496861815452576,0.7075318098068237
img.00000732,0.30862563848495483,0.04493839666247368,0.47184136509895325,0.0091446153819561,0.0313030481338501,0.008545605465769768,0.013378703035414219,0.11222262680530548
img.00000742,0.005032455548644066,0.0034472912084311247,0.0004906274261884391,0.002423020312562585,0.007715191226452589,0.0009500491432845592,0.9759429097175598,0.003998410888016224
img.00000748,0.2355133444070816,0.02204159088432789,0.024261293932795525,0.1481044590473175,0.027135228738188744,0.01648993045091629,0.5020226240158081,0.024431535974144936
img.00000750,0.22776879370212555,0.04225240647792816,0.11056113988161087,0.2969960868358612,0.072779081761837,0.020702408626675606,0.11127980053424835,0.1176602765917778
img.00000760,0.10877743363380432,0.03033476509153843,0.32578369975090027,0.018094059079885483,0.01721697486937046,0.1687788963317871,0.09120044857263565,0.23981375992298126
img.00000761,0.04743300378322601,0.01342869270592928,0.09006854146718979,0.6022221446037292,0.06060897931456566,0.0007685466553084552,0.0966297909617424,0.08884026110172272
img.00000765,0.11715760082006454,0.5515950918197632,0.08116132020950317,0.051526930183172226,0.09780389815568924,0.026665974408388138,0.02056252770125866,0.0535266287624836
img.00000767,0.12061319500207901,0.03202800825238228,0.006748971063643694,0.10896267741918564,0.06465508788824081,0.014433548785746098,0.6372119784355164,0.015346507541835308
img.00000778,0.8060628175735474,0.002298652660101652,0.017631690949201584,0.003438336541876197,0.007372789550572634,0.009467445313930511,0.14787174761295319,0.005856535397469997
img.00000780,0.016415473073720932,0.018302908167243004,0.3007441759109497,0.010537561029195786,0.13732731342315674,0.06952725350856781,0.17136676609516144,0.27577856183052063
img.00000781,0.33053478598594666,0.047367531806230545,0.10404995828866959,0.3349134027957916,0.008450408466160297,0.005556812044233084,0.16151313483715057,0.007613965310156345
img.00000782,0.07049281150102615,0.012084991671144962,0.02808830514550209,0.12176581472158432,0.040322866290807724,0.001224875682964921,0.6758022904396057,0.050218090415000916
img.00000794,0.17356443405151367,0.11665029078722,0.2441868931055069,0.2157849222421646,0.06915900111198425,0.01236774493008852,0.049184657633304596,0.11910200119018555
img.00000795,0.1411903351545334,0.014221405610442162,0.0014569140039384365,0.023294778540730476,0.060195911675691605,0.006521040573716164,0.7461669445037842,0.006952686235308647
img.00000797,0.051031727343797684,0.015842333436012268,0.015231243334710598,0.006732235662639141,0.00414253817871213,0.846703290939331,0.05182307958602905,0.008493511006236076
img.00000806,0.07789953798055649,0.08534154295921326,0.03024611435830593,0.2371940016746521,0.051708485931158066,0.01455498393625021,0.4261905550956726,0.0768648311495781
img.00000809,0.2690207362174988,0.05089426040649414,0.05664500594139099,0.03275401145219803,0.07456063479185104,0.018978983163833618,0.344685822725296,0.15246054530143738
img.00000812,0.6107121109962463,0.0213334858417511,0.08261267095804214,0.15064139664173126,0.021717282012104988,0.005306603386998177,0.020681532099843025,0.08699484169483185
img.00000821,0.18488118052482605,0.10297265648841858,0.12030085176229477,0.11627384275197983,0.055110566318035126,0.20645923912525177,0.18856219947338104,0.02543947845697403
img.00000823,0.21323417127132416,0.077594093978405,0.21745678782463074,0.17917709052562714,0.02969701588153839,0.007031762972474098,0.08058671653270721,0.19522231817245483
img.00000825,0.7712461948394775,0.01911952532827854,0.005493084900081158,0.011770539917051792,0.018213998526334763,0.010957912541925907,0.11595331877470016,0.04724544286727905
img.00000837,0.30956795811653137,0.027360452339053154,0.20533345639705658,0.005426590330898762,0.004417135380208492,0.005084305070340633,0.1831129491329193,0.25969716906547546
img.00000839,0.043222878128290176,0.09375622868537903,0.035930532962083817,0.23275382816791534,0.20711807906627655,0.009142305701971054,0.15123234689235687,0.22684383392333984
img.00000842,0.19543761014938354,0.03421936556696892,0.03617866709828377,0.02910703793168068,0.03590702638030052,0.029643574729561806,0.34498971700668335,0.294516921043396
img.00000845,0.07772980630397797,0.06805123388767242,0.012009941041469574,0.02189747802913189,0.018291739746928215,0.004530622158199549,0.7865293025970459,0.010959872044622898
img.00000860,0.18073655664920807,0.012066328898072243,0.004038277082145214,0.18074961006641388,0.3264191150665283,0.0041944910772144794,0.28244176506996155,0.00935386586934328
img.00000863,0.03746645152568817,0.3368123173713684,0.20115751028060913,0.07742857187986374,0.039197131991386414,0.01753714680671692,0.22619226574897766,0.06420857459306717
img.00000867,0.7176294922828674,0.035755716264247894,0.0046429866924881935,0.0860152393579483,0.01513648685067892,0.03876591473817825,0.08282406628131866,0.019230151548981667
img.00000870,0.4361136257648468,0.08045632392168045,0.249608114361763,0.04251892492175102,0.060018789023160934,0.044802214950323105,0.0254068486392498,0.061075177043676376
img.00000875,0.034910667687654495,0.4461956322193146,0.14847387373447418,0.06746494024991989,0.11785610020160675,0.038937412202358246,0.11730869859457016,0.02885269746184349
img.00000876,0.03400036692619324,0.7736011147499084,0.017599495127797127,0.014730722643435001,0.02366223745048046,0.010570752434432507,0.12121392041444778,0.004621343687176704
img.00000879,0.2229151576757431,0.007492674048990011,0.020591555163264275,0.6131676435470581,0.0751291960477829,0.0020357847679406404,0.038158439099788666,0.020509475842118263
img.00000884,0.24017517268657684,0.09663968533277512,0.07825825363397598,0.05970875918865204,0.12123335897922516,0.01867719553411007,0.236360564827919,0.14894695580005646
img.00000894,0.060092080384492874,0.0399024523794651,0.015395447611808777,0.05655694007873535,0.09032286703586578,0.0020545218139886856,0.2538480758666992,0.48182764649391174
img.00000896,0.5380188822746277,0.11463366448879242,0.03988564386963844,0.025270339101552963,0.01938140019774437,0.1339520961046219,0.10357736796140671,0.02528059482574463
img.00000897,0.20840847492218018,0.0986705869436264,0.14245519042015076,0.05670475214719772,0.26735252141952515,0.06656579673290253,0.09663289785385132,0.06320971250534058
img.00000898,0.007695675827562809,0.0007496529724448919,0.00024961086455732584,0.0006521553732454777,0.017792316153645515,0.0013025728985667229,0.9696726202964783,0.0018853545188903809
img.00000902,0.26342082023620605,0.048044007271528244,0.011400550603866577,0.018386228010058403,0.017179347574710846,0.47979357838630676,0.07480501383543015,0.08697052299976349
img.00000906,0.10373728722333908,0.13114340603351593,0.08227123320102692,0.2296735793352127,0.20298616588115692,0.016762228682637215,0.04021188244223595,0.19321417808532715
img.00000910,0.07500910013914108,0.04032443091273308,0.010770347900688648,0.5785224437713623,0.1087876483798027,0.005303951911628246,0.14853987097740173,0.03274228796362877
img.00000911,0.3914640545845032,0.04187667742371559,0.19379545748233795,0.09315197169780731,0.007401463109999895,0.016707994043827057,0.24294638633728027,0.012656016275286674
img.00000915,0.13510772585868835,0.050681669265031815,0.08341675251722336,0.17381076514720917,0.07940280437469482,0.006598955951631069,0.11972153186798096,0.3512597680091858
img.00000931,0.14542867243289948,0.006915305741131306,0.000993050984106958,0.05431516095995903,0.010315741412341595,0.01460197102278471,0.7653400301933289,0.0020901092793792486
img.00000936,0.06172890588641167,0.12628662586212158,0.09628797322511673,0.06808024644851685,0.17919078469276428,0.0478014200925827,0.32038962841033936,0.10023434460163116
img.00000952,0.0031405561603605747,0.0018713535973802209,0.00011731808626791462,0.0004071086586918682,0.036097705364227295,0.0030444394797086716,0.9548478722572327,0.0004736353876069188
img.00000956,0.05442211404442787,0.04017563909292221,0.004069161135703325,0.44520774483680725,0.045994408428668976,0.0038879376370459795,0.3749069273471832,0.031336016952991486
img.00000969,0.11164628714323044,0.15024864673614502,0.07812024652957916,0.09887286275625229,0.06896533071994781,0.024997303262352943,0.24004025757312775,0.2271091789007187
img.00000981,0.2595626413822174,0.023052062839269638,0.05695047974586487,0.22298067808151245,0.10040690749883652,0.014017242938280106,0.27245181798934937,0.050578199326992035
img.00000984,0.1513700932264328,0.02887425385415554,0.05309494584798813,0.3299926221370697,0.16451215744018555,0.007061767391860485,0.049101658165454865,0.21599248051643372
img.00000989,0.02800854854285717,0.30360594391822815,0.19032275676727295,0.01556971576064825,0.019638217985630035,0.005112083628773689,0.0804823487997055,0.3572603166103363
img.00000993,0.9516266584396362,0.0065080514177680016,0.00902825128287077,0.024158349260687828,0.0008818170172162354,0.0012192290741950274,0.005346999503672123,0.0012306298594921827
img.00000998,0.30863484740257263,0.008287849836051464,0.002626345958560705,0.6404974460601807,0.020328853279352188,0.00048178614815697074,0.017595559358596802,0.0015472965314984322
img.00001003,0.061012011021375656,0.010120159946382046,0.005926067475229502,0.006969963200390339,0.0165044367313385,0.027058826759457588,0.8617116808891296,0.010696851648390293
img.00001009,0.02940063737332821,0.02789214439690113,0.02139861509203911,0.006211478263139725,0.135443314909935,0.00690933782607317,0.6344151496887207,0.13832932710647583
img.00001011,0.5951002240180969,0.07105769217014313,0.018373727798461914,0.04416907578706741,0.03546012192964554,0.10935693979263306,0.11437720060348511,0.012104996480047703
img.00001014,0.3400365710258484,0.23573872447013855,0.019584601745009422,0.04222464561462402,0.05591071769595146,0.0253085196018219,0.2096482217311859,0.07154808938503265
img.00001021,0.15531998872756958,0.17636916041374207,0.1344417780637741,0.021393032744526863,0.3956470191478729,0.0022820245940238237,0.023702343925833702,0.0908445492386818
img.00001026,0.06815660744905472,0.15843139588832855,0.1685844510793686,0.28462618589401245,0.15037381649017334,0.004561092704534531,0.07830893993377686,0.08695751428604126
img.00001032,0.6764540672302246,0.03431834653019905,0.1062634289264679,0.05166816711425781,0.018948504701256752,0.03355158120393753,0.06531020253896713,0.013485627248883247
img.00001048,0.21162045001983643,0.01274410542100668,0.0015987224178388715,0.3506999611854553,0.003851032815873623,0.0053208377212285995,0.4137493371963501,0.0004155721399001777
img.00001053,0.014060419984161854,0.10976877808570862,0.007927373982965946,0.07733967900276184,0.2592356503009796,0.006130714900791645,0.4973408281803131,0.028196610510349274
img.00001054,0.24678488075733185,0.035060327500104904,0.23147089779376984,0.11340795457363129,0.013462637551128864,0.007667432073503733,0.33534935116767883,0.016796475276350975
img.00001063,0.48260170221328735,0.05532229691743851,0.007869826629757881,0.16108067333698273,0.043972447514534,0.0025800561998039484,0.24122336506843567,0.005349647253751755
img.00001072,0.6739519238471985,0.00498818838968873,0.050723299384117126,0.022878551855683327,0.059025444090366364,0.09310100227594376,0.07620575278997421,0.019125938415527344
img.00001078,0.018226509913802147,0.06710663437843323,0.03031906671822071,0.06494487822055817,0.20988471806049347,0.11604751646518707,0.37875694036483765,0.11471373587846756
img.00001099,0.6209195256233215,0.09058307111263275,0.10358235985040665,0.007615736685693264,0.008417504839599133,0.05593198165297508,0.05574334040284157,0.05720650404691696
img.00001105,0.5329554677009583,0.014938347972929478,0.011704226024448872,0.2837556302547455,0.036646440625190735,0.05718369036912918,0.04796547815203667,0.014850703068077564
img.00001109,0.0912926197052002,0.09769368171691895,0.14342373609542847,0.2269972711801529,0.2136983424425125,0.07263362407684326,0.10234259068965912,0.051918093115091324
img.00001112,0.031480204313993454,0.4115840494632721,0.013728838413953781,0.014310823753476143,0.11611480265855789,0.005253652576357126,0.35727161169052124,0.050255950540304184
img.00001114,0.03716452792286873,0.45991674065589905,0.15813502669334412,0.20588842034339905,0.02839398942887783,0.008467276580631733,0.06663573533296585,0.03539830818772316
img.00001116,0.00464509055018425,0.8878692388534546,0.0205826573073864,0.06381125748157501,0.0043928069062530994,0.002460950054228306,0.010965686291456223,0.005272298585623503
img.00001119,0.06479113548994064,0.01577647775411606,0.003740055253729224,0.013257738202810287,0.02114769257605076,0.011208588257431984,0.8633065223693848,0.006771725602447987
img.00001122,0.004080050624907017,0.8253105282783508,0.026169590651988983,0.0015430324710905552,0.0077161630615592,0.0005165919428691268,0.12479302287101746,0.009870978072285652
img.00001125,0.04005001112818718,0.0039054257795214653,0.01012333668768406,0.001420586952008307,0.002807346172630787,0.04040997475385666,0.8964243531227112,0.0048589142970740795
img.00001129,0.16590698063373566,0.056604932993650436,0.43228358030319214,0.054155562072992325,0.016304321587085724,0.005898301023989916,0.009773105382919312,0.2590732276439667
img.00001134,0.24102942645549774,0.0904427170753479,0.052784115076065063,0.07833506911993027,0.09293263405561447,0.015257764607667923,0.3794093728065491,0.04980887100100517
img.00001136,0.022065935656428337,0.6960763931274414,0.03342968225479126,0.00377915077842772,0.006603524088859558,0.0018888349877670407,0.1017049103975296,0.13445156812667847
img.00001140,0.0885855183005333,0.20583197474479675,0.3299653232097626,0.023053599521517754,0.14159947633743286,0.02104726806282997,0.09398333728313446,0.09593348205089569
img.00001145,0.1414024829864502,0.15594273805618286,0.0672546997666359,0.05611586198210716,0.04775034263730049,0.011678389273583889,0.3675418496131897,0.15231367945671082
img.00001148,0.0008039502426981926,0.0009622634388506413,8.197003626264632e-05,0.0012105581117793918,0.015289255417883396,0.0006456368137151003,0.9750285148620605,0.005977938883006573
img.00001149,0.7576671838760376,0.11235300451517105,0.039203666150569916,0.029597114771604538,0.0042557609267532825,0.027554742991924286,0.02243301272392273,0.006935506593436003
img.00001161,0.377502977848053,0.0077036055736243725,0.013728844001889229,0.030299421399831772,0.02753579616546631,0.12609443068504333,0.406769335269928,0.010365654714405537
img.00001166,0.013320599682629108,0.010417984798550606,0.007254163734614849,0.013688457198441029,0.015001626685261726,0.031932905316352844,0.6834174990653992,0.22496676445007324
img.00001176,0.10726907849311829,0.7133490443229675,0.02647903747856617,0.009948702529072762,0.09245248138904572,0.009245827794075012,0.03092830814421177,0.010327527299523354
img.00001180,0.05064959079027176,0.03381264954805374,0.012773639522492886,0.06586512178182602,0.469351202249527,0.04678642377257347,0.2781140208244324,0.0426473394036293
img.00001187,0.11758778989315033,0.18031908571720123,0.0530155673623085,0.13445240259170532,0.13705316185951233,0.0946154072880745,0.17528998851776123,0.10766659677028656
img.00001203,0.017317645251750946,0.04161853343248367,0.0696210116147995,0.12787219882011414,0.09613234549760818,0.03762378916144371,0.1648668497800827,0.4449477195739746
img.00001205,0.36551886796951294,0.1500648558139801,0.25322309136390686,0.03424203023314476,0.016331911087036133,0.018563950434327126,0.1411495953798294,0.020905792713165283
img.00001207,0.08922076970338821,0.03461812064051628,0.008945221081376076,0.1058083176612854,0.038845911622047424,0.03029387630522251,0.6838797926902771,0.008387967944145203
img.00001213,0.36443325877189636,0.014889969490468502,0.03926292806863785,0.2147088497877121,0.05165141075849533,0.0016328076599165797,0.2996545135974884,0.013766222633421421
img.00001219,0.6265546679496765,0.01731698587536812,0.020376645028591156,0.029725970700383186,0.03580692037940025,0.015504100359976292,0.249892920255661,0.004821838811039925
img.00001225,0.1168539896607399,0.00663326820358634,0.01625627838075161,0.004405484534800053,0.017305506393313408,0.01152348518371582,0.8233618140220642,0.00366011681035161
img.00001226,0.0005100874113850296,0.00044525909470394254,5.097032044432126e-05,0.0003559593460522592,0.008242032490670681,0.003387858159840107,0.9812409281730652,0.005766858346760273
img.00001242,0.2976364493370056,0.14972952008247375,0.13418127596378326,0.09180888533592224,0.06272679567337036,0.16238029301166534,0.037187885493040085,0.06434889882802963
img.00001248,0.3268241286277771,0.03487686812877655,0.23625856637954712,0.026556408032774925,0.016621550545096397,0.07351027429103851,0.2513662278652191,0.0339859202504158
img.00001268,0.138322651386261,0.35650572180747986,0.06444356590509415,0.03230041265487671,0.16525043547153473,0.13452069461345673,0.08741222321987152,0.02124430425465107
img.00001287,0.22274625301361084,0.11505559831857681,0.07071033865213394,0.08674579858779907,0.1501891016960144,0.06231699883937836,0.20462262630462646,0.08761323988437653
img.00001294,0.03141292557120323,0.04802457243204117,0.017010189592838287,0.10493051260709763,0.0827474370598793,0.25942549109458923,0.4384361207485199,0.018012763932347298
img.00001296,0.005850981920957565,0.0008714059367775917,0.0003631545405369252,0.0008481754339300096,0.008043596521019936,0.018104320392012596,0.9643815159797668,0.0015368539607152343
img.00001301,0.7517334222793579,0.02137422189116478,0.01191978994756937,0.011078855954110622,0.018930206075310707,0.029500842094421387,0.14969906210899353,0.005763574969023466
img.00001305,0.27541181445121765,0.01516773272305727,0.020295172929763794,0.017444459721446037,0.022142205387353897,0.04461900144815445,0.5948969125747681,0.010022704489529133
img.00001310,0.22340337932109833,0.007553272880613804,0.004471043590456247,0.019078843295574188,0.4509289264678955,0.04866568744182587,0.24373231828212738,0.002166551537811756
img.00001311,0.1317695677280426,0.6078134775161743,0.13329625129699707,0.02840246446430683,0.007666646968573332,0.006718107033520937,0.025245683267712593,0.05908775329589844
img.00001316,0.09938795119524002,0.18665368854999542,0.14620032906532288,0.15713369846343994,0.11630889773368835,0.020921463146805763,0.13294267654418945,0.1404513418674469
img.00001331,0.445241779088974,0.13184547424316406,0.06374867260456085,0.19603228569030762,0.006364817731082439,0.1274912804365158,0.01543930359184742,0.013836409896612167
img.00001336,0.005186410155147314,0.001253491616807878,0.00048752978909760714,0.006683918181806803,0.10698673874139786,0.003305563936010003,0.8686812520027161,0.007415107451379299
img.00001340,0.028587207198143005,0.00494708027690649,0.0018525834893807769,0.00867687538266182,0.01791231520473957,0.007854883559048176,0.9272304773330688,0.0029385839588940144
img.00001343,0.015413292683660984,0.9307944178581238,0.010408231057226658,0.028511058539152145,0.008623579517006874,0.0012663794914260507,0.0046214088797569275,0.0003615313326008618
img.00001348,0.016077743843197823,0.006086338311433792,0.0007813585689291358,0.0010089477291330695,0.0029232874512672424,0.05211079865694046,0.9112529158592224,0.009758594445884228
img.00001349,0.33182492852211,0.16497139632701874,0.010136762633919716,0.010295165702700615,0.005169123876839876,0.09351161122322083,0.3431681990623474,0.040922872722148895
img.00001350,0.04546336084604263,0.0036895116791129112,0.0019769223872572184,0.055154260247945786,0.02263876236975193,0.004349275026470423,0.8647937774658203,0.0019341405713930726
img.00001357,0.5034921169281006,0.02523244172334671,0.07196812331676483,0.004302171058952808,0.005065885838121176,0.3478057086467743,0.028927110135555267,0.013206446543335915
img.00001358,0.38791757822036743,0.0682801678776741,0.004442822653800249,0.017438285052776337,0.07198898494243622,0.012341286055743694,0.4005652964115143,0.03702566772699356
img.00001361,0.14935089647769928,0.3448164165019989,0.3171120584011078,0.02411452680826187,0.03515513241291046,0.014164268970489502,0.0965261161327362,0.018760640174150467
img.00001363,0.6294107437133789,0.08547844737768173,0.06136644259095192,0.03777559474110603,0.01673554629087448,0.09206850826740265,0.05361677706241608,0.023547915741801262
img.00001395,0.012956881895661354,0.013072291389107704,0.011165333911776543,0.09394890069961548,0.7283417582511902,0.0018795538926497102,0.10164086520671844,0.03699434921145439
img.00001396,0.7430005669593811,0.009154903702437878,0.13228242099285126,0.01153329573571682,0.007917901501059532,0.003959707450121641,0.046449027955532074,0.04570207744836807
img.00001401,0.3812873363494873,0.019261306151747704,0.0731610432267189,0.01196726132184267,0.04619694501161575,0.021263334900140762,0.31134098768234253,0.135521799325943
img.00001412,0.2774375379085541,0.22273428738117218,0.12691083550453186,0.0892445370554924,0.035246483981609344,0.010161704383790493,0.21541611850261688,0.022848479449748993
img.00001421,0.49448153376579285,0.024844573810696602,0.011529861949384212,0.34991368651390076,0.00781586579978466,0.025706103071570396,0.0833645910024643,0.0023438138887286186
img.00001438,0.011439572088420391,0.011327964253723621,0.005350461229681969,0.009801638312637806,0.11654987186193466,0.004515466280281544,0.8104298114776611,0.03058517351746559
img.00001452,0.031624164432287216,0.8458905816078186,0.08731339126825333,0.007481792476028204,0.0018834389047697186,0.0034067369997501373,0.007227675057947636,0.015172267332673073
img.00001464,0.07030195742845535,0.1782582402229309,0.2369832992553711,0.23180778324604034,0.046628233045339584,0.009457079693675041,0.04642701894044876,0.18013641238212585
img.00001465,0.020880162715911865,0.012433410622179508,0.03717777132987976,0.018873577937483788,0.06167080998420715,0.014541598036885262,0.0691789761185646,0.7652437686920166
img.00001468,0.011653568595647812,0.9591241478919983,0.017887871712446213,0.002190164988860488,0.0021679585333913565,0.0016067459946498275,0.0019106001127511263,0.0034590065479278564
img.00001474,0.7158393263816833,0.003788308473303914,0.014802081510424614,0.025437474250793457,0.02153850346803665,0.06517507135868073,0.15086978673934937,0.0025495330337435007
img.00001477,0.009525719098746777,0.012625358998775482,0.020586419850587845,0.020316246896982193,0.10590225458145142,0.008938771672546864,0.060605306178331375,0.7614999413490295
img.00001491,0.7589082717895508,0.0719740241765976,0.02062399312853813,0.008051043376326561,0.012145763263106346,0.08017729222774506,0.03874251991510391,0.009377045556902885
img.00001492,0.019946368411183357,0.04673585295677185,0.008229119703173637,0.014396801590919495,0.018849343061447144,0.005865909159183502,0.802261233329773,0.08371539413928986
img.00001496,0.0388268418610096,0.6634066700935364,0.09237311780452728,0.005092757288366556,0.014602221548557281,0.004059982486069202,0.07305164635181427,0.10858678817749023
img.00001501,0.0036352076567709446,0.003945574164390564,0.0010302832815796137,0.015436493791639805,0.18368631601333618,0.0045956834219396114,0.7717423439025879,0.015928035601973534
img.00001504,0.9360557794570923,0.008018444292247295,0.012072070501744747,0.0059013692662119865,0.0012796908849850297,0.017546091228723526,0.013043227605521679,0.00608325470238924
img.00001505,0.40660223364830017,0.022624660283327103,0.009845655411481857,0.025947997346520424,0.01270850095897913,0.010392927564680576,0.4873548448085785,0.024523116648197174
img.00001508,0.9453988075256348,0.0029934667982161045,0.0082330871373415,0.011074361391365528,0.003261972451582551,0.0018579945899546146,0.025263378396630287,0.0019168512662872672
img.00001510,0.1360471099615097,0.003010524669662118,0.005085760727524757,0.005332701373845339,0.009826230816543102,0.026144715026021004,0.8082790970802307,0.006273939739912748
img.00001523,0.7190445065498352,0.005812859628349543,0.17167161405086517,0.02091629058122635,0.007739131338894367,0.004026248585432768,0.06004360690712929,0.010745815932750702
img.00001527,0.009923099540174007,0.12683670222759247,0.011228843592107296,0.0033258574549108744,0.018796280026435852,0.005081212613731623,0.6728432774543762,0.1519647240638733
img.00001531,0.03967157378792763,0.4522566795349121,0.21431438624858856,0.003896995447576046,0.011884104460477829,0.006158540491014719,0.1494566947221756,0.1223609447479248
img.00001532,0.06214657425880432,0.3308093547821045,0.033275775611400604,0.005587626714259386,0.039918478578329086,0.03238646313548088,0.33590617775917053,0.15996946394443512
img.00001536,0.0775802880525589,0.6029508709907532,0.032537274062633514,0.006192476022988558,0.00820188969373703,0.008172365836799145,0.2065872699022293,0.05777749791741371
img.00001541,0.008469508029520512,0.0018244768725708127,0.004695946350693703,0.02560957707464695,0.2713125944137573,0.006236010231077671,0.6223902106285095,0.05946170911192894
img.00001556,0.056403618305921555,0.03039720468223095,0.0030444180592894554,0.00496454443782568,0.03529474884271622,0.029130788519978523,0.8204962611198425,0.020268335938453674
img.00001568,0.0004395431315060705,0.0003147785027977079,0.0002907768066506833,0.0027780644595623016,0.025088028982281685,0.004872066434472799,0.9601173996925354,0.0060993279330432415
img.00001570,0.14258182048797607,0.23245596885681152,0.023970264941453934,0.34140074253082275,0.10258831083774567,0.025717027485370636,0.11140033602714539,0.019885603338479996
img.00001575,0.06662028282880783,0.04535990580916405,0.010648911818861961,0.005121986381709576,0.025878166779875755,0.003734043799340725,0.82297682762146,0.01965991221368313
img.00001584,0.019765185192227364,0.007623961195349693,0.008242885582149029,0.04710502177476883,0.48717793822288513,0.011957438662648201,0.07776407152414322,0.3403635025024414
img.00001586,0.028955955058336258,0.02426087111234665,0.053670141845941544,0.5289899706840515,0.29546356201171875,0.009604666382074356,0.028898395597934723,0.030156467109918594
img.00001589,0.17739692330360413,0.12943056225776672,0.16394582390785217,0.44784224033355713,0.03515982627868652,0.011389310471713543,0.014479054138064384,0.020356353372335434
img.00001593,0.5846660733222961,0.04246135428547859,0.15697349607944489,0.028080716729164124,0.0243134256452322,0.008508601225912571,0.07051366567611694,0.08448251336812973
img.00001595,0.03774648904800415,0.17276041209697723,0.07234323769807816,0.058252863585948944,0.19661961495876312,0.021521834656596184,0.17341260612010956,0.26734301447868347
img.00001596,0.1737278699874878,0.11963308602571487,0.0216037817299366,0.3730835020542145,0.018881112337112427,0.004497493617236614,0.28201043605804443,0.006562638096511364
img.00001599,0.42932119965553284,0.019256316125392914,0.03815023973584175,0.024701369926333427,0.08134390413761139,0.22751499712467194,0.08280385285615921,0.09690821915864944
img.00001605,0.20157434046268463,0.11957348138093948,0.003133270889520645,0.07955469936132431,0.07748264074325562,0.008011754602193832,0.5088877081871033,0.0017821472138166428
img.00001613,0.041739996522665024,0.15501324832439423,0.2819921672344208,0.005566423758864403,0.010854159481823444,0.02643473632633686,0.19922266900539398,0.27917659282684326
img.00001614,0.15651187300682068,0.3978056311607361,0.17239540815353394,0.16804879903793335,0.044223614037036896,0.009650230407714844,0.0325293242931366,0.018835052847862244
img.00001619,0.13552899658679962,0.08993533253669739,0.6787980794906616,0.004964208230376244,0.005517615471035242,0.005748100113123655,0.005995195358991623,0.07351236790418625
img.00001624,0.3982416093349457,0.09888175874948502,0.45556163787841797,0.008084218017756939,0.008696616627275944,0.009202523157000542,0.004416418727487326,0.01691531576216221
img.00001628,0.004046242218464613,0.0010197855299338698,0.0006056798156350851,0.0005380240618251264,0.0027225667145103216,0.024073069915175438,0.9647115468978882,0.0022830560337752104
img.00001631,0.010094361379742622,0.001491815666668117,0.0010434116702526808,0.0006682657403871417,0.0016677352832630277,0.44190484285354614,0.5421029925346375,0.0010266304016113281
img.00001636,0.20860114693641663,0.2930198609828949,0.09997069090604782,0.03223041817545891,0.05638671666383743,0.14688314497470856,0.029620185494422913,0.13328787684440613
img.00001645,0.6576308012008667,0.07331094890832901,0.06462276726961136,0.03587374463677406,0.04962848126888275,0.018831944093108177,0.07067428529262543,0.02942708134651184
img.00001664,0.010885655879974365,0.003203940810635686,0.0018597719026729465,0.0047124396078288555,0.021758200600743294,0.06882651895284653,0.8790200352668762,0.009733404964208603
img.00001669,0.0063322787173092365,0.8713783025741577,0.017337018623948097,0.014290922321379185,0.03651377558708191,0.0014795315219089389,0.005503751803189516,0.0471644327044487
img.00001671,0.007510505151003599,0.0007764596957713366,0.0011809380957856774,0.0017525185830891132,0.006254023406654596,0.04103371500968933,0.9183513522148132,0.023140473291277885
img.00001684,0.0012850663624703884,0.0017684507183730602,0.00030964636243879795,0.001745280111208558,0.001822883845306933,0.00038408944965340197,0.9912667870521545,0.0014178293058648705
img.00001688,0.09511566162109375,0.05077306553721428,0.015284420922398567,0.0958782210946083,0.15195640921592712,0.01979377493262291,0.4742184281349182,0.09698009490966797
img.00001692,0.033677466213703156,0.4117029011249542,0.07569147646427155,0.0424337312579155,0.0220477357506752,0.036220308393239975,0.2385750710964203,0.13965129852294922
img.00001719,0.174381285905838,0.01870591565966606,0.14776496589183807,0.09423607587814331,0.2260897308588028,0.00988480169326067,0.1300784796476364,0.19885873794555664
img.00001727,0.037826623767614365,0.5576338171958923,0.02977837808430195,0.0062764412723481655,0.03415153920650482,0.038279931992292404,0.12424690276384354,0.1718064546585083
img.00001734,0.0010252512292936444,0.017781300470232964,0.003727483795955777,0.000201186427148059,0.0005142227746546268,0.0020624075550585985,0.3821757733821869,0.5925123691558838
img.00001737,0.004485285375267267,0.0025854159612208605,0.00454176077619195,0.002364003099501133,0.9536605477333069,0.0025607252027839422,0.015563796274363995,0.014238379895687103
img.00001741,0.43344390392303467,0.2035561352968216,0.04937681183218956,0.10664726793766022,0.03225429356098175,0.10635095089673996,0.05458235740661621,0.013788296841084957
img.00001742,0.10398899018764496,0.02149934507906437,0.04087112098932266,0.09176631271839142,0.01246220525354147,0.05133878439664841,0.6689162254333496,0.009157057851552963
img.00001749,0.015605440363287926,0.005277658347040415,0.0009364905417896807,0.020471710711717606,0.12667091190814972,0.002336766105145216,0.814984142780304,0.01371696125715971
img.00001750,0.0021503178868442774,0.9020866751670837,0.02186943218111992,0.0004094647301826626,0.002066286513581872,0.0013284515589475632,0.05825407803058624,0.01183535810559988
img.00001757,0.13233372569084167,0.13915199041366577,0.10768649727106094,0.013514864258468151,0.02081124857068062,0.01062631793320179,0.5503214597702026,0.025553852319717407
img.00001762,0.2126178741455078,0.06640426069498062,0.019642317667603493,0.00574854202568531,0.011050217784941196,0.13002796471118927,0.4646660089492798,0.08984289318323135
img.00001765,0.2381228506565094,0.3770993947982788,0.03273756429553032,0.009033707901835442,0.010141567327082157,0.034942641854286194,0.2838604748249054,0.014061745256185532
img.00001766,0.02687554433941841,0.25638309121131897,0.011231756769120693,0.005678207613527775,0.010164771229028702,0.022055385634303093,0.4967014491558075,0.1709097921848297
img.00001767,0.007641053758561611,0.45909613370895386,0.02368553727865219,0.009200592525303364,0.09699675440788269,0.06823310256004333,0.09643258899450302,0.2387143075466156
img.00001769,0.012335683219134808,0.0073988549411296844,0.0012919402215629816,0.005589264445006847,0.01662043295800686,0.0074719334952533245,0.9383692145347595,0.010922657325863838
img.00001779,0.42469385266304016,0.07082697749137878,0.05711263790726662,0.08660637587308884,0.11558109521865845,0.059682831168174744,0.16850633919239044,0.016989899799227715
img.00001785,0.29425716400146484,0.40317338705062866,0.04221120849251747,0.06488709896802902,0.023372843861579895,0.02039167284965515,0.14508327841758728,0.00662329513579607
img.00001792,0.24683453142642975,0.045628976076841354,0.03524942323565483,0.03689141944050789,0.01960877887904644,0.03766500577330589,0.5314268469810486,0.046695005148649216
img.00001795,0.03300370275974274,0.0056445300579071045,0.0016898043686524034,0.026171023026108742,0.025616999715566635,0.0038259532302618027,0.9000930786132812,0.003955049440264702
img.00001797,0.13793694972991943,0.06979615986347198,0.021722350269556046,0.10982917249202728,0.057584840804338455,0.01969406008720398,0.5055471062660217,0.07788940519094467
img.00001807,0.2590661644935608,0.028747424483299255,0.0032908013090491295,0.08089498430490494,0.03314332291483879,0.006567592266947031,0.5801133513450623,0.00817635003477335
img.00001809,0.3371475040912628,0.08548629283905029,0.014487294480204582,0.08357103914022446,0.03387417644262314,0.027682948857545853,0.4063604772090912,0.011390363797545433
img.00001813,0.5468058586120605,0.07365390658378601,0.012853437103331089,0.09886614233255386,0.0788198933005333,0.01641218736767769,0.1478290557861328,0.02475951798260212
img.00001817,0.3987417221069336,0.15423040091991425,0.008194111287593842,0.03326702490448952,0.004190564155578613,0.013116060756146908,0.37205931544303894,0.01620081625878811
img.00001823,0.015385211445391178,0.0020564296282827854,0.0021104852203279734,0.00065445969812572,0.004025558475404978,0.00542595935985446,0.9496482610702515,0.020693589001893997
img.00001847,0.015264238230884075,0.6590768694877625,0.2084580957889557,0.009240053594112396,0.0070073106326162815,0.0024915118701756,0.06014508754014969,0.03831671178340912
img.00001851,0.023277614265680313,0.07636475563049316,0.004478128626942635,0.007510186638683081,0.052731335163116455,0.017977070063352585,0.5068926811218262,0.31076815724372864
img.00001863,0.1265370398759842,0.09041844308376312,0.12571656703948975,0.0341644212603569,0.008361869491636753,0.04170513525605202,0.4958091676235199,0.07728739827871323
img.00001865,0.046132683753967285,0.048596665263175964,0.01654861308634281,0.012476470321416855,0.06568098068237305,0.016860000789165497,0.675240695476532,0.11846385151147842
img.00001870,0.10539588332176208,0.5581613183021545,0.017891164869070053,0.12143705040216446,0.11686725914478302,0.008125517517328262,0.04324013367295265,0.028881719335913658
img.00001871,0.0042644464410841465,0.011439585126936436,0.000602712738327682,0.0032125513534992933,0.00850541889667511,0.0014533421490341425,0.9579891562461853,0.012532811611890793
img.00001874,0.06803082674741745,0.06763116270303726,0.07767612487077713,0.0524275116622448,0.07242624461650848,0.008019572123885155,0.5808143615722656,0.07297414541244507
img.00001877,0.01776910200715065,0.029996544122695923,0.002108134562149644,0.009303007274866104,0.9300000667572021,0.0021920742001384497,0.005734934471547604,0.0028961515054106712
img.00001878,0.026299649849534035,0.06350618600845337,0.005674619227647781,0.02079225331544876,0.04469253122806549,0.005594215821474791,0.8222647309303284,0.011175799183547497
img.00001881,0.06693638861179352,0.0029210958164185286,0.003810544963926077,0.0791826993227005,0.10976329445838928,0.022930756211280823,0.6648900508880615,0.049565136432647705
img.00001882,0.10538314282894135,0.5861756801605225,0.06948855519294739,0.08291154354810715,0.07581066340208054,0.02056085132062435,0.016951240599155426,0.04271834343671799
img.00001886,0.0018036552937701344,0.008766254410147667,0.0011483968701213598,0.012961726635694504,0.049118537455797195,0.0011299598263576627,0.8802004456520081,0.04487093538045883
img.00001891,0.23204869031906128,0.13285282254219055,0.014452551491558552,0.1806337535381317,0.09116118401288986,0.037003044039011,0.2630125880241394,0.04883532226085663
img.00001896,0.21137750148773193,0.2776709496974945,0.006412746384739876,0.04509672150015831,0.2683059871196747,0.008270981721580029,0.12610195577144623,0.05676320567727089
img.00001902,0.10213004797697067,0.046096835285425186,0.043724481016397476,0.04997952654957771,0.15540650486946106,0.025402970612049103,0.46648773550987244,0.11077196896076202
img.00001903,0.1757289618253708,0.42705366015434265,0.3373625874519348,0.046784352511167526,0.0003204151871614158,0.0006891106604598463,0.000733110005967319,0.011327737011015415
img.00001908,0.053444065153598785,0.08871365338563919,0.16719092428684235,0.5824030637741089,0.03191239386796951,0.009015114977955818,0.012368099763989449,0.05495261028409004
img.00001910,0.05022662505507469,0.02684612199664116,0.00385745195671916,0.11225638538599014,0.21829308569431305,0.0009985689539462328,0.5687019228935242,0.018819784745573997
img.00001915,0.013867778703570366,0.018708130344748497,0.017202341929078102,0.006255799438804388,0.17690500617027283,0.0015441844007000327,0.7416986227035522,0.023818112909793854
img.00001918,0.009168245829641819,0.010969866998493671,0.019374584779143333,0.021977463737130165,0.028776809573173523,0.003596532391384244,0.8679799437522888,0.03815651312470436
img.00001920,0.011795150116086006,0.8099521398544312,0.006702908780425787,0.024686478078365326,0.014639681205153465,0.010288192890584469,0.030566703528165817,0.09136874973773956
img.00001921,0.009419606998562813,0.011056974530220032,0.006748244632035494,0.01126492116600275,0.36225366592407227,0.0034024089109152555,0.5545222163200378,0.04133189842104912
img.00001931,0.1505943387746811,0.03465491905808449,0.1525534987449646,0.11309732496738434,0.16262085735797882,0.009158001281321049,0.05813387781381607,0.31918713450431824
img.00001936,0.10534263402223587,0.09190043061971664,0.23924750089645386,0.28389525413513184,0.0570281483232975,0.0023777023889124393,0.08600300550460815,0.13420529663562775
img.00001941,0.5332436561584473,0.11803228408098221,0.07228080928325653,0.10656216740608215,0.03782207518815994,0.012903361581265926,0.07179136574268341,0.04736434295773506
img.00001942,0.08608219772577286,0.5394985675811768,0.018470408394932747,0.020680807530879974,0.057176873087882996,0.03061060979962349,0.20862574875354767,0.038854844868183136
img.00001950,0.14258474111557007,0.052071716636419296,0.1833779364824295,0.23738472163677216,0.13519254326820374,0.005260923877358437,0.08105316013097763,0.16307435929775238
img.00001951,0.013102754950523376,0.008679731748998165,0.012570210732519627,0.027398640289902687,0.5966949462890625,0.015516267158091068,0.1679566651582718,0.15808075666427612
img.00001954,0.006634645629674196,0.009232176467776299,0.011411365121603012,0.009702389128506184,0.8352281451225281,0.0017497750231996179,0.09567831456661224,0.03036315366625786
img.00001956,0.023524286225438118,0.22575904428958893,0.05645044147968292,0.13631217181682587,0.0859106108546257,0.013158567249774933,0.14291910827159882,0.3159657418727875
img.00001966,0.06472443789243698,0.3359237015247345,0.056946929544210434,0.3170510530471802,0.04156200587749481,0.008485344238579273,0.09471097588539124,0.08059561997652054
img.00001978,0.0050806328654289246,0.0014863602118566632,0.0013869366375729442,0.014286858960986137,0.18743391335010529,0.0034452027175575495,0.6553321480751038,0.13154786825180054
img.00001988,0.021992472931742668,0.011994738131761551,0.0008708868990652263,0.007772441487759352,0.0344398096203804,0.00397120974957943,0.9170515537261963,0.0019068715628236532
img.00001989,0.7825648188591003,0.014623294584453106,0.005853542126715183,0.04802048206329346,0.01386722456663847,0.07884833216667175,0.039502352476119995,0.016719941049814224
img.00001990,0.027094338089227676,0.029361464083194733,0.02557051181793213,0.017132915556430817,0.027696868404746056,0.1932307779788971,0.6715272665023804,0.008385777473449707
img.00001992,0.3164132237434387,0.11730267852544785,0.01982681266963482,0.0798746794462204,0.0776522234082222,0.008493679575622082,0.37681975960731506,0.003616982838138938
img.00001995,0.012861009687185287,0.004331486765295267,0.02116771973669529,0.014132499694824219,0.1066618338227272,0.013448075391352177,0.7975578308105469,0.0298396497964859
img.00002011,0.19602325558662415,0.052714623510837555,0.31237244606018066,0.020651303231716156,0.18843486905097961,0.06448081880807877,0.05535578355193138,0.10996689647436142
img.00002013,0.0008010718156583607,0.9940444827079773,0.0014026095159351826,0.0016931249992921948,0.0010057450272142887,0.00013302201114129275,0.0003529975365381688,0.000566914735827595
img.00002018,0.5511206388473511,0.25618869066238403,0.021219000220298767,0.05566620081663132,0.00910026952624321,0.025101719424128532,0.05122849717736244,0.030375059694051743
img.00002024,0.019562266767024994,0.9160417318344116,0.046701908111572266,0.003765478963032365,0.0060928575694561005,0.0005031957989558578,0.0038252966478466988,0.0035072925966233015
img.00002030,0.07787397503852844,0.06630142033100128,0.15559221804141998,0.10074873268604279,0.022142216563224792,0.004178451374173164,0.1677584946155548,0.4054044485092163
img.00002038,0.36371898651123047,0.18223167955875397,0.07937920093536377,0.06446971744298935,0.02216804027557373,0.08073530346155167,0.11533138155937195,0.09196572750806808
img.00002048,0.06042610853910446,0.0006895808619447052,0.000870675896294415,0.0014619940193369985,0.0016119229840114713,0.04315387085080147,0.8911861777305603,0.0005996659165248275
img.00002050,0.020673563703894615,0.009967228397727013,0.026863304898142815,0.029708094894886017,0.1029529944062233,0.013209312222898006,0.07609421759843826,0.7205313444137573
img.00002058,0.01989811658859253,0.014437450096011162,0.012060120701789856,0.0969611257314682,0.1370321661233902,0.006746291648596525,0.36967477202415466,0.34318992495536804
img.00002059,0.0386224091053009,0.04480550065636635,0.02844395861029625,0.09212668985128403,0.2585810124874115,0.010683221742510796,0.39855921268463135,0.12817806005477905
img.00002060,0.0239774938672781,0.05283283442258835,0.16749586164951324,0.03739539161324501,0.07751286774873734,0.01804768666625023,0.05467420816421509,0.5680636167526245
img.00002062,0.27828478813171387,0.011045857332646847,0.01209474541246891,0.049178555607795715,0.2567140758037567,0.014280496165156364,0.35660070180892944,0.021800745278596878
img.00002066,0.043895941227674484,0.11064893752336502,0.06941103935241699,0.008322876878082752,0.6999974846839905,0.011139028705656528,0.03091348521411419,0.02567121759057045
img.00002068,0.14864499866962433,0.012369605712592602,0.01856868527829647,0.15670430660247803,0.07490555197000504,0.0035302022006362677,0.5679823756217957,0.017294298857450485
img.00002071,0.16473931074142456,0.027086343616247177,0.055415939539670944,0.017689883708953857,0.23267506062984467,0.10066128522157669,0.3064082860946655,0.09532397240400314
img.00002075,0.04855029284954071,0.11052800714969635,0.20119455456733704,0.2608041763305664,0.06368248909711838,0.0027241662610322237,0.10202202200889587,0.2104942351579666
img.00002076,0.18486376106739044,0.028456443920731544,0.02709113620221615,0.5106304287910461,0.14052143692970276,0.011232894845306873,0.03797522187232971,0.05922868475317955
img.00002078,0.06409472972154617,0.01292240060865879,0.008028850890696049,0.0037104065995663404,0.011770249344408512,0.17993582785129547,0.3393354117870331,0.380202054977417
img.00002079,0.05277836695313454,0.0995379313826561,0.18518473207950592,0.13054032623767853,0.1666310876607895,0.018639210611581802,0.2287144660949707,0.11797389388084412
img.00002082,0.15572987496852875,0.02031255140900612,0.3127296566963196,0.20053228735923767,0.021844584494829178,0.0013898411998525262,0.020161643624305725,0.26729947328567505
img.00002084,0.43788018822669983,0.07034756243228912,0.13991157710552216,0.0312875434756279,0.003315733512863517,0.2554089426994324,0.038998644798994064,0.02284986712038517
img.00002088,0.2593322694301605,0.13886097073554993,0.2348567694425583,0.07012341171503067,0.05438665300607681,0.023755230009555817,0.1287296563386917,0.08995512127876282
img.00002096,0.17987899482250214,0.37084144353866577,0.060999758541584015,0.01678505167365074,0.053213946521282196,0.21069979667663574,0.06177539378404617,0.04580558091402054
img.00002097,0.04166816174983978,0.03461345285177231,0.0061504896730184555,0.02107318490743637,0.054921649396419525,0.01125357486307621,0.8044531345367432,0.025866353884339333
img.00002099,0.6957412362098694,0.004673935007303953,0.002137591829523444,0.02416086569428444,0.01782437227666378,0.006521525792777538,0.2423003911972046,0.006640046834945679
img.00002103,0.010320796631276608,0.005563653539866209,0.001229868154041469,0.01673276536166668,0.029283946380019188,0.0046659368090331554,0.9158831834793091,0.01631994917988777
img.00002106,0.0012091243406757712,0.0003092279366683215,0.00017491934704594314,0.0019951609428972006,0.08046319335699081,0.00040147759136743844,0.9090964794158936,0.006350457668304443
img.00002107,0.03918442130088806,0.5424078702926636,0.12996889650821686,0.06329626590013504,0.04572827368974686,0.0357201062142849,0.030786653980612755,0.11290746927261353
img.00002117,0.10538811981678009,0.013292829506099224,0.0023674112744629383,0.45298880338668823,0.04781658574938774,0.0016888497630134225,0.3676358163356781,0.008821525610983372
img.00002125,0.056450750678777695,0.057984743267297745,0.22312435507774353,0.05081877112388611,0.1801566481590271,0.019322659820318222,0.021055325865745544,0.39108672738075256
img.00002127,0.018094023689627647,0.05068860203027725,0.0318983718752861,0.03170008212327957,0.0865144431591034,0.018983742222189903,0.3532942235469818,0.4088265001773834
img.00002131,0.02849688194692135,0.15929627418518066,0.1365049034357071,0.037579748779535294,0.03130648657679558,0.03094092756509781,0.1144309863448143,0.46144384145736694
img.00002139,0.04966507479548454,0.04351721704006195,0.19458608329296112,0.0056177773512899876,0.10717057436704636,0.010090949945151806,0.26781705021858215,0.32153525948524475
img.00002144,0.06912524998188019,0.01166384108364582,0.01600584387779236,0.08488614112138748,0.16606929898262024,0.04123876988887787,0.5764081478118896,0.03460279107093811
img.00002145,0.011608658358454704,0.5791137218475342,0.013133243657648563,0.03325364738702774,0.051982294768095016,0.015148850157856941,0.23961463570594788,0.05614493414759636
img.00002157,0.11102166771888733,0.0629282295703888,0.05394831672310829,0.055781327188014984,0.019065631553530693,0.008437355048954487,0.4773716330528259,0.21144583821296692
img.00002159,0.10185866802930832,0.11224305629730225,0.17673368752002716,0.06892205029726028,0.12542247772216797,0.041794303804636,0.27792051434516907,0.09510519355535507
img.00002174,0.05599304661154747,0.03534245491027832,0.09766051918268204,0.06251375377178192,0.0927729532122612,0.004541439935564995,0.4227893352508545,0.2283865064382553
img.00002177,0.002604712964966893,0.0031543399672955275,0.0007168595329858363,0.006723690312355757,0.06601095199584961,0.0015743388794362545,0.9111405611038208,0.00807445589452982
img.00002178,0.13667096197605133,0.04983459785580635,0.3904483914375305,0.0685463398694992,0.09526745229959488,0.0903460681438446,0.019269553944468498,0.14961667358875275
img.00002181,0.04897674545645714,0.8681254982948303,0.03314753249287605,0.0019870803225785494,0.010793285444378853,0.00792665220797062,0.025648532435297966,0.0033947653137147427
img.00002182,0.13646341860294342,0.030248181894421577,0.0036976232659071684,0.4305582642555237,0.2849568724632263,0.004730904474854469,0.09294236451387405,0.0164023470133543
img.00002190,0.027763260528445244,0.39764928817749023,0.1421595960855484,0.24776878952980042,0.036981113255023956,0.0033654174767434597,0.10895459353923798,0.03535793721675873
img.00002194,0.030751854181289673,0.0019317867700010538,0.004770187195390463,0.006462359335273504,0.013128133490681648,0.010397091507911682,0.8821557760238647,0.05040283873677254
img.00002198,0.008512193337082863,0.005211066920310259,0.005179355386644602,0.004043175373226404,0.007831617258489132,0.0824618712067604,0.884426474571228,0.00233428250066936
img.00002201,0.654549777507782,0.27691173553466797,0.012342266738414764,0.013762829825282097,0.0045793792232871056,0.004390765447169542,0.027048997581005096,0.006414184346795082
img.00002205,0.0018005764577537775,0.008271967060863972,0.00047359851305373013,0.00684712128713727,0.09290443360805511,0.0016712876968085766,0.8696953058242798,0.01833569072186947
img.00002206,0.06166616082191467,0.0028878755401819944,0.0071328384801745415,0.012069742195308208,0.029456889256834984,0.0008290757541544735,0.8691926002502441,0.016764864325523376
img.00002207,0.10867293924093246,0.6563282012939453,0.013625097461044788,0.003933329600840807,0.1801915019750595,0.012337434105575085,0.019646652042865753,0.00526487547904253
img.00002211,0.6779922246932983,0.027370553463697433,0.03171774744987488,0.04554615542292595,0.008345556445419788,0.1130504161119461,0.08738917112350464,0.008588157594203949
img.00002212,0.6458538174629211,0.0013475384330376983,0.001770345726981759,0.009337491355836391,0.004387895110994577,0.004717757925391197,0.3273200988769531,0.0052651227451860905
img.00002213,0.08290126174688339,0.08290798217058182,0.3220262825489044,0.32961562275886536,0.01839093491435051,0.0074475728906691074,0.019044822081923485,0.1376654952764511
img.00002221,0.034008145332336426,0.016882847994565964,0.03827756270766258,0.04898194968700409,0.5340041518211365,0.07254823297262192,0.060947567224502563,0.19434957206249237
img.00002236,0.2332381308078766,0.01054613757878542,0.010547801852226257,0.006289100274443626,0.0166355911642313,0.003562899073585868,0.7156997919082642,0.0034804758615791798
img.00002239,0.27041569352149963,0.04390570521354675,0.01141081377863884,0.03324256092309952,0.07486468553543091,0.013594265095889568,0.5314511060714722,0.02111511304974556
img.00002240,0.05786069482564926,0.07646165788173676,0.015598949044942856,0.06032881885766983,0.12144970893859863,0.00563074741512537,0.6232084035873413,0.03946112468838692
img.00002243,0.32959452271461487,0.24922706186771393,0.07117045670747757,0.006728560663759708,0.013904775492846966,0.026945434510707855,0.20203538239002228,0.10039375722408295
img.00002248,0.7286822199821472,0.05381351336836815,0.061698321253061295,0.016475757583975792,0.0028580704238265753,0.07244088500738144,0.03482647240161896,0.029204757884144783
img.00002249,0.49765098094940186,0.07592083513736725,0.09859723597764969,0.07270736992359161,0.033040404319763184,0.18296071887016296,0.0254976786673069,0.013624717481434345
img.00002256,0.019841376692056656,0.950415849685669,0.01605253666639328,0.002649216679856181,0.0030843052081763744,0.0017032023752108216,0.002379019744694233,0.003874480025842786
img.00002260,0.12147428095340729,0.016817698255181313,0.023510688915848732,0.013229114934802055,0.04212360084056854,0.027372140437364578,0.7118867039680481,0.04358575865626335
img.00002265,0.0103203309699893,0.21763983368873596,0.42056235671043396,0.01659245789051056,0.007128181867301464,0.000644899089820683,0.02076435089111328,0.3063476085662842
img.00002271,0.0375862680375576,0.0053474558517336845,0.0016689228359609842,0.01552062202244997,0.10404877364635468,0.006716301664710045,0.7531810998916626,0.07593057304620743
img.00002275,0.012188570573925972,0.9345974922180176,0.01420624554157257,0.0035706646740436554,0.002430333523079753,0.003424585098400712,0.018891023471951485,0.010691061615943909
img.00002278,0.022327283397316933,0.8794071674346924,0.00627986341714859,0.005160760600119829,0.007725435774773359,0.004147058818489313,0.06711263209581375,0.00783971045166254
img.00002296,0.0028770219068974257,0.0004984534461982548,0.00018203811487182975,0.0007052166620269418,0.009223456494510174,0.0002946283493656665,0.984560489654541,0.0016587155405431986
img.00002302,0.027664491906762123,0.005662644747644663,0.00485960440710187,0.027251895517110825,0.06031963974237442,0.0025099057238548994,0.8628431558609009,0.00888862181454897
img.00002306,0.07130586355924606,0.012095153331756592,0.026842013001441956,0.050058335065841675,0.050786446779966354,0.0824880450963974,0.29329538345336914,0.41312870383262634
img.00002307,0.014704199507832527,0.02900318242609501,0.07003465294837952,0.013443328440189362,0.2553088366985321,0.06898175925016403,0.31520381569862366,0.23332028090953827
img.00002316,0.7466076612472534,0.04560178145766258,0.042544782161712646,0.03891453891992569,0.008088589645922184,0.03275865688920021,0.06082061678171158,0.024663344025611877
img.00002323,0.0030995861161500216,0.0003148840041831136,4.143406840739772e-05,0.00034205117844976485,0.006493539083749056,0.0013517186744138598,0.9882503747940063,0.00010632723569869995
img.00002324,0.10504549741744995,0.12236566841602325,0.020794546231627464,0.01486498024314642,0.01533658429980278,0.008459116332232952,0.5703699588775635,0.14276358485221863
img.00002325,0.6959133148193359,0.029119892045855522,0.014867426827549934,0.02395174279808998,0.0033302924130111933,0.1325773000717163,0.0926320031285286,0.007607987150549889
img.00002328,0.06819546967744827,0.09077619016170502,0.04400322958827019,0.5050269961357117,0.2234528660774231,0.0032404949888587,0.04355226457118988,0.021752458065748215
img.00002333,0.015064326114952564,0.0031902301125228405,0.0020631656516343355,0.009749986231327057,0.01779419742524624,0.02544141747057438,0.7739573121070862,0.15273937582969666
img.00002338,0.0007197553059086204,0.00415191100910306,0.0015803455607965589,0.000572693592403084,0.0016638985835015774,0.0019559303764253855,0.7003601789474487,0.28899532556533813
img.00002341,0.026254212483763695,0.005718492902815342,0.006937698926776648,0.028292188420891762,0.058898232877254486,0.04887622222304344,0.5316275954246521,0.29339540004730225
img.00002347,0.005465035326778889,0.0006411421345546842,9.431214130017906e-05,0.0028417303692549467,0.0020645952317863703,0.025332283228635788,0.9631308913230896,0.00043006701162084937
img.00002349,0.30716636776924133,0.014625347219407558,0.05057043954730034,0.252308189868927,0.04974854737520218,0.056288186460733414,0.19425541162490845,0.07503743469715118
img.00002352,0.20237039029598236,0.19427114725112915,0.14977113902568817,0.09937285631895065,0.034346796572208405,0.017797894775867462,0.27065056562423706,0.03141918405890465
img.00002354,0.13356834650039673,0.00973434466868639,0.001332914805971086,0.032739799469709396,0.021499069407582283,0.012431948445737362,0.7850559949874878,0.0036375403869897127
img.00002362,0.022485673427581787,0.0015052867820486426,0.0017362581565976143,0.008726634085178375,0.02399520017206669,0.0048042419366538525,0.9266011118888855,0.01014547049999237
img.00002363,0.2669795751571655,0.09247197955846786,0.30203676223754883,0.031087417155504227,0.01914294995367527,0.16896861791610718,0.05522230640053749,0.06409041583538055
img.00002365,0.0032493232283741236,0.0016591796884313226,0.0012272995663806796,0.00620725192129612,0.016595816239714622,0.018075160682201385,0.9490595459938049,0.003926543984562159
img.00002368,0.019952546805143356,0.007770163472741842,0.005525949876755476,0.02309531345963478,0.020965056493878365,0.30436721444129944,0.6163346767425537,0.001989097101613879
img.00002372,0.07275666296482086,0.03819023817777634,0.13522523641586304,0.16770623624324799,0.12373463809490204,0.0073006656020879745,0.03136998042464256,0.423716276884079
img.00002375,0.007135817315429449,0.001336483284831047,0.0006357809761539102,0.002726157894358039,0.09452811628580093,0.0008204553741961718,0.8873870372772217,0.005430220160633326
img.00002376,0.2904101312160492,0.17697814106941223,0.014364269562065601,0.022833148017525673,0.047263745218515396,0.14609426259994507,0.2854781448841095,0.016578175127506256
img.00002379,0.08464574813842773,0.04613393172621727,0.1355706751346588,0.035786550492048264,0.02219257317483425,0.024057772010564804,0.07656270265579224,0.5750501155853271
img.00002392,0.0013382076285779476,0.000623945496045053,0.00021279146312735975,0.0009241023217327893,0.03575857728719711,0.0012922941241413355,0.9578247666358948,0.002025285502895713
img.00002393,0.7335013747215271,0.014913094229996204,0.012227091938257217,0.2045339047908783,0.0031374902464449406,0.00850685779005289,0.017334457486867905,0.005845724139362574
img.00002400,0.6140980124473572,0.021824540570378304,0.04293598607182503,0.007937800139188766,0.011209207586944103,0.027766726911067963,0.26897522807121277,0.005252588074654341
img.00002402,0.961888313293457,0.006039949133992195,0.0026347755920141935,0.022228337824344635,0.000860410335008055,0.0011739449109882116,0.0042714523151516914,0.0009027021005749702
img.00002405,0.27548593282699585,0.07021676748991013,0.013692663982510567,0.06886803358793259,0.34131911396980286,0.01200032141059637,0.2123744934797287,0.006042653229087591
img.00002411,0.0019019421888515353,0.00022359663853421807,0.00011377769260434434,0.00020903303811792284,0.002088750246912241,0.0027105219196528196,0.9917387366294861,0.0010137163335457444
img.00002419,0.2741314172744751,0.1026679277420044,0.0700131431221962,0.05119946971535683,0.13794434070587158,0.001534300041384995,0.3098679780960083,0.05264145880937576
img.00002420,0.2102433741092682,0.02659624069929123,0.010456308722496033,0.011114474385976791,0.029346851631999016,0.003944521304219961,0.7040301561355591,0.0042681084014475346
img.00002421,0.07481786608695984,0.0018777530640363693,0.0005430104210972786,0.08731511980295181,0.009027025662362576,0.001850476604886353,0.8221752643585205,0.002393490169197321
img.00002424,0.013492058962583542,0.006314151454716921,0.0037168434355407953,0.004587115719914436,0.031071772798895836,0.009247231297194958,0.9172216057777405,0.0143492566421628
img.00002429,0.022337062284350395,0.09032588452100754,0.017595374956727028,0.036594562232494354,0.12456832081079483,0.009549593552947044,0.6723084449768066,0.026720823720097542
img.00002443,0.05852093547582626,0.36221858859062195,0.01670272834599018,0.01087797898799181,0.015239011496305466,0.031114822253584862,0.3896808326244354,0.11564509570598602
img.00002444,0.01090459804981947,0.04634741321206093,0.0027267110999673605,0.005370848812162876,0.8601726293563843,0.011564885266125202,0.033913370221853256,0.028999565169215202
img.00002452,0.2050451785326004,0.05873442441225052,0.034941416233778,0.04302602261304855,0.06289391964673996,0.011176719330251217,0.5523066520690918,0.03187563270330429
img.00002455,0.03608155995607376,0.023372367024421692,0.012088583782315254,0.11355336755514145,0.43148332834243774,0.004156426060944796,0.2344120740890503,0.14485237002372742
img.00002460,0.1639118790626526,0.041179317981004715,0.008213013410568237,0.0287324208766222,0.013773133046925068,0.004301448818296194,0.7261173725128174,0.013771423138678074
img.00002461,0.21352644264698029,0.4936530590057373,0.0219153743237257,0.016431814059615135,0.004677993711084127,0.016909027472138405,0.18104535341262817,0.051840890198946
img.00002473,0.08589881658554077,0.007538783363997936,0.013178256340324879,0.13455957174301147,0.018073979765176773,0.019145995378494263,0.7119513750076294,0.009653080254793167
img.00002475,0.32011327147483826,0.013191607780754566,0.13813412189483643,0.041240498423576355,0.34639814496040344,0.07509882748126984,0.0631161704659462,0.002707367530092597
img.00002478,0.037567030638456345,0.10987392067909241,0.006207568570971489,0.6161237955093384,0.1813727617263794,0.000814188621006906,0.009731699712574482,0.03830907866358757
img.00002486,0.2761401832103729,0.3439773917198181,0.06254943460226059,0.0726875439286232,0.05041490122675896,0.049699652940034866,0.02501036785542965,0.11952053010463715
img.00002501,0.1388840675354004,0.09890180826187134,0.03575905039906502,0.09094377607107162,0.08657172322273254,0.02156258188188076,0.3927302658557892,0.13464674353599548
img.00002506,0.019757699221372604,0.0829060897231102,0.01826612465083599,0.00988014042377472,0.004777756053954363,0.007930289953947067,0.11527127027511597,0.7412106394767761
img.00002507,0.07709872722625732,0.03016754984855652,0.013587091118097305,0.8336431980133057,0.006720253266394138,0.0004669012560043484,0.024164533242583275,0.014151749201118946
img.00002508,0.35862839221954346,0.0409061536192894,0.09853924810886383,0.22996588051319122,0.04202056676149368,0.008220373652875423,0.17179171741008759,0.04992758855223656
img.00002516,0.053232982754707336,0.04791594669222832,0.007321350276470184,0.004876670893281698,0.014602364972233772,0.01680685766041279,0.7544007897377014,0.10084300488233566
img.00002525,0.04526260122656822,0.3400724530220032,0.21032041311264038,0.21546761691570282,0.035335879772901535,0.014142408035695553,0.060354456305503845,0.07904417812824249
img.00002534,0.044937048107385635,0.026578878983855247,0.003368501551449299,0.0031854533590376377,0.018759096041321754,0.017225563526153564,0.849031925201416,0.03691357001662254
img.00002540,0.29734036326408386,0.10700850933790207,0.3599199652671814,0.041650112718343735,0.004999090917408466,0.045073989778757095,0.0923115685582161,0.05169638618826866
img.00002541,0.01996012032032013,0.008775384165346622,0.008034966886043549,0.007280546240508556,0.021743936464190483,0.017566651105880737,0.8911490440368652,0.025489289313554764
img.00002542,0.08311355859041214,0.014236672781407833,0.20847710967063904,0.20534799993038177,0.07293502986431122,0.055397313088178635,0.139174222946167,0.2213181108236313
img.00002543,0.07363394647836685,0.06694252043962479,0.11882325261831284,0.07190662622451782,0.03996754437685013,0.024387115612626076,0.3510865569114685,0.25325241684913635
img.00002547,0.3070361018180847,0.02213583141565323,0.003053578780964017,0.2557424306869507,0.13053621351718903,0.0018845630111172795,0.27134227752685547,0.008269032463431358
img.00002548,0.05353153124451637,0.1540769636631012,0.26177340745925903,0.008338481187820435,0.009696783497929573,0.010398208163678646,0.07732444256544113,0.42486029863357544
img.00002551,0.0015984057681635022,0.008598831482231617,0.0010110412258654833,0.0038814451545476913,0.9438796639442444,0.005165920592844486,0.03410130739212036,0.0017634100513532758
img.00002556,0.05726538598537445,0.05139273405075073,0.00553003279492259,0.002108146669343114,0.005067703314125538,0.0071429479867219925,0.6860252022743225,0.18546783924102783
img.00002561,0.5624212026596069,0.007212772499769926,0.06720995157957077,0.3026776611804962,0.015411075204610825,0.008156517520546913,0.015436798334121704,0.021474001929163933
img.00002573,0.005406414624303579,0.0032955037895590067,0.00030179141322150826,0.0062339589931070805,0.0029631955549120903,0.004834738094359636,0.9753143787384033,0.0016499659977853298
img.00002574,0.12192191183567047,0.031105460599064827,0.016687171533703804,0.7573917508125305,0.011702710762619972,0.02560395933687687,0.025968141853809357,0.009618962183594704
img.00002584,0.37995871901512146,0.00934124831110239,0.01815636083483696,0.20737139880657196,0.12603680789470673,0.003354462096467614,0.2268407642841339,0.028940239921212196
img.00002587,0.2364572137594223,0.0891113132238388,0.013353222981095314,0.008703721687197685,0.06719986349344254,0.006220316514372826,0.5734748840332031,0.005479386541992426
img.00002590,0.0856948047876358,0.28791600465774536,0.21220827102661133,0.1538822501897812,0.0574837364256382,0.009739717468619347,0.062200672924518585,0.13087449967861176
img.00002592,0.10516431927680969,0.03754445165395737,0.05029863491654396,0.029505014419555664,0.1847497522830963,0.06293848156929016,0.4586961567401886,0.07110317796468735
img.00002595,0.0015152633422985673,0.007026621140539646,0.0013250684132799506,0.004591010976582766,0.049375686794519424,0.0035102867987006903,0.7578315734863281,0.17482461035251617
img.00002596,0.30004259943962097,0.04949314892292023,0.08407896757125854,0.22245058417320251,0.048086196184158325,0.06400496512651443,0.1662086397409439,0.0656348466873169
img.00002598,0.12593993544578552,0.0169674139469862,0.04731430485844612,0.04863084480166435,0.020758911967277527,0.010160409845411777,0.6999042630195618,0.0303239393979311
img.00002602,0.12404175847768784,0.08239255845546722,0.22789713740348816,0.07087595015764236,0.07133258134126663,0.06739377975463867,0.29199284315109253,0.0640733614563942
img.00002604,0.02470509335398674,0.341141939163208,0.10626398026943207,0.023668326437473297,0.00972764939069748,0.0028523067012429237,0.28760191798210144,0.20403878390789032
img.00002608,0.052309222519397736,0.0470048263669014,0.02178875543177128,0.08518393337726593,0.2777617871761322,0.014007026329636574,0.40539297461509705,0.09655144065618515
img.00002610,0.14381815493106842,0.037012312561273575,0.17142552137374878,0.5984620451927185,0.006762340199202299,0.003946315962821245,0.02002248540520668,0.018550852313637733
img.00002620,0.6872116923332214,0.002730167703703046,0.00790019053965807,0.04462996497750282,0.008930745534598827,0.001275626360438764,0.2461288869380951,0.0011927663581445813
img.00002635,0.18691429495811462,0.016598772257566452,0.027442973107099533,0.051032159477472305,0.046899158507585526,0.03494818136096001,0.5557209253311157,0.08044351637363434
img.00002636,0.1588195264339447,0.02527192234992981,0.1033574566245079,0.014977291226387024,0.019729221239686012,0.3929308354854584,0.2320242077112198,0.05288953706622124
img.00002641,0.23876695334911346,0.1041785404086113,0.02201683819293976,0.019567571580410004,0.008196813985705376,0.017882628366351128,0.5012481212615967,0.08814260363578796
img.00003017,0.01097349263727665,0.00464047072455287,0.0017792313592508435,0.017914460971951485,0.19036616384983063,0.0012870505452156067,0.7333037257194519,0.03973554074764252
img.00002642,0.6263636350631714,0.003800456877797842,0.05443623289465904,0.29520025849342346,0.00437992624938488,0.0013287289766594768,0.013034702278673649,0.0014561229618266225
img.00003028,0.4480823576450348,0.025165943428874016,0.16946811974048615,0.280672162771225,0.02448412962257862,0.006310969591140747,0.008387584239244461,0.03742873668670654
img.00002650,0.17884789407253265,0.07338296622037888,0.007276986259967089,0.016454460099339485,0.021342817693948746,0.021195895969867706,0.6515792608261108,0.02991967462003231
img.00003032,0.009149530902504921,0.016438350081443787,0.0036967310588806868,0.010241654701530933,0.05157040059566498,0.005765292327851057,0.8929353356361389,0.010202729143202305
img.00002652,0.0702914446592331,0.018317390233278275,0.18532410264015198,0.25129014253616333,0.02263624779880047,0.008686571381986141,0.06983750313520432,0.3736165761947632
img.00003037,0.22393330931663513,0.025585675612092018,0.012597449123859406,0.053223755210638046,0.033127687871456146,0.030214333906769753,0.5846921801567078,0.03662560135126114
img.00002654,0.01797589287161827,0.04297315701842308,0.02094552107155323,0.023784710094332695,0.01978261023759842,0.13503502309322357,0.3510117530822754,0.38849133253097534
img.00003038,0.0007452984573319554,0.00020373714505694807,6.608291732845828e-05,0.0007707905024290085,0.005277805496007204,0.0002646904031280428,0.9911598563194275,0.0015118210576474667
img.00002655,0.03923322632908821,0.061391979455947876,0.14373698830604553,0.01940329186618328,0.04233435168862343,0.04036436229944229,0.027885006740689278,0.6256507635116577
img.00003040,0.09432683140039444,0.11842306703329086,0.45645835995674133,0.008124171756207943,0.025613725185394287,0.02855868823826313,0.029108885675668716,0.23938632011413574
img.00002657,0.06681869924068451,0.016673924401402473,0.0020072965417057276,0.007750103250145912,0.005948381498456001,0.015931742265820503,0.8771417140960693,0.007728167809545994
img.00003046,0.28851941227912903,0.07088678330183029,0.05041815713047981,0.011968092061579227,0.18655844032764435,0.10763117671012878,0.18591807782649994,0.09809993952512741
img.00002660,0.19946959614753723,0.012545609846711159,0.013543860986828804,0.013141743838787079,0.02875228226184845,0.07220420241355896,0.624525785446167,0.035816892981529236
img.00003050,0.11145500838756561,0.012206485494971275,0.046684134751558304,0.1750226467847824,0.08543439954519272,0.0047278571873903275,0.5397225618362427,0.024746863171458244
img.00002665,0.05426992103457451,0.013036536984145641,0.0006356482626870275,0.006479878444224596,0.007835868746042252,0.006681501865386963,0.9088497757911682,0.0022109239362180233
img.00003052,0.009395136497914791,0.001779412617906928,0.00033802917459979653,0.005552559159696102,0.6761377453804016,0.0005941662238910794,0.3008907735347748,0.005312141962349415
img.00002676,0.030733436346054077,0.12069552391767502,0.006272660102695227,0.0027997547294944525,0.03606121987104416,0.02307366579771042,0.6181389689445496,0.16222476959228516
img.00003055,0.06206571310758591,0.06303174048662186,0.5936962962150574,0.0049303993582725525,0.028262948617339134,0.04714652895927429,0.03271201625466347,0.16815435886383057
img.00002681,0.013506065122783184,0.0009670306462794542,0.00037130204145796597,0.0021373366471379995,0.04507235810160637,0.0002747371909208596,0.9227265119552612,0.014944634400308132
img.00003062,0.10229726880788803,0.16741828620433807,0.08409818261861801,0.06177107244729996,0.16507942974567413,0.008991061709821224,0.2938365936279297,0.11650804430246353
img.00002689,0.011327328160405159,0.0035219769924879074,0.004072886426001787,0.016199294477701187,0.01584147848188877,0.0022370892111212015,0.9425389766693115,0.004260895308107138
img.00003065,0.14475783705711365,0.04814746230840683,0.12561285495758057,0.03957291319966316,0.16013947129249573,0.012104412540793419,0.25964799523353577,0.21001707017421722
img.00002690,0.02274610847234726,0.03826909884810448,0.004799858666956425,0.012596719898283482,0.01645684987306595,0.002843807451426983,0.8929635882377625,0.009324031881988049
img.00003066,0.0013869961258023977,0.001163280801847577,0.0005808219430036843,0.0010865265503525734,0.003294649999588728,0.10842645913362503,0.8830265998840332,0.0010346225462853909
img.00002693,0.1693471074104309,0.001823000842705369,0.01574607752263546,0.1405029296875,0.06141792982816696,0.002341656945645809,0.605237603187561,0.003583749756217003
img.00003069,0.027943536639213562,0.16541928052902222,0.0442957729101181,0.019006287679076195,0.039801083505153656,0.013086755760014057,0.3887864947319031,0.3016607463359833
img.00002697,0.10210825502872467,0.06799331307411194,0.02847527526319027,0.09061689674854279,0.20246265828609467,0.0033592977561056614,0.42510318756103516,0.07988104969263077
img.00003076,0.01467486284673214,0.3623986840248108,0.026687709614634514,0.0034556849859654903,0.012353118509054184,0.03133630007505417,0.22896356880664825,0.3201300799846649
img.00002703,0.06953752040863037,0.18980906903743744,0.19827961921691895,0.1322523057460785,0.01592179760336876,0.009618774056434631,0.1574750691652298,0.22710593044757843
img.00003077,0.03605673462152481,0.0030548046343028545,0.016040226444602013,0.05286548659205437,0.09009392559528351,0.040529392659664154,0.7431806921958923,0.0181787870824337
img.00002728,0.07340224832296371,0.011372796259820461,0.05376351997256279,0.21954227983951569,0.07423210889101028,0.0011390376603230834,0.25471383333206177,0.31183409690856934
img.00003081,0.03450240567326546,0.022160416468977928,0.00986457522958517,0.07230027765035629,0.5994481444358826,0.004819112829864025,0.17986424267292023,0.07704079896211624
img.00002747,0.0030756101477891207,0.9660248160362244,0.009157667867839336,0.005478884559124708,0.0026876931078732014,0.000996206421405077,0.007918116636574268,0.004661035258322954
img.00003083,0.007712094113230705,0.0013082962250337005,0.007580526173114777,0.02457205206155777,0.29221102595329285,0.008790424093604088,0.6175930500030518,0.0402325764298439
img.00002753,0.014236398041248322,0.796740710735321,0.05501537397503853,0.01127647515386343,0.03779812902212143,0.002685528714209795,0.05659762769937515,0.025649795308709145
img.00003084,0.5158085227012634,0.04390032961964607,0.00643446110188961,0.01502975169569254,0.060984209179878235,0.006986069958657026,0.325241357088089,0.025615347549319267
img.00002765,0.6337733864784241,0.03606260567903519,0.01565036177635193,0.028590675443410873,0.01028664130717516,0.01675996370613575,0.20716054737567902,0.051715802401304245
img.00003087,0.20308105647563934,0.042213041335344315,0.10204030573368073,0.07715415954589844,0.03341028094291687,0.034285616129636765,0.4925519526004791,0.015263539738953114
img.00002768,0.007608854211866856,0.0017020008526742458,0.0005307425744831562,0.16470099985599518,0.22881783545017242,0.0010584635892882943,0.5836846828460693,0.011896448209881783
img.00003093,0.08192502707242966,0.134986013174057,0.07064130902290344,0.004295156337320805,0.014059656299650669,0.07030308991670609,0.20677496492862701,0.4170148968696594
img.00002773,0.048991911113262177,0.030727066099643707,0.008665887638926506,0.026786472648382187,0.2557357847690582,0.029602738097310066,0.27960795164108276,0.31988221406936646
img.00003097,0.05524196848273277,0.006541816983371973,0.018787113949656487,0.08511802554130554,0.09383204579353333,0.00199596188031137,0.6950280070304871,0.04345504567027092
img.00002792,0.16770580410957336,0.043667685240507126,0.1315671056509018,0.14368551969528198,0.02843974158167839,0.02862994559109211,0.3594614565372467,0.09684275090694427
img.00003103,0.03316676244139671,0.014226006343960762,0.0363648422062397,0.16459067165851593,0.10641095042228699,0.01314270868897438,0.5850921869277954,0.047005921602249146
img.00002800,0.03618848696351051,0.7530329823493958,0.02115778625011444,0.02353881113231182,0.05491289868950844,0.010350244119763374,0.021844513714313507,0.07897435873746872
img.00003104,0.41305649280548096,0.028425786644220352,0.2022782266139984,0.13348953425884247,0.07970446348190308,0.01374442595988512,0.031836602836847305,0.0974644348025322
img.00002813,0.7354002594947815,0.021491769701242447,0.2114618420600891,0.0038929390721023083,0.002280816901475191,0.01116932276636362,0.008745336905121803,0.005557676311582327
img.00003112,0.007906721904873848,0.04361985623836517,0.012161452323198318,0.0018393693026155233,0.004790280479937792,0.007348690647631884,0.5872533917427063,0.3350802958011627
img.00002816,0.051602140069007874,0.004983729217201471,0.0007305684848688543,0.006199509371072054,0.005030472297221422,0.002451051026582718,0.92868971824646,0.00031292231869883835
img.00003118,0.4721701145172119,0.022236283868551254,0.04159042611718178,0.031078554689884186,0.02329052798449993,0.07639197260141373,0.22482696175575256,0.10841519385576248
img.00002824,0.04606220871210098,0.015993604436516762,0.042844343930482864,0.018952373415231705,0.02815680392086506,0.7853416800498962,0.046768732368946075,0.015880314633250237
img.00003119,0.26217594742774963,0.0398130863904953,0.669550895690918,0.0022773684468120337,0.0036717322655022144,0.010340027511119843,0.006220127455890179,0.0059508648701012135
img.00002827,0.19412826001644135,0.007080519571900368,0.008374297991394997,0.012833348475396633,0.04852475970983505,0.013996885158121586,0.7104673981666565,0.00459450576454401
img.00003122,0.16576877236366272,0.03562609851360321,0.03034670278429985,0.2176167070865631,0.07513143122196198,0.050310272723436356,0.31155312061309814,0.11364680528640747
img.00002830,0.039278917014598846,0.031038224697113037,0.0294933021068573,0.16574862599372864,0.11930663138628006,0.5130703449249268,0.05593104660511017,0.04613290727138519
img.00003123,0.2053299993276596,0.01781279221177101,0.014236493967473507,0.1074228584766388,0.036871347576379776,0.037394482642412186,0.49597737193107605,0.08495461195707321
img.00002832,0.002646884648129344,0.006549443583935499,0.0006292855250649154,0.0026340584736317396,0.07866959273815155,0.000996511778794229,0.8752472996711731,0.032626986503601074
img.00003125,0.4347592294216156,0.014118152670562267,0.017937257885932922,0.3396431505680084,0.02468256466090679,0.01260195393115282,0.1317596137523651,0.024498121812939644
img.00002851,0.025919107720255852,0.04404275491833687,0.022391000762581825,0.1550554633140564,0.4606749415397644,0.003867225954309106,0.22561965882778168,0.06242983043193817
img.00003126,0.024629229679703712,0.011391396634280682,0.010473859496414661,0.005470183677971363,0.01421816274523735,0.19015157222747803,0.657274603843689,0.08639099448919296
img.00002855,0.03446173667907715,0.0410585030913353,0.012352467514574528,0.07511696219444275,0.313882440328598,0.010533199645578861,0.430308997631073,0.08228573203086853
img.00003129,0.04118267446756363,0.025374118238687515,0.029094435274600983,0.018874764442443848,0.45730674266815186,0.049373045563697815,0.299414724111557,0.07937943935394287
img.00002856,0.28919485211372375,0.03035861626267433,0.04353042319417,0.20821304619312286,0.08457459509372711,0.010163108818233013,0.3106382489204407,0.023327099159359932
img.00003132,0.25752002000808716,0.00462731160223484,0.005786537192761898,0.1473357081413269,0.0967320054769516,0.0819760262966156,0.37017083168029785,0.035851508378982544
img.00002862,0.1388406604528427,0.336139053106308,0.17929518222808838,0.0476231686770916,0.06094064190983772,0.06027579680085182,0.10972265154123306,0.06716284900903702
img.00003134,0.08563677221536636,0.09812410920858383,0.013902422040700912,0.008477159775793552,0.006240072660148144,0.022479474544525146,0.6467351317405701,0.11840488761663437
img.00002863,0.8372774124145508,0.0029467539861798286,0.0017092344351112843,0.02661002054810524,0.02344788797199726,0.003229140304028988,0.10310755670070648,0.001672028680332005
img.00003137,0.09268101304769516,0.11618775129318237,0.15510843694210052,0.10881904512643814,0.30761662125587463,0.016806116327643394,0.07978986203670502,0.1229911670088768
img.00002865,0.06799621880054474,0.011729711666703224,0.2381715178489685,0.15912553668022156,0.06346451491117477,0.0016640028916299343,0.41702598333358765,0.04082248732447624
img.00003138,0.2880747318267822,0.06846574693918228,0.10558070987462997,0.02540869079530239,0.09384319186210632,0.08351535350084305,0.22506636381149292,0.11004523187875748
img.00002868,0.00011513044591993093,2.31226713367505e-05,1.0805302736116573e-05,3.566452505765483e-05,0.005168636795133352,0.0005622071330435574,0.9939415454864502,0.00014291696425061673
img.00003139,0.2696618437767029,0.1617356836795807,0.10528646409511566,0.1653386652469635,0.06926354765892029,0.037044573575258255,0.16338719427585602,0.028282009065151215
img.00002877,0.15080825984477997,0.3729747533798218,0.09519264847040176,0.04456804320216179,0.04249123856425285,0.004885656759142876,0.19464027881622314,0.0944390520453453
img.00003140,0.2361098825931549,0.03675578162074089,0.05174172669649124,0.2137426733970642,0.06443693488836288,0.30309006571769714,0.0643874928355217,0.029735414311289787
img.00002885,0.01986333169043064,0.004392251372337341,0.005036922637373209,0.027150394394993782,0.05966167896986008,0.00026294635608792305,0.8767508864402771,0.006881613750010729
img.00003141,0.7650030255317688,0.0012148130917921662,0.000753297470510006,0.15854650735855103,0.005632252898067236,0.0021288448479026556,0.0663321316242218,0.00038917691563256085
img.00002887,0.4586692452430725,0.11699248105287552,0.08626798540353775,0.15544430911540985,0.04764876514673233,0.06130737438797951,0.04951188340783119,0.024157967418432236
img.00003143,0.0573868528008461,0.058734241873025894,0.28214922547340393,0.15377852320671082,0.012200949713587761,0.15097376704216003,0.054882556200027466,0.22989384829998016
img.00002892,0.24430210888385773,0.13036784529685974,0.44583335518836975,0.009198524989187717,0.016330942511558533,0.010234594345092773,0.017798056825995445,0.12593451142311096
img.00003145,0.06228256598114967,0.009183562360703945,0.0036011552438139915,0.0087346900254488,0.03680895268917084,0.008038720116019249,0.8472559452056885,0.02409435622394085
img.00002898,0.5277031064033508,0.03126313537359238,0.004679508041590452,0.05067812278866768,0.06346874684095383,0.055821679532527924,0.2210303097963333,0.04535539075732231
img.00003153,0.35828897356987,0.030503705143928528,0.2899220585823059,0.026199815794825554,0.051142364740371704,0.027615925297141075,0.027221571654081345,0.1891055703163147
img.00002900,0.14305201172828674,0.01180545799434185,0.023651307448744774,0.4649909436702728,0.019531182944774628,0.01964648626744747,0.18892277777194977,0.1283998042345047
img.00003160,0.0045120795257389545,0.008111057803034782,0.03298209235072136,0.03438228741288185,0.10515052825212479,0.005062415264546871,0.05628553777933121,0.7535140514373779
img.00002901,0.8069145679473877,0.12632030248641968,0.0183105506002903,0.016650574281811714,0.011142442002892494,0.0046782116405665874,0.0051040262915194035,0.010879267938435078
img.00003164,0.07229658216238022,0.0029683560132980347,0.004155509639531374,0.016027027741074562,0.010721483267843723,0.012230622582137585,0.8738294243812561,0.007770916912704706
img.00002917,0.18954385817050934,0.05392347276210785,0.01644916646182537,0.0103612607344985,0.009748206473886967,0.01950187049806118,0.4269939064979553,0.2734782099723816
img.00003174,0.05037558823823929,0.16781078279018402,0.05435692518949509,0.011526539921760559,0.050659019500017166,0.2685249447822571,0.36617857217788696,0.030567612498998642
img.00002940,0.7728355526924133,0.0088420445099473,0.002046548994258046,0.08787747472524643,0.012823323719203472,0.007097519468516111,0.10802178084850311,0.0004558118525892496
img.00003178,0.06137320026755333,0.21107836067676544,0.10839565843343735,0.014642789028584957,0.033607352524995804,0.29257145524024963,0.23726481199264526,0.04106640815734863
img.00002954,0.5596520304679871,0.013708735816180706,0.03301098570227623,0.005625606048852205,0.0081834951415658,0.005489118862897158,0.36511126160621643,0.009218859486281872
img.00003182,0.045994583517313004,0.03850477561354637,0.12897177040576935,0.07994228601455688,0.055114228278398514,0.02924305945634842,0.4177469313144684,0.20448240637779236
img.00002971,0.022985054180026054,0.025286853313446045,0.00391600513830781,0.021496493369340897,0.04377853870391846,0.0080643305554986,0.858430027961731,0.016042811796069145
img.00003187,0.07704983651638031,0.3838532567024231,0.14014440774917603,0.2515259385108948,0.019005630165338516,0.015304161235690117,0.027647821232676506,0.08546892553567886
img.00002976,0.011689604260027409,0.005549255758523941,0.1736111342906952,0.026942649856209755,0.06126352399587631,0.002355472184717655,0.04176744446158409,0.6768209338188171
img.00003214,0.0061985887587070465,0.07318699359893799,0.02260071597993374,0.00645176088437438,0.011751401238143444,0.007172565441578627,0.09885547310113907,0.77378249168396
img.00003007,0.149241641163826,0.0718693658709526,0.07314325869083405,0.1656237542629242,0.18636304140090942,0.04482823982834816,0.25681185722351074,0.05211878940463066
img.00003219,0.7519418597221375,0.06741104274988174,0.021023357287049294,0.07711979746818542,0.009845380671322346,0.050329532474279404,0.017692141234874725,0.004636868834495544
img.00003012,0.041954319924116135,0.3355679512023926,0.1021372526884079,0.07138434797525406,0.008682617917656898,0.007047540508210659,0.031786348670721054,0.4014396369457245
img.00004022,0.06912971287965775,0.04892490431666374,0.01629738137125969,0.004588968586176634,0.038475360721349716,0.15982599556446075,0.6555611491203308,0.007196532096713781
img.00003227,0.04091346263885498,0.02909243293106556,0.0661570206284523,0.029228143393993378,0.21919137239456177,0.10266031324863434,0.11309713125228882,0.3996600806713104
img.00003570,0.2629087567329407,0.10361109673976898,0.16828253865242004,0.23797212541103363,0.1437419056892395,0.005958292633295059,0.03435363247990608,0.04317166283726692
img.00003236,0.1544230729341507,0.12214075028896332,0.040362097322940826,0.00505115045234561,0.03093133121728897,0.02007557824254036,0.1060406044125557,0.5209754705429077
img.00003565,0.009354688227176666,0.003903489327058196,0.0015698871575295925,0.0023751745466142893,0.006707556080073118,0.009072531946003437,0.9263253808021545,0.040691278874874115
img.00003246,0.9026177525520325,0.0008043685229495168,0.0060519068501889706,0.01016175840049982,0.008762527257204056,0.0024700635112822056,0.06829173862934113,0.0008398727513849735
img.00003582,0.41715535521507263,0.005726643372327089,0.008044467307627201,0.1418953239917755,0.08762557059526443,0.005657421890646219,0.32500043511390686,0.008894744329154491
img.00003257,0.1819654256105423,0.07258355617523193,0.016181716695427895,0.03912642225623131,0.026633407920598984,0.020627381280064583,0.4664976894855499,0.17638437449932098
img.00003591,0.13995575904846191,0.1660325825214386,0.08690757304430008,0.03996160626411438,0.1447264701128006,0.07261350750923157,0.15276625752449036,0.19703631103038788
img.00003258,0.14406384527683258,0.23200412094593048,0.05333422124385834,0.027257859706878662,0.044149283319711685,0.14501841366291046,0.20964719355106354,0.14452512562274933
img.00003592,0.868325412273407,0.03913045674562454,0.017212407663464546,0.021654879674315453,0.004103748593479395,0.03160843998193741,0.010831556282937527,0.007133031263947487
img.00003264,0.014640243723988533,0.04738298058509827,0.10858955979347229,0.060057688504457474,0.4931911826133728,0.01096220314502716,0.02785673178732395,0.23731940984725952
img.00003593,0.19239458441734314,0.0027008475735783577,0.0023603381123393774,0.06610634922981262,0.029364384710788727,0.00981745682656765,0.6924477219581604,0.004808352794498205
img.00003274,0.1152728870511055,0.25559520721435547,0.04284599423408508,0.03162459284067154,0.04610322415828705,0.13231587409973145,0.18105341494083405,0.19518883526325226
img.00003595,0.4595334231853485,0.055331360548734665,0.10961384326219559,0.04179738461971283,0.022133177146315575,0.058337923139333725,0.11001387238502502,0.14323903620243073
img.00003277,0.2992151975631714,0.058254390954971313,0.4274697005748749,0.018590133637189865,0.07794176787137985,0.03847936540842056,0.012564421631395817,0.06748496741056442
img.00003597,0.3576306700706482,0.05594223365187645,0.1623057872056961,0.026206471025943756,0.027126142755150795,0.0655231699347496,0.06821906566619873,0.23704637587070465
img.00003278,0.0839041918516159,0.00794028677046299,0.0029480522498488426,0.017941605299711227,0.027693169191479683,0.0027476144023239613,0.8516166806221008,0.005208440124988556
img.00003623,0.11416482925415039,0.06078436225652695,0.0039566392078995705,0.4094317555427551,0.3600463569164276,0.0010938652558252215,0.04255802929401398,0.007964130491018295
img.00003285,0.895828902721405,0.004557323642075062,0.006554870866239071,0.03610767051577568,0.0018069706857204437,0.0016112537123262882,0.05230728164315224,0.0012256812769919634
img.00003628,0.03782328590750694,0.005050733685493469,0.0015667645493522286,0.030461398884654045,0.1535530537366867,0.03541601449251175,0.7112769484519958,0.024851858615875244
img.00003293,0.004715729504823685,0.0009338823147118092,0.0007909989217296243,0.9889322519302368,0.0023286831565201283,0.0003106021322309971,0.0013573415344581008,0.0006306113791652024
img.00003634,0.22876501083374023,0.6114078164100647,0.05470321327447891,0.025279389694333076,0.002450460335239768,0.00507050147280097,0.053457364439964294,0.018866246566176414
img.00003301,0.3724929392337799,0.11801072210073471,0.3668851852416992,0.01776883378624916,0.01136578619480133,0.03835809603333473,0.029946915805339813,0.04517154395580292
img.00003663,0.44671493768692017,0.4437502324581146,0.017691539600491524,0.004391880240291357,0.0031606582924723625,0.004500689450651407,0.0716560035943985,0.008134131319820881
img.00003315,0.03163447976112366,0.02915312349796295,0.008575844578444958,0.07609082013368607,0.009518512524664402,0.016919797286391258,0.7882218956947327,0.03988558426499367
img.00003669,0.6626594066619873,0.264149934053421,0.014502097852528095,0.0032441415823996067,0.013741844333708286,0.017203906551003456,0.01722228154540062,0.007276418153196573
img.00003333,0.003226728644222021,0.006158117204904556,0.002854093676432967,0.0014731580158695579,0.05475163832306862,0.006063549313694239,0.8644081354141235,0.06106463447213173
img.00003676,0.28828513622283936,0.04826640337705612,0.3312388062477112,0.05123008415102959,0.1315089613199234,0.0231684148311615,0.11206214129924774,0.01424009446054697
img.00003334,0.8379299640655518,0.011247692629694939,0.02176644094288349,0.0010286058532074094,0.0024965903721749783,0.0014052364276722074,0.10907737910747528,0.015048068948090076
img.00003680,0.06331394612789154,0.010755561292171478,0.0008548401528969407,0.07754006236791611,0.01464390754699707,0.0029782752972096205,0.8222435116767883,0.007669913582503796
img.00003335,0.3992491364479065,0.028156738728284836,0.01294038724154234,0.03041939064860344,0.06938875466585159,0.016748622059822083,0.42531323432922363,0.01778373122215271
img.00003684,0.7839012742042542,0.003664968768134713,0.0775551050901413,0.06666093319654465,0.0007906165556050837,0.0003639498900156468,0.057390108704566956,0.00967318844050169
img.00003343,0.11094710975885391,0.618777871131897,0.08487898111343384,0.031110506504774094,0.057681936770677567,0.028822585940361023,0.042223379015922546,0.025557629764080048
img.00003702,0.1154620423913002,0.28503426909446716,0.13064207136631012,0.01903168298304081,0.012868382968008518,0.047106992453336716,0.3243961036205292,0.06545845419168472
img.00003347,0.33004438877105713,0.003700382076203823,0.0025298434775322676,0.0074898554012179375,0.006616175640374422,0.01723078265786171,0.6278315186500549,0.00455708522349596
img.00003708,0.32988932728767395,0.34900882840156555,0.06461562216281891,0.03158688545227051,0.02045128121972084,0.06414763629436493,0.013468718156218529,0.12683168053627014
img.00003377,0.0007815947756171227,0.00040585509850643575,0.001068094396032393,0.013827547430992126,0.09324976056814194,0.0022532823495566845,0.7766637206077576,0.11175025254487991
img.00003710,0.16745391488075256,0.016392089426517487,0.18166260421276093,0.09561409801244736,0.10917910188436508,0.029156265780329704,0.2822387218475342,0.11830321699380875
img.00003378,0.0020128178875893354,0.0014953407226130366,0.0005362008814699948,0.005707834847271442,0.19263653457164764,0.002327864756807685,0.760631799697876,0.03465164452791214
img.00003716,0.36656641960144043,0.09638854116201401,0.29540377855300903,0.042192138731479645,0.017397569492459297,0.01151234656572342,0.03098553605377674,0.13955362141132355
img.00003379,0.17614434659481049,0.11438710987567902,0.15110480785369873,0.0950784906744957,0.04355938360095024,0.03943999856710434,0.1565503180027008,0.22373554110527039
img.00003727,0.17977558076381683,0.11635182052850723,0.2760934829711914,0.09472359716892242,0.07721865177154541,0.09657910466194153,0.05466299131512642,0.10459476709365845
img.00003381,0.2751833498477936,0.03873278200626373,0.02031962014734745,0.11719872057437897,0.01811899244785309,0.04266463965177536,0.38218897581100464,0.10559281706809998
img.00003730,0.03705158829689026,0.11044426262378693,0.014194076880812645,0.03420674800872803,0.15764939785003662,0.09429764002561569,0.420940637588501,0.13121560215950012
img.00003382,0.38884297013282776,0.09590379148721695,0.16481105983257294,0.07618043571710587,0.01692372001707554,0.057043738663196564,0.06359294056892395,0.1367013156414032
img.00003736,0.031205547973513603,0.0011649045627564192,0.005681037437170744,0.007988883182406425,0.026649432256817818,0.004008041229099035,0.8888142108917236,0.03448792174458504
img.00003389,0.0849265530705452,0.011129231192171574,0.007054097019135952,0.04452008381485939,0.09523175656795502,0.027914799749851227,0.6852006912231445,0.04402277618646622
img.00003742,0.08170746266841888,0.019564999267458916,0.023186620324850082,0.010679904371500015,0.019623108208179474,0.00306066800840199,0.7560904026031494,0.08608682453632355
img.00003395,0.18624262511730194,0.02260979451239109,0.014968451112508774,0.3870576322078705,0.14106056094169617,0.013070821762084961,0.21338051557540894,0.0216095969080925
img.00003744,0.0009247330017387867,0.00016731292998883873,7.373416156042367e-05,0.000509678153321147,0.04074985161423683,0.0046982779167592525,0.9500432014465332,0.0028331538196653128
img.00003402,0.1295584887266159,0.010042885318398476,0.004460121504962444,0.6477048397064209,0.03492021560668945,0.0032875302713364363,0.16844607889652252,0.001579847070388496
img.00003747,0.038067881017923355,0.008215286768972874,0.004716686438769102,0.011494320817291737,0.014362196438014507,0.8367079496383667,0.08324506133794785,0.0031907057855278254
img.00003404,0.12107155472040176,0.004455646965652704,0.0020705205388367176,0.026519816368818283,0.006871609482914209,0.0038599774707108736,0.832863986492157,0.002286852104589343
img.00003749,0.10635030269622803,0.20056386291980743,0.048217739909887314,0.06884326785802841,0.12840653955936432,0.023991454392671585,0.10832381248474121,0.31530308723449707
img.00003410,0.05262308195233345,0.0016680898843333125,0.0028395873960107565,0.003223365405574441,0.007257571443915367,0.024546509608626366,0.9032340049743652,0.004607776179909706
img.00003753,0.05879119038581848,0.11770569533109665,0.23792947828769684,0.025062913075089455,0.044787775725126266,0.008143291808664799,0.1727125346660614,0.3348671495914459
img.00003411,0.00016212199989240617,0.00012033885286655277,9.182336361845955e-05,0.0003523514315020293,0.0230716485530138,0.0020609621424227953,0.9721798300743103,0.001960975816473365
img.00003762,0.28827211260795593,0.16361062228679657,0.2903701663017273,0.07102302461862564,0.028100039809942245,0.01871798001229763,0.06266438961029053,0.07724156230688095
img.00003421,0.07996474206447601,0.09119474142789841,0.09408397227525711,0.253130704164505,0.17455217242240906,0.059977877885103226,0.14624445140361786,0.10085130482912064
img.00003766,0.060575515031814575,0.20614516735076904,0.11606168001890182,0.10889272391796112,0.07690022885799408,0.025183485820889473,0.14241231977939606,0.2638288140296936
img.00003422,0.02031654119491577,0.0022207621950656176,0.00034488513483665884,0.0027663647197186947,0.006349476054310799,0.06857198476791382,0.8966878652572632,0.0027422322891652584
img.00003767,0.1197749674320221,0.19990816712379456,0.11183883994817734,0.03519517183303833,0.0392434261739254,0.012762568891048431,0.23190262913703918,0.24937422573566437
img.00003424,0.0061288136057555676,0.011314895004034042,0.08259546756744385,0.050255898386240005,0.054283734411001205,0.013290735892951488,0.14376620948314667,0.638364315032959
img.00003794,0.3234986662864685,0.023165946826338768,0.015051006339490414,0.015195213258266449,0.01736760511994362,0.02607608400285244,0.5700515508651733,0.009593907743692398
img.00003433,0.022264473140239716,0.002501931507140398,0.004162624478340149,0.008646044880151749,0.12185926735401154,0.004045326728373766,0.8153234720230103,0.02119690179824829
img.00003803,0.1968562752008438,0.3665080666542053,0.13004454970359802,0.1329445242881775,0.041058044880628586,0.02967604249715805,0.06827620416879654,0.03463630750775337
img.00003436,0.48812881112098694,0.033307164907455444,0.19077333807945251,0.17690879106521606,0.00686643598601222,0.009157082997262478,0.028098955750465393,0.06675945967435837
img.00003804,0.23828040063381195,0.10238748788833618,0.16359324753284454,0.08139235526323318,0.06090882420539856,0.1670864224433899,0.14280763268470764,0.043543700128793716
img.00003439,0.07088807225227356,0.04279761761426926,0.043931324034929276,0.07710110396146774,0.023161262273788452,0.03958651423454285,0.6955578923225403,0.006976278964430094
img.00003809,0.05193595960736275,0.6410353779792786,0.10411912947893143,0.15360909700393677,0.010429106652736664,0.0033454715739935637,0.01303810253739357,0.022487806156277657
img.00003442,0.0006768063176423311,0.001072507118806243,0.0001647741737542674,0.0005031128530390561,0.011303388513624668,0.0021466421894729137,0.9834716320037842,0.0006612353608943522
img.00003817,0.014812204986810684,0.9689031839370728,0.0110778184607625,0.0033160019665956497,0.0004790819948539138,0.0002549731871113181,0.0003954928833991289,0.0007611432811245322
img.00003451,0.5912970900535583,0.03703111410140991,0.021934306249022484,0.09334547817707062,0.04988155886530876,0.0605759434401989,0.0628136396408081,0.0831209048628807
img.00003820,0.026542671024799347,0.5143694281578064,0.14093449711799622,0.10405687987804413,0.03827182576060295,0.014130762778222561,0.05646485090255737,0.10522905737161636
img.00003454,0.5186209082603455,0.06953397393226624,0.06327247619628906,0.12296998500823975,0.032706376165151596,0.051850419491529465,0.0627841129899025,0.07826176285743713
img.00003840,0.22655664384365082,0.07197793573141098,0.08886516839265823,0.10633697360754013,0.0520617812871933,0.02030455693602562,0.41163018345832825,0.022266803309321404
img.00003457,0.23434790968894958,0.016821378841996193,0.01400748547166586,0.0281355157494545,0.011356948874890804,0.014851300045847893,0.6631187796592712,0.017360661178827286
img.00003852,0.0067936088889837265,0.005730413366109133,0.0005685913492925465,0.0021786869037896395,0.014879580587148666,0.023609716445207596,0.936277449131012,0.009961969219148159
img.00003464,0.8640545606613159,0.01598830334842205,0.014745650812983513,0.07022295892238617,0.006702092010527849,0.00853301677852869,0.006451282650232315,0.013302059844136238
img.00003886,0.35342130064964294,0.0153249092400074,0.0399763397872448,0.03365659341216087,0.10014278441667557,0.03774656355381012,0.3649446666240692,0.054786887019872665
img.00003470,0.1632208675146103,0.0255514495074749,0.008822165429592133,0.1239943653345108,0.08226732909679413,0.02441108599305153,0.47347190976142883,0.09826073795557022
img.00003887,0.2801273763179779,0.09458046406507492,0.07174773514270782,0.0584726445376873,0.11361977458000183,0.09385973960161209,0.2566075921058655,0.03098471276462078
img.00003471,0.04255977272987366,0.024556005373597145,0.0158748310059309,0.02369612827897072,0.14506080746650696,0.012807376682758331,0.05843184143304825,0.6770132184028625
img.00003943,0.1722327619791031,0.5854740142822266,0.19675402343273163,0.0191663708537817,0.00393444811925292,0.0029920400120317936,0.0074029406532645226,0.01204336155205965
img.00003497,0.17014887928962708,0.06602441519498825,0.14669282734394073,0.3999585509300232,0.05733836442232132,0.0027379137463867664,0.09510007500648499,0.061999015510082245
img.00003954,0.12159104645252228,0.20690199732780457,0.05092135816812515,0.1725071221590042,0.01120839174836874,0.013027451932430267,0.06671015918254852,0.3571324348449707
img.00003506,0.36008065938949585,0.013003828004002571,0.024207673966884613,0.033284448087215424,0.006635966245085001,0.00390877528116107,0.5522996783256531,0.006579048931598663
img.00003956,0.004220909904688597,0.9642737507820129,0.010031169280409813,0.004629118368029594,0.0014566396130248904,0.0007234949734993279,0.00987935159355402,0.004785522818565369
img.00003507,0.000869892246555537,0.0010554026812314987,0.0006788176251575351,0.03854413703083992,0.9497683048248291,0.0016444041393697262,0.005765337496995926,0.0016736913239583373
img.00003961,0.22103486955165863,0.09503497183322906,0.007516700308769941,0.0021058530546724796,0.003742614295333624,0.03991958126425743,0.5038265585899353,0.12681891024112701
img.00003510,0.019004669040441513,0.0014624384930357337,0.010602328926324844,0.050599999725818634,0.10221615433692932,0.025447433814406395,0.5708182454109192,0.21984878182411194
img.00003979,0.010640725493431091,0.8196026682853699,0.01920529641211033,0.07141604274511337,0.05104272440075874,0.0016668427269905806,0.017123818397521973,0.009301811456680298
img.00003511,0.7731980681419373,0.03485376760363579,0.013414791785180569,0.03612319752573967,0.02627718262374401,0.023909376934170723,0.07615220546722412,0.016071489080786705
img.00003981,0.07721463590860367,0.03812277689576149,0.015911197289824486,0.12298846989870071,0.18228481709957123,0.004364806693047285,0.29321902990341187,0.26589423418045044
img.00003513,0.06904885917901993,0.03638959303498268,0.016822244971990585,0.10022911429405212,0.4429759979248047,0.012576572597026825,0.2620389759540558,0.0599186047911644
img.00003982,0.07896243035793304,0.014204108156263828,0.041460540145635605,0.6148477792739868,0.15561836957931519,0.0016344832256436348,0.04665795713663101,0.04661436751484871
img.00003518,0.06290469318628311,0.12594856321811676,0.022106006741523743,0.13004617393016815,0.10343360900878906,0.02384285442531109,0.4946267306804657,0.03709130734205246
img.00003986,0.007782795000821352,0.006071154028177261,0.01498340629041195,0.048300594091415405,0.5954184532165527,0.0041561434045434,0.28168097138404846,0.04160645976662636
img.00003521,0.7040838003158569,0.03070758655667305,0.0030576144345104694,0.004381929524242878,0.014775814488530159,0.005180862732231617,0.22278006374835968,0.015032336115837097
img.00003991,0.010614337399601936,0.005203783977776766,0.016479961574077606,0.019153373315930367,0.20965443551540375,0.011109593324363232,0.6246531009674072,0.10313145816326141
img.00003524,0.31007909774780273,0.02570628747344017,0.04903684929013252,0.2070406973361969,0.029748769477009773,0.06631103157997131,0.2607594132423401,0.05131784453988075
img.00003999,0.012740506790578365,0.015498972497880459,0.0038029327988624573,0.02574623003602028,0.10323251038789749,0.002453143708407879,0.8137261867523193,0.022799530997872353
img.00003537,0.7641779780387878,0.0043124062940478325,0.003833766793832183,0.023086944594979286,0.0028448014054447412,0.009743685834109783,0.19105319678783417,0.0009472597157582641
img.00004005,0.0060950759798288345,0.0009344882564619184,0.0012462018057703972,0.979469895362854,0.003465351415798068,0.00022337051632348448,0.004843271803110838,0.0037223168183118105
img.00003540,0.49136093258857727,0.0069319759495556355,0.011359117925167084,0.33615776896476746,0.030245333909988403,0.002126389881595969,0.1100885346531868,0.0117298923432827
img.00004010,0.01446863915771246,0.004802817478775978,0.0061326096765697,0.013016859069466591,0.2669677138328552,0.0008773317676968873,0.6879492402076721,0.005784796085208654
img.00003543,0.08005329966545105,0.07278057187795639,0.02030935324728489,0.011308152228593826,0.05224677920341492,0.007066979538649321,0.5233774185180664,0.23285754024982452
img.00004011,0.14971770346164703,0.20850986242294312,0.008398719131946564,0.07251032441854477,0.0073007866740226746,0.0288747176527977,0.5017379522323608,0.02294992469251156
img.00003546,0.0646376833319664,0.03805004432797432,0.1577238142490387,0.126982182264328,0.1069093868136406,0.021908443421125412,0.37623536586761475,0.10755300521850586
img.00004016,0.014646472409367561,0.013097248040139675,0.05210734158754349,0.02591880038380623,0.1647988259792328,0.013948754407465458,0.021894045174121857,0.6935884952545166
img.00003553,0.21946439146995544,0.06710375100374222,0.4351012706756592,0.06504075229167938,0.13195084035396576,0.019625850021839142,0.02483898401260376,0.0368742011487484
img.00004558,0.009546047076582909,0.0011949959443882108,0.00041706551564857364,0.0014873560285195708,0.08892875909805298,0.0026607243344187737,0.8935352563858032,0.002229945035651326
img.00004039,0.6555884480476379,0.033057115972042084,0.09068378806114197,0.16080650687217712,0.011242370121181011,0.001475543132983148,0.03877856582403183,0.008367704227566719
img.00004313,0.23803190886974335,0.11196716129779816,0.11016478389501572,0.21819575130939484,0.03736993670463562,0.09278526902198792,0.13265185058116913,0.05883331969380379
img.00004047,0.03508942201733589,0.04315511882305145,0.02847946621477604,0.02871713414788246,0.35138842463493347,0.024059057235717773,0.3566795587539673,0.13243182003498077
img.00004309,0.07765796780586243,0.16069629788398743,0.22844834625720978,0.02493622526526451,0.05195601284503937,0.06451345980167389,0.04773322865366936,0.34405848383903503
img.00004049,0.06533559411764145,0.09044253081083298,0.07112681120634079,0.040468841791152954,0.11243444681167603,0.016095485538244247,0.4175020754337311,0.18659424781799316
img.00004322,0.002361783292144537,0.09278807044029236,0.00840873084962368,0.0045080711133778095,0.2143605351448059,0.0005541422287933528,0.5142640471458435,0.16275469958782196
img.00004055,0.09599164128303528,0.00903929304331541,0.003472787095233798,0.07212769240140915,0.026212114840745926,0.003864527679979801,0.7800458669662476,0.00924609787762165
img.00004337,0.01277643721550703,0.0018164910143241286,0.003922874107956886,0.14644233882427216,0.10006057471036911,0.0017011504387483,0.7210176587104797,0.01226247288286686
img.00004056,0.03572859987616539,0.03951384499669075,0.009681475348770618,0.0098872696980834,0.04137282446026802,0.06397555768489838,0.5434240102767944,0.256416380405426
img.00004346,0.2976590692996979,0.07565971463918686,0.014320457354187965,0.02648567594587803,0.12670719623565674,0.07273280620574951,0.3651452958583832,0.02128973975777626
img.00004058,0.31926673650741577,0.1461055874824524,0.06575358659029007,0.033454328775405884,0.05901540070772171,0.03671281784772873,0.09121393412351608,0.24847762286663055
img.00004347,0.04426700994372368,0.004339069128036499,0.0052330405451357365,0.02448572777211666,0.034615352749824524,0.004556603729724884,0.7953197360038757,0.08718343824148178
img.00004059,0.000680463679600507,0.0011097484966740012,0.0018051053630188107,0.003431065706536174,0.9760187864303589,0.00493097398430109,0.008260119706392288,0.0037638384383171797
img.00004353,0.0898459404706955,0.0292181596159935,0.015518941916525364,0.07923682034015656,0.09949307888746262,0.005142033100128174,0.604952335357666,0.07659270614385605
img.00004060,0.6261247992515564,0.03088986873626709,0.0377042181789875,0.01926160417497158,0.04394587501883507,0.07019396871328354,0.11473105102777481,0.05714862048625946
img.00004356,0.6949827075004578,0.036662325263023376,0.009174821898341179,0.02199290692806244,0.02001216448843479,0.03262951970100403,0.17563457787036896,0.008910895325243473
img.00004061,0.010993771255016327,0.01174999587237835,0.012839177623391151,0.02574450895190239,0.2947681248188019,0.008189976215362549,0.5313860774040222,0.10432837903499603
img.00004358,0.04196435213088989,0.141016885638237,0.14948725700378418,0.0896463543176651,0.056661657989025116,0.030299529433250427,0.03558006137609482,0.4553438127040863
img.00004062,0.6553144454956055,0.10975981503725052,0.02622823603451252,0.039331305772066116,0.03855542838573456,0.07217694073915482,0.042572181671857834,0.016061628237366676
img.00004359,0.1300491839647293,0.01325842086225748,0.057224810123443604,0.0435856468975544,0.024398483335971832,0.5326194763183594,0.14920052886009216,0.04966341331601143
img.00004064,0.08655627071857452,0.053761228919029236,0.12400395423173904,0.19818879663944244,0.18169991672039032,0.02056235447525978,0.2675741910934448,0.06765326857566833
img.00004360,0.14844471216201782,0.0809975415468216,0.07508321851491928,0.06594227999448776,0.012705189175903797,0.009970339015126228,0.5896160006523132,0.01724080555140972
img.00004066,0.0004094805917702615,0.0007802292238920927,0.0017937648808583617,0.00013739250425715,0.02505817636847496,0.05075056478381157,0.6145288944244385,0.3065415024757385
img.00004372,0.5715400576591492,0.04462974891066551,0.02737237513065338,0.04494483768939972,0.021411892026662827,0.015299471095204353,0.252141535282135,0.022660132497549057
img.00004067,0.7175052165985107,0.10304781794548035,0.03319615498185158,0.025853008031845093,0.007419286761432886,0.05118319392204285,0.03294960409402847,0.02884564734995365
img.00004374,0.18761679530143738,0.004748060833662748,0.007291898131370544,0.01388232409954071,0.021222585812211037,0.05531437695026398,0.6980991959571838,0.011824782937765121
img.00004076,0.1635250300168991,0.019340677186846733,0.06396986544132233,0.0169201847165823,0.10550989210605621,0.24591246247291565,0.2981220483779907,0.08669979870319366
img.00004379,0.4119569957256317,0.01132524199783802,0.0071844239719212055,0.015318872407078743,0.017553042620420456,0.03481057286262512,0.4937674403190613,0.008083405904471874
img.00004090,0.16130827367305756,0.26385408639907837,0.024186452850699425,0.28844186663627625,0.024860890582203865,0.011376602575182915,0.18336431682109833,0.04260747507214546
img.00004388,0.0020800603087991476,0.009242799133062363,0.004581785760819912,0.7529841661453247,0.057804130017757416,0.0002957883116323501,0.027826957404613495,0.14518433809280396
img.00004095,0.011611581780016422,0.7482504844665527,0.02780560776591301,0.027043992653489113,0.004118404351174831,0.01210998184978962,0.06835726648569107,0.10070256143808365
img.00004392,0.7172278761863708,0.014358674176037312,0.04473746195435524,0.12226822227239609,0.03416967764496803,0.009994613006711006,0.03259465843439102,0.024648824706673622
img.00004096,0.7426092028617859,0.012655104510486126,0.03576803207397461,0.009431716986000538,0.011027715168893337,0.0025276390369981527,0.17900210618972778,0.006978449411690235
img.00004393,0.12730924785137177,0.34758448600769043,0.02781393751502037,0.028277261182665825,0.024128340184688568,0.07979022711515427,0.3471681773662567,0.017928360030055046
img.00004097,0.012612126767635345,0.1512967199087143,0.029220834374427795,0.0031866724602878094,0.003597982693463564,0.04525231570005417,0.07351198047399521,0.6813214421272278
img.00004395,0.7286033034324646,0.010017330758273602,0.03223401680588722,0.1530015766620636,0.007664945907890797,0.010817009024322033,0.05132971331477165,0.006332025863230228
img.00004101,0.12509435415267944,0.6006764769554138,0.04897327348589897,0.0008882117690518498,0.009910311549901962,0.00384774012491107,0.20072093605995178,0.009888635016977787
img.00004408,0.2829356789588928,0.018780644983053207,0.05949654057621956,0.07241736352443695,0.20325765013694763,0.008655738085508347,0.2740359902381897,0.08042045682668686
img.00004105,0.08033184707164764,0.09117063134908676,0.1534019410610199,0.15294522047042847,0.1304093301296234,0.03692948445677757,0.051842354238033295,0.30296921730041504
img.00004409,0.036507051438093185,0.009896629489958286,0.0038299181032925844,0.03674718737602234,0.06583879142999649,0.0011845413828268647,0.8277871608734131,0.018208686262369156
img.00004107,0.03612678870558739,0.12733784317970276,0.06446550786495209,0.032280441373586655,0.0633062943816185,0.009620185941457748,0.2072051763534546,0.45965775847435
img.00004420,0.20827355980873108,0.03677964583039284,0.3120593726634979,0.09719273447990417,0.0782957375049591,0.00693766213953495,0.015867631882429123,0.24459360539913177
img.00004116,0.41694509983062744,0.012038622051477432,0.008952757343649864,0.003840905847027898,0.002126395469531417,0.01512177288532257,0.5329189300537109,0.008055511862039566
img.00004424,0.03669090196490288,0.012941785156726837,0.006790724117308855,0.00223536160774529,0.00453719450160861,0.020218567922711372,0.8409402966499329,0.07564528286457062
img.00004117,0.017321158200502396,0.2256794422864914,0.024700064212083817,0.027354639023542404,0.06915968656539917,0.00335687049664557,0.09259798377752304,0.539830207824707
img.00004425,0.017972692847251892,0.9208471179008484,0.025074075907468796,0.009886296465992928,0.007375897839665413,0.005336841568350792,0.010580443777143955,0.0029265391640365124
img.00004122,0.0600636787712574,0.3717210590839386,0.012943480163812637,0.02210158295929432,0.15729542076587677,0.024733539670705795,0.3069445490837097,0.04419669508934021
img.00004428,0.01896292343735695,0.0077258083038032055,0.0016192181501537561,0.13648240268230438,0.04108404368162155,0.0019108743872493505,0.787769079208374,0.00444565387442708
img.00004124,0.1596592217683792,0.014856009744107723,0.007665393874049187,0.04559257999062538,0.08928355574607849,0.011798784136772156,0.6595048308372498,0.011639613658189774
img.00004429,0.08924530446529388,0.189372256398201,0.03053974360227585,0.01094240415841341,0.02014027163386345,0.007223198655992746,0.5832154154777527,0.06932134926319122
img.00004128,0.08554995059967041,0.29762524366378784,0.10091901570558548,0.2535347640514374,0.059800438582897186,0.06797733157873154,0.015285871922969818,0.11930741369724274
img.00004430,0.47293293476104736,0.04216330870985985,0.26707297563552856,0.03455635532736778,0.06131970137357712,0.005616131238639355,0.017987987026572227,0.09835066646337509
img.00004134,0.8149271011352539,0.12623198330402374,0.007794371340423822,0.007638175040483475,0.0033742128871381283,0.0024721468798816204,0.02488338202238083,0.01267857477068901
img.00004434,0.6085257530212402,0.025151733309030533,0.008848543278872967,0.09514110535383224,0.04483971744775772,0.022467192262411118,0.1829863041639328,0.01203965488821268
img.00004138,0.0010607436997815967,0.001103297807276249,0.0016981572844088078,0.006327946670353413,0.053886257112026215,0.0032837362959980965,0.8661152124404907,0.06652466952800751
img.00004439,0.0480048730969429,0.013959440402686596,0.11089707911014557,0.07542406022548676,0.18429625034332275,0.015679970383644104,0.13260327279567719,0.41913503408432007
img.00004141,0.01603643223643303,0.06292442232370377,0.14297868311405182,0.09712762385606766,0.1416098028421402,0.0019358855206519365,0.1413518786430359,0.3960353136062622
img.00004440,0.8469420671463013,0.02726920135319233,0.012925202958285809,0.02677200920879841,0.004836298990994692,0.027134792879223824,0.03190159052610397,0.022218743339180946
img.00004159,0.07625578343868256,0.008902586996555328,0.01543854083865881,0.020596621558070183,0.007709765341132879,0.0029553351923823357,0.8651936650276184,0.0029476338531821966
img.00004441,0.07800597697496414,0.0736578106880188,0.019088519737124443,0.17919667065143585,0.0883404091000557,0.003529624082148075,0.5137240886688232,0.04445682466030121
img.00004161,0.9365402460098267,0.004159498028457165,0.047759607434272766,0.004744702018797398,0.0010122644016519189,0.002056234749034047,0.0019752508960664272,0.0017521812114864588
img.00004442,0.007617659401148558,0.0036475863307714462,0.0023393449373543262,0.0028775022365152836,0.007368162274360657,0.027233729138970375,0.9402635097503662,0.008652403950691223
img.00004162,0.018342379480600357,0.3964730203151703,0.00222310284152627,0.0025414186529815197,0.5545868277549744,0.0027501690201461315,0.017529597505927086,0.005553489085286856
img.00004451,0.36252284049987793,0.054239023476839066,0.4032975435256958,0.059151891618967056,0.040482599288225174,0.0020570261403918266,0.014936870895326138,0.06331223249435425
img.00004163,0.013777708634734154,0.8489573001861572,0.05454643443226814,0.017182493582367897,0.0005352853331714869,0.004071713890880346,0.028898367658257484,0.03203073516488075
img.00004453,0.03322950005531311,0.01455211266875267,0.008141943253576756,0.010507520288228989,0.008765360340476036,0.18159760534763336,0.5189006924629211,0.22430521249771118
img.00004169,0.1530843824148178,0.36129483580589294,0.10040061920881271,0.00706334225833416,0.2077014148235321,0.07814966142177582,0.07264858484268188,0.01965712569653988
img.00004456,0.042348794639110565,0.11717391014099121,0.010919298976659775,0.02188435196876526,0.020740879699587822,0.026807036250829697,0.6038923263549805,0.15623341500759125
img.00004178,0.5021201968193054,0.008957374840974808,0.015335324220359325,0.009025213308632374,0.03426215052604675,0.0026087414007633924,0.401762992143631,0.025928106158971786
img.00004458,0.14616726338863373,0.020497357472777367,0.026501111686229706,0.036583881825208664,0.07796144485473633,0.012364158406853676,0.5847391486167908,0.09518557041883469
img.00004179,0.2813299298286438,0.05450168997049332,0.28310778737068176,0.012921023182570934,0.15411365032196045,0.058058757334947586,0.07475962489843369,0.08120756596326828
img.00004459,0.016700511798262596,0.009270848706364632,0.10333231091499329,0.015881666913628578,0.5962015986442566,0.0018298201030120254,0.0752873495221138,0.18149584531784058
img.00004180,0.029369806870818138,0.056105468422174454,0.1036612018942833,0.04767387732863426,0.23202453553676605,0.008824273012578487,0.024875029921531677,0.49746575951576233
img.00004461,0.5497445464134216,0.005784075707197189,0.02165033295750618,0.019899066537618637,0.1185949444770813,0.0525212399661541,0.20312099158763885,0.02868487313389778
img.00004183,0.2574590742588043,0.07582167536020279,0.3877775967121124,0.012434721924364567,0.02366797812283039,0.022996269166469574,0.18669059872627258,0.033152103424072266
img.00004462,0.015621928498148918,0.010328797623515129,0.013536876067519188,0.02786204032599926,0.7496062517166138,0.027491215616464615,0.09247168153524399,0.0630812868475914
img.00004186,0.6544681787490845,0.02591836079955101,0.09865275025367737,0.0502079613506794,0.02572765201330185,0.06123626232147217,0.07393080741167068,0.009858001954853535
img.00004464,0.003085262607783079,0.007665564771741629,0.011193951591849327,0.0059480261988937855,0.039914246648550034,0.0030280794017016888,0.02381247654557228,0.9053522944450378
img.00004187,0.582531213760376,0.010126041248440742,0.3116055428981781,0.010123072192072868,0.011380544863641262,0.03191039711236954,0.025965411216020584,0.016357773914933205
img.00004485,0.02718682400882244,0.009949731640517712,0.002287996234372258,0.006595304235816002,0.019547877833247185,0.0011652911780402064,0.9079911708831787,0.025275828316807747
img.00004192,0.421044260263443,0.18715596199035645,0.20032043755054474,0.07443226873874664,0.04953986406326294,0.017616931349039078,0.028142422437667847,0.021747799590229988
img.00004489,0.023257113993167877,0.04966036230325699,0.051995646208524704,0.0021741806995123625,0.03896768391132355,0.01560254767537117,0.7517352104187012,0.06660725176334381
img.00004196,0.492207795381546,0.09414952248334885,0.010303106158971786,0.016433434560894966,0.022338220849633217,0.017481729388237,0.29674673080444336,0.05033952742815018
img.00004491,0.019768716767430305,0.23667725920677185,0.03814013674855232,0.01458932925015688,0.005549415480345488,0.01841547340154648,0.49053072929382324,0.17632892727851868
img.00004197,0.0804021805524826,0.08352390676736832,0.07805213332176208,0.045865777879953384,0.22986306250095367,0.016950802877545357,0.29455843567848206,0.17078374326229095
img.00004492,0.11477502435445786,0.2623979449272156,0.1883862465620041,0.1354173719882965,0.1587870568037033,0.05440695211291313,0.04224136099219322,0.0435880571603775
img.00004199,0.16991296410560608,0.03445718064904213,0.027416370809078217,0.07067099213600159,0.34852632880210876,0.017606157809495926,0.19465330243110657,0.13675664365291595
img.00004497,0.009797212667763233,0.0166134312748909,0.028018426150083542,0.04867144674062729,0.38890472054481506,0.008867032825946808,0.10864594578742981,0.3904818594455719
img.00004208,0.11435084789991379,0.09432506561279297,0.1007997915148735,0.030697567388415337,0.04439602792263031,0.026618195697665215,0.19494782388210297,0.39386463165283203
img.00004504,0.1299576312303543,0.1203669086098671,0.058391306549310684,0.05306491628289223,0.07651083916425705,0.20112517476081848,0.2534716725349426,0.10711154341697693
img.00004213,0.1815706193447113,0.02625090628862381,0.07515525072813034,0.12253983318805695,0.16052813827991486,0.07497191429138184,0.06517569720745087,0.29380762577056885
img.00004509,0.000834540871437639,0.007501519285142422,0.003974074963480234,0.0034254242200404406,0.0018320974195376039,0.004062294960021973,0.9526549577713013,0.025715023279190063
img.00004235,0.6559334993362427,0.08361052721738815,0.029706107452511787,0.02563570998609066,0.006555532570928335,0.15107671916484833,0.011548089794814587,0.03593387454748154
img.00004510,0.4026523530483246,0.04597299546003342,0.08539839088916779,0.21319811046123505,0.03255923464894295,0.05583561956882477,0.10271421819925308,0.06166904792189598
img.00004261,0.5606266856193542,0.02438771165907383,0.05894031748175621,0.2319754660129547,0.003968082368373871,0.008139538578689098,0.09941060841083527,0.012551584281027317
img.00004514,0.16783550381660461,0.30991682410240173,0.006867332849651575,0.014188352040946484,0.0070046489126980305,0.01155717484652996,0.46397534012794495,0.018654856830835342
img.00004263,0.25124412775039673,0.1945311576128006,0.5050287842750549,0.007639241870492697,0.004208287689834833,0.008246755227446556,0.005782859865576029,0.02331886626780033
img.00004518,0.5785806775093079,0.037325967103242874,0.05724472925066948,0.10144895315170288,0.07133928686380386,0.011976093985140324,0.07112153619527817,0.07096268981695175
img.00004270,0.04947254806756973,0.13295890390872955,0.015825621783733368,0.02070035971701145,0.02753845602273941,0.008800245821475983,0.1728588491678238,0.5718450546264648
img.00004519,0.06342500448226929,0.06691181659698486,0.5569563508033752,0.02551390789449215,0.022348832339048386,0.0063736531883478165,0.020061060786247253,0.23840944468975067
img.00004271,0.10387089103460312,0.040588803589344025,0.006934591103345156,0.011370434425771236,0.007983987219631672,0.003381869522854686,0.8240200281143188,0.001849371357820928
img.00004521,0.4944000244140625,0.003959511406719685,0.0022761591244488955,0.10573804378509521,0.020063141360878944,0.004727447405457497,0.3589475452899933,0.009888118132948875
img.00004281,0.013947500847280025,0.02769285812973976,0.017484212294220924,0.004546409007161856,0.8969592452049255,0.0023817887995392084,0.004811749327927828,0.032176218926906586
img.00004523,0.21546925604343414,0.06013048440217972,0.09827174991369247,0.22833235561847687,0.06544569879770279,0.014143199659883976,0.06729085743427277,0.25091642141342163
img.00004286,0.0625998005270958,0.5120561122894287,0.019309986382722855,0.04445749521255493,0.04092654958367348,0.020309001207351685,0.18167497217655182,0.11866610497236252
img.00004543,0.04758621007204056,0.004243805073201656,0.002044535940513015,0.005590500310063362,0.029352668672800064,0.0017814213642850518,0.9052051901817322,0.004195655230432749
img.00004287,0.7707554697990417,0.05076269805431366,0.03085976280272007,0.021286247298121452,0.007931477390229702,0.008490091189742088,0.041342806071043015,0.06857148557901382
img.00004546,0.16211698949337006,0.19833432137966156,0.10738002508878708,0.012050352059304714,0.09995356947183609,0.01312491949647665,0.330691933631897,0.0763479620218277
img.00004293,0.08866045624017715,0.010762144811451435,0.014816307462751865,0.032710086554288864,0.22341342270374298,0.003884531557559967,0.6001394987106323,0.02561357617378235
img.00004553,0.1568700224161148,0.06033095344901085,0.10319890826940536,0.07161300629377365,0.2729717195034027,0.027769101783633232,0.1546911746263504,0.15255509316921234
img.00004299,0.0507475845515728,0.19775794446468353,0.15756353735923767,0.11285849660634995,0.018760211765766144,0.07007215917110443,0.05057405307888985,0.341666042804718
img.00005266,0.5497152209281921,0.07190651446580887,0.04077497869729996,0.1021457314491272,0.024300750344991684,0.06188872829079628,0.1211194097995758,0.02814861200749874
img.00004559,0.20720668137073517,0.10185741633176804,0.05265871435403824,0.31518569588661194,0.13798293471336365,0.04239808768033981,0.006458884570747614,0.13625161349773407
img.00004944,0.2959355413913727,0.07166685909032822,0.036778200417757034,0.21023742854595184,0.04068192094564438,0.012606100179255009,0.3198886215686798,0.01220528595149517
img.00004566,0.23496437072753906,0.06739263981580734,0.1819264441728592,0.029858427122235298,0.03831688314676285,0.22798728942871094,0.21382717788219452,0.005726740695536137
img.00004939,0.09790799021720886,0.735016405582428,0.005340279079973698,0.052472785115242004,0.011336540803313255,0.00938870944082737,0.06379369646310806,0.024743540212512016
img.00004574,0.503906786441803,0.17516937851905823,0.15260155498981476,0.05065955966711044,0.03167827054858208,0.02302459627389908,0.04055136442184448,0.02240842953324318
img.00004946,0.01579965278506279,0.19986890256404877,0.029656263068318367,0.006999709643423557,0.20681895315647125,0.01217192504554987,0.48268434405326843,0.04600020498037338
img.00004575,0.6660739183425903,0.04212989658117294,0.03477663919329643,0.029799750074744225,0.0381564199924469,0.016426099464297295,0.16675561666488647,0.005881765857338905
img.00004949,0.13445362448692322,0.1910417675971985,0.40654826164245605,0.06859715282917023,0.01038747001439333,0.001243628328666091,0.14439818263053894,0.04332982003688812
img.00004577,0.555985689163208,0.06346865743398666,0.06476039439439774,0.10634342581033707,0.00826488807797432,0.0330338329076767,0.16175886988639832,0.006384259555488825
img.00004952,0.029975829645991325,0.008088551461696625,0.01648477278649807,0.22506628930568695,0.054043643176555634,0.0028515190351754427,0.6529421210289001,0.010547291487455368
img.00004579,0.027832746505737305,0.04144761711359024,0.09643424302339554,0.06821136921644211,0.07793142646551132,0.004085364285856485,0.06514256447553635,0.6189146637916565
img.00004957,0.0637676790356636,0.029185937717556953,0.024574000388383865,0.15031620860099792,0.0558469258248806,0.0023018592037260532,0.6268537044525146,0.04715366289019585
img.00004581,0.0564490482211113,0.059199389070272446,0.04602755233645439,0.5889917016029358,0.08598857372999191,0.0043242694810032845,0.05244212597608566,0.1065773144364357
img.00004959,0.01585843600332737,0.0017310548573732376,0.0014029836747795343,0.005447488743811846,0.009975564666092396,0.001239687786437571,0.9616174101829529,0.002727327635511756
img.00004584,0.010675815865397453,0.0008072943310253322,0.0003135046281386167,0.00035853462759405375,0.00455187913030386,0.01329457014799118,0.969293475151062,0.0007049517007544637
img.00004962,0.1079702377319336,0.3654983639717102,0.03997376561164856,0.01743129827082157,0.04380341246724129,0.0385592095553875,0.27924081683158875,0.1075228750705719
img.00004589,0.3946946859359741,0.03571530058979988,0.007981089875102043,0.078392393887043,0.014878729358315468,0.0023203857708722353,0.41790297627449036,0.04811457172036171
img.00004963,0.014939550310373306,0.0027747268322855234,0.009431223385035992,0.10673931986093521,0.023949366062879562,0.016509290784597397,0.7777574062347412,0.04789907485246658
img.00004591,0.01498196367174387,0.049705274403095245,0.01463384460657835,0.02118292637169361,0.3807320296764374,0.006915961392223835,0.050748005509376526,0.4610999524593353
img.00004967,0.22483335435390472,0.5284063816070557,0.07651422172784805,0.014613969251513481,0.01628991775214672,0.003314879024401307,0.1205088272690773,0.015518415719270706
img.00004593,0.38443759083747864,0.07420028746128082,0.09934858977794647,0.03554824739694595,0.007892119698226452,0.007875271141529083,0.3844085931777954,0.006289263721555471
img.00004972,0.9081961512565613,0.03813479095697403,0.009310749359428883,0.016339246183633804,0.0020086835138499737,0.0004949754220433533,0.02445599064230919,0.001059373957104981
img.00004602,0.06312435120344162,0.18213766813278198,0.022636037319898605,0.06916315853595734,0.41958802938461304,0.04621196165680885,0.0929306373000145,0.10420815646648407
img.00004978,0.08418076485395432,0.16050203144550323,0.09357918053865433,0.10145249962806702,0.07007302343845367,0.020000608637928963,0.3878452479839325,0.08236663788557053
img.00004606,0.031094584614038467,0.05384144186973572,0.006272841244935989,0.1834777593612671,0.4589243233203888,0.0020789927802979946,0.08779580146074295,0.17651428282260895
img.00004990,0.02860942669212818,0.004955979995429516,0.007605657912790775,0.005245494656264782,0.02318769134581089,0.00598214752972126,0.9106401801109314,0.01377339381724596
img.00004619,0.02759290114045143,0.004063979722559452,0.009344079531729221,0.005716970190405846,0.0018433735240250826,0.0006176918977871537,0.9439508318901062,0.00687022740021348
img.00004991,0.0993206650018692,0.10899748653173447,0.02283824235200882,0.10501109063625336,0.042908407747745514,0.023666230961680412,0.542600154876709,0.05465773865580559
img.00004620,0.43940961360931396,0.22339032590389252,0.19667086005210876,0.03458914905786514,0.012628328055143356,0.015016647055745125,0.052810754626989365,0.02548430673778057
img.00005007,0.013664163649082184,0.5607140064239502,0.09894207864999771,0.1222844272851944,0.004907439928501844,0.01955299638211727,0.05471014603972435,0.12522470951080322
img.00004621,0.05386289954185486,0.007870884612202644,0.02765803597867489,0.08130866289138794,0.23367221653461456,0.011879791505634785,0.09470101445913315,0.489046573638916
img.00005011,0.04986700043082237,0.0033468594774603844,0.000663884449750185,0.002825325820595026,0.01738015189766884,0.008596470579504967,0.910673975944519,0.006646370515227318
img.00004628,0.07023899257183075,0.2693278193473816,0.035683803260326385,0.11086582392454147,0.03806433826684952,0.004348736256361008,0.3226182162761688,0.14885228872299194
img.00005013,0.24950473010540009,0.1926412284374237,0.059361111372709274,0.026793498545885086,0.02477463148534298,0.01026239525526762,0.2568091154098511,0.17985334992408752
img.00004636,0.003948593977838755,0.013921310193836689,0.012032187543809414,0.0008631923119537532,0.01893509365618229,0.0051446156576275826,0.8865927457809448,0.05856228992342949
img.00005029,0.00824635662138462,0.928127646446228,0.005959023721516132,0.0012031205696985126,0.010489516891539097,0.0012124672066420317,0.02978283166885376,0.014979013241827488
img.00004641,0.13643231987953186,0.06542474776506424,0.47427883744239807,0.035798512399196625,0.026650244370102882,0.1960371881723404,0.03608809784054756,0.029290057718753815
img.00005036,0.007953566499054432,0.1832970529794693,0.07135242968797684,0.7134353518486023,0.012254459783434868,0.0012537376023828983,0.0036059566773474216,0.006847509182989597
img.00004647,0.06950291991233826,0.15699902176856995,0.3541148900985718,0.023097092285752296,0.004935353063046932,0.3344702124595642,0.006570573430508375,0.050309956073760986
img.00005041,0.02448933757841587,0.004306696821004152,0.0024614969734102488,0.03338925912976265,0.30483680963516235,0.018281148746609688,0.5609240531921387,0.05131114274263382
img.00004661,0.09126149863004684,0.7894626259803772,0.07742871344089508,0.007640281692147255,0.004549210425466299,0.00876228790730238,0.011125920340418816,0.009769455529749393
img.00005047,0.061794158071279526,0.5245147347450256,0.020488452166318893,0.01596664823591709,0.03214012086391449,0.006233930587768555,0.026700623333454132,0.31216129660606384
img.00004675,0.015017316676676273,0.9501140117645264,0.021024014800786972,0.0040503316558897495,0.0050267926417291164,0.0023244551848620176,0.0017370333662256598,0.0007060145144350827
img.00005051,0.048188649117946625,0.002482543932273984,0.0018094000406563282,0.009765414521098137,0.014250852167606354,0.004919890314340591,0.9114080667495728,0.007175126578658819
img.00004696,0.03873777389526367,0.0031737841200083494,0.0017702587647363544,0.004731874912977219,0.00563413929194212,0.0024574643466621637,0.9422118067741394,0.0012828586623072624
img.00005053,0.029068754985928535,0.586845338344574,0.01832033507525921,0.008603236638009548,0.216552272439003,0.005871442146599293,0.0462111197412014,0.08852747827768326
img.00004704,0.4102461040019989,0.04869050160050392,0.25210750102996826,0.15387596189975739,0.029686197638511658,0.013278213329613209,0.0518183633685112,0.04029712826013565
img.00005056,0.0015670444117859006,0.01522118877619505,0.009762629866600037,0.023511648178100586,0.04725714400410652,0.03768307715654373,0.18351052701473236,0.6814868450164795
img.00004715,0.008005493320524693,0.003132678335532546,0.0011843289248645306,0.03344244509935379,0.16308808326721191,0.0013513941084966063,0.775158703327179,0.014636820182204247
img.00005058,0.0033188259694725275,0.9887385368347168,0.002793758874759078,0.0010788778308779001,0.0006461594020947814,0.00026052992325276136,0.0011158002307638526,0.002047492889687419
img.00004735,0.0008883917471393943,0.001149647287093103,0.00032049836590886116,0.0012722413521260023,0.004949704743921757,0.014321735128760338,0.9732735753059387,0.00382431223988533
img.00005067,0.047731511294841766,0.6965507864952087,0.2140253782272339,0.01294766552746296,0.003473918419331312,0.0035148877650499344,0.007732779253274202,0.01402302086353302
img.00004740,0.021273160353302956,0.4858018159866333,0.008357111364603043,0.0027694199234247208,0.15535400807857513,0.007042899262160063,0.09081031382083893,0.22859123349189758
img.00005078,0.5732790231704712,0.00900386180728674,0.03381885960698128,0.04565108194947243,0.0995403379201889,0.016857024282217026,0.20811054110527039,0.01373929064720869
img.00004750,0.8394470810890198,0.011525550857186317,0.014570857398211956,0.06850995868444443,0.027955101802945137,0.006275690160691738,0.019901158288121223,0.011814596131443977
img.00005082,0.245000422000885,0.004295149818062782,0.031679000705480576,0.0014201428275555372,0.005876835435628891,0.004080342128872871,0.7017242908477783,0.005923781078308821
img.00004752,0.007006720174103975,0.0315876305103302,0.024406660348176956,0.05885455012321472,0.2913189232349396,0.005255641881376505,0.039484284818172455,0.542085587978363
img.00005098,0.11968067288398743,0.029386315494775772,0.008018226362764835,0.042967312037944794,0.058937087655067444,0.011789064854383469,0.6784135103225708,0.05080777779221535
img.00004761,0.0828508734703064,0.008696245960891247,0.3859488070011139,0.005521079525351524,0.07465724647045135,0.021566132083535194,0.1391584575176239,0.2816011607646942
img.00005101,0.17822614312171936,0.005451257806271315,0.7226280570030212,0.004604886751621962,0.03656655550003052,0.018447181209921837,0.01867062970995903,0.015405287966132164
img.00004765,0.10866109281778336,0.1684938669204712,0.09695254266262054,0.055193427950143814,0.07519743591547012,0.10935570299625397,0.1984395533800125,0.18770641088485718
img.00005103,0.5943936705589294,0.16878317296504974,0.017476974055171013,0.07468575984239578,0.020737459883093834,0.007015862036496401,0.028887007385492325,0.08802013844251633
img.00004766,0.022132201120257378,0.006958866957575083,0.0011814107419922948,0.012698667123913765,0.734878420829773,0.027860431000590324,0.1855878382921219,0.008702092804014683
img.00005114,0.04114066809415817,0.24727816879749298,0.08955173194408417,0.0706288293004036,0.04316544905304909,0.011967872269451618,0.1232607290148735,0.37300655245780945
img.00004779,0.31269341707229614,0.011185316368937492,0.10760924965143204,0.029414312914013863,0.07937459647655487,0.0678088515996933,0.36858877539634705,0.023325558751821518
img.00005116,0.04984010383486748,0.006985326297581196,0.004039340186864138,0.9252108931541443,0.00221849512308836,0.0010207972954958677,0.00935299601405859,0.001332008745521307
img.00004780,0.014091633260250092,0.011130915023386478,0.004263078328222036,0.00334952212870121,0.012366663664579391,0.2983171045780182,0.6224668025970459,0.034014277160167694
img.00005123,0.1294618546962738,0.06959395110607147,0.7011163234710693,0.008727705106139183,0.04882002994418144,0.005818925332278013,0.014579837210476398,0.021881334483623505
img.00004783,0.5028384327888489,0.02677951380610466,0.3948614299297333,0.013749380595982075,0.011607564985752106,0.014936705119907856,0.01337373722344637,0.02185320109128952
img.00005125,0.012897985056042671,0.002761071315035224,0.0008262002957053483,0.032345522195100784,0.11821640282869339,0.002624506363645196,0.8272209763526917,0.003107357770204544
img.00004791,0.06546054780483246,0.0237748846411705,0.0032175667583942413,0.028728803619742393,0.4996163845062256,0.050147928297519684,0.3131776750087738,0.01587618887424469
img.00005126,0.0730241909623146,0.14876195788383484,0.2683791220188141,0.11955312639474869,0.12944918870925903,0.002965156687423587,0.09328581392765045,0.16458138823509216
img.00004792,0.16454289853572845,0.09919900447130203,0.1305956244468689,0.05099965259432793,0.24012510478496552,0.015128296799957752,0.20032069087028503,0.09908876568078995
img.00005136,0.8474510908126831,0.011566393077373505,0.04522291198372841,0.011111808940768242,0.0078416857868433,0.06139866262674332,0.012650728225708008,0.0027567099314182997
img.00004795,0.06543994694948196,0.110838383436203,0.324239045381546,0.254421204328537,0.06019926071166992,0.014407099224627018,0.013081870973110199,0.15737318992614746
img.00005142,0.02496102638542652,0.07625024765729904,0.41498130559921265,0.012460814788937569,0.01763438805937767,0.0018301478121429682,0.04347975552082062,0.40840232372283936
img.00004799,0.2186688780784607,0.02408987656235695,0.010105631314218044,0.23148247599601746,0.06495001912117004,0.006901430897414684,0.23384219408035278,0.20995940268039703
img.00005143,0.22189947962760925,0.019054392352700233,0.6651667356491089,0.006925642490386963,0.038497962057590485,0.0022243778221309185,0.0045665474608540535,0.04166489094495773
img.00004804,0.006838514935225248,0.1029990166425705,0.12776172161102295,0.010273358784615993,0.015378642827272415,0.002979583339765668,0.3377493917942047,0.396019846200943
img.00005148,0.20453540980815887,0.03046674095094204,0.6255474090576172,0.010540595278143883,0.08413923531770706,0.016363274306058884,0.014447392895817757,0.013959975913167
img.00004815,0.01931554451584816,0.5039900541305542,0.43713846802711487,0.01062354538589716,0.004350411705672741,0.000390140077797696,0.0033205263316631317,0.020871253684163094
img.00005149,0.04982389137148857,0.1799376755952835,0.012193449772894382,0.0785338431596756,0.10616044700145721,0.022983310744166374,0.243717759847641,0.30664965510368347
img.00004820,0.08888440579175949,0.0458584763109684,0.23822210729122162,0.13932891190052032,0.08833162486553192,0.005110141821205616,0.039494868367910385,0.3547694683074951
img.00005152,0.030808301642537117,0.06369451433420181,0.014545097015798092,0.028774583712220192,0.10710404813289642,0.00353638525120914,0.05006081238389015,0.7014762759208679
img.00004829,0.09013757109642029,0.041743744164705276,0.08329266309738159,0.3507709801197052,0.09862835705280304,0.0034856339916586876,0.10314247757196426,0.22879861295223236
img.00005178,0.02972264587879181,0.02122112363576889,0.009081357158720493,0.9208546876907349,0.01228121668100357,0.000758049194701016,0.0010224381694570184,0.005058538634330034
img.00004836,0.00791623629629612,0.6879766583442688,0.09609872847795486,0.028872301802039146,0.034356195479631424,0.011215096339583397,0.023293649777770042,0.11027126014232635
img.00005190,0.11098524928092957,0.010611258447170258,0.017352664843201637,0.4229547679424286,0.14537042379379272,0.008092818781733513,0.23675277829170227,0.04788006469607353
img.00004850,0.1900181621313095,0.0869293212890625,0.2472033053636551,0.017648248001933098,0.20805510878562927,0.019581003114581108,0.1325550675392151,0.09800973534584045
img.00005191,0.050038181245326996,0.00876716896891594,0.001440653228200972,0.3100026845932007,0.11079788953065872,0.0016547214472666383,0.4797421991825104,0.0375564843416214
img.00004862,0.05616878345608711,0.0065232920460402966,0.0012074606493115425,0.006016666069626808,0.011742261238396168,0.059124547988176346,0.8589028716087341,0.00031405105255544186
img.00005201,0.010814120061695576,0.062019746750593185,0.002404719591140747,0.11401820182800293,0.7920219898223877,0.0019102651858702302,0.01307621132582426,0.0037348512560129166
img.00004864,0.015775779262185097,0.017433712258934975,0.09790918231010437,0.034445684403181076,0.27357128262519836,0.014169801957905293,0.08438204228878021,0.46231257915496826
img.00005203,0.009353899396955967,0.00959846843034029,0.0032018462661653757,0.009803079068660736,0.5660759210586548,0.0038548647426068783,0.3349599242210388,0.06315195560455322
img.00004877,0.03462657704949379,0.2027854472398758,0.28049615025520325,0.04635833203792572,0.02086995542049408,0.0051439967937767506,0.2897040843963623,0.12001542747020721
img.00005216,0.07565833628177643,0.11857392638921738,0.19934110343456268,0.013990253210067749,0.021216172724962234,0.03027639538049698,0.13977348804473877,0.4011703431606293
img.00004878,0.8894760012626648,0.006343659479171038,0.00501486798748374,0.03726589307188988,0.0008688500965945423,0.00168410106562078,0.05872814729809761,0.0006184405065141618
img.00005219,0.14156576991081238,0.03149186819791794,0.0037070084363222122,0.016925372183322906,0.02093285694718361,0.00861562229692936,0.7747344970703125,0.0020270727109164
img.00004881,0.011212206445634365,0.005760850850492716,0.0005555483512580395,0.0008132803486660123,0.008594192564487457,0.008129934780299664,0.959938645362854,0.004995300434529781
img.00005220,0.12188687175512314,0.10748869925737381,0.1686115562915802,0.027824563905596733,0.4778055250644684,0.010019940324127674,0.04589676484465599,0.040466029196977615
img.00004882,0.03433556854724884,0.15977992117404938,0.03500523045659065,0.02913878671824932,0.0372014120221138,0.009495166130363941,0.06767681986093521,0.6273671984672546
img.00005232,0.12764185667037964,0.016599690541625023,0.041481271386146545,0.04741356521844864,0.005003115627914667,0.005037644878029823,0.7513306736946106,0.0054922569543123245
img.00004887,0.0012938342988491058,0.013319078832864761,0.012904960662126541,0.005582588259130716,0.8864668011665344,0.0015261750668287277,0.05332476645708084,0.02558175101876259
img.00005233,0.7542158365249634,0.01985844597220421,0.09202240407466888,0.04433091729879379,0.027929682284593582,0.0010415147989988327,0.05609188228845596,0.004509333521127701
img.00004894,0.005887955892831087,0.0030063616577535868,0.00043652893509715796,0.003352450905367732,0.42904120683670044,0.005634574685245752,0.5509138703346252,0.0017270389944314957
img.00005251,0.15909899771213531,0.017630454152822495,0.30726614594459534,0.014684924855828285,0.1856909543275833,0.0033566083293408155,0.17844119668006897,0.13383068144321442
img.00004896,0.033245593309402466,0.028274670243263245,0.012012222781777382,0.5228767395019531,0.3512149751186371,0.005548885092139244,0.03589438647031784,0.010932469740509987
img.00005254,0.06597775965929031,0.028811849653720856,0.3352745771408081,0.03763342276215553,0.2875478267669678,0.0037408769130706787,0.12530970573425293,0.11570408195257187
img.00004899,0.1607210636138916,0.10159655660390854,0.4306706488132477,0.030714338645339012,0.033134084194898605,0.0026271366514265537,0.08422857522964478,0.15630756318569183
img.00005257,0.5812281370162964,0.08760286867618561,0.1826513558626175,0.021402467042207718,0.012084376066923141,0.01962318643927574,0.06223791092634201,0.033169690519571304
img.00004917,0.04365032911300659,0.1135769933462143,0.01204594224691391,0.5737281441688538,0.15927401185035706,0.0024434668011963367,0.016048569232225418,0.07923256605863571
img.00005944,0.1220906600356102,0.027076831087470055,0.010680041275918484,0.0406801663339138,0.05425012856721878,0.09744185209274292,0.41357895731925964,0.2342013716697693
img.00005267,0.6711845397949219,0.009544583037495613,0.1962486058473587,0.007268573623150587,0.021708179265260696,0.005322915967553854,0.0692124292254448,0.019510215148329735
img.00005662,0.6450362205505371,0.023258564993739128,0.014958755113184452,0.03250616043806076,0.04489056020975113,0.06831928342580795,0.15459628403186798,0.016434134915471077
img.00005289,0.7603922486305237,0.007689234334975481,0.0036264867521822453,0.009908677078783512,0.007806971203535795,0.01116031315177679,0.19433964788913727,0.005076439119875431
img.00005658,0.5297714471817017,0.2278183400630951,0.07005418837070465,0.055406324565410614,0.023266945034265518,0.020064501091837883,0.04193689674139023,0.03168139234185219
img.00005293,0.10516852140426636,0.04367552697658539,0.1496618688106537,0.017242705449461937,0.009854231029748917,0.044975560158491135,0.28467634320259094,0.3447452783584595
img.00005677,0.2833448052406311,0.09803244471549988,0.08483204245567322,0.03738640993833542,0.017259135842323303,0.2533915936946869,0.1216941550374031,0.10405945032835007
img.00005294,0.15552283823490143,0.4072880744934082,0.03305497393012047,0.047201916575431824,0.004547588527202606,0.02321646362543106,0.09460387378931046,0.23456424474716187
img.00005679,0.018078086897730827,0.00925290398299694,0.004118512384593487,0.09633196145296097,0.031599920243024826,0.00556580163538456,0.7948732376098633,0.04017965495586395
img.00005310,0.16276858747005463,0.08786898851394653,0.039622366428375244,0.10186906903982162,0.10980585962533951,0.007393976673483849,0.4457505941390991,0.04492051154375076
img.00005690,0.08802809566259384,0.3126835525035858,0.014188826084136963,0.10349198430776596,0.1263011395931244,0.059309668838977814,0.10823430866003036,0.18776239454746246
img.00005324,0.6309207081794739,0.044196922332048416,0.11847613006830215,0.06506597995758057,0.041902851313352585,0.013697713613510132,0.052616942673921585,0.03312273696064949
img.00005704,0.0675891637802124,0.0051752012223005295,0.001125658629462123,0.010344071313738823,0.008383097127079964,0.004105952102690935,0.8987505435943604,0.004526360891759396
img.00005326,0.12763714790344238,0.4247303605079651,0.004639432765543461,0.052459415048360825,0.02887580916285515,0.0037745058070868254,0.31796085834503174,0.03992246463894844
img.00005705,0.07871245592832565,0.21020357310771942,0.0064324731938540936,0.004323647357523441,0.0029495484195649624,0.010840827599167824,0.6146613359451294,0.07187605649232864
img.00005338,0.08365242928266525,0.007372341584414244,0.004866397473961115,0.007713455241173506,0.21313412487506866,0.009083030745387077,0.655523955821991,0.01865428313612938
img.00005716,0.01699182763695717,0.011888767592608929,0.008871671743690968,0.0402970165014267,0.09830588847398758,0.0019451822154223919,0.7372213006019592,0.08447843044996262
img.00005345,0.04536416009068489,0.022787760943174362,0.03491565212607384,0.21930401027202606,0.24907535314559937,0.00940597802400589,0.25467607378959656,0.16447095572948456
img.00005719,0.049723539501428604,0.18459637463092804,0.026570362970232964,0.016498936340212822,0.0034047351218760014,0.012039106339216232,0.6102168560028076,0.09695011377334595
img.00005350,0.009350989945232868,0.0011904475977644324,0.0008149454370141029,0.0010341466404497623,0.015066337771713734,0.0017883989494293928,0.9629021286964417,0.00785250123590231
img.00005720,0.24890926480293274,0.020627127960324287,0.02093413658440113,0.16880419850349426,0.07816274464130402,0.005057733040302992,0.4067862927913666,0.05071847885847092
img.00005362,0.0006336281658150256,6.139355537015945e-05,2.516632594051771e-05,0.00015135839930735528,0.010818933136761189,0.0006535390857607126,0.9868956208229065,0.0007603070116601884
img.00005721,0.04192579165101051,0.008020035922527313,0.007517708465456963,0.17183484137058258,0.20775629580020905,0.019021185114979744,0.40921086072921753,0.1347133219242096
img.00005373,0.0043949889950454235,0.019864995032548904,0.0073824492283165455,0.0758720114827156,0.31153133511543274,0.015209943987429142,0.46628338098526,0.09946083277463913
img.00005723,0.049210600554943085,0.055542659014463425,0.04023831710219383,0.013866204768419266,0.010308041237294674,0.12569671869277954,0.5172752737998962,0.18786214292049408
img.00005378,0.04458465054631233,0.5588076710700989,0.015067370608448982,0.005270791705697775,0.004187196027487516,0.02274692803621292,0.22771021723747253,0.12162521481513977
img.00005725,0.02420186437666416,0.004669976886361837,0.002400430617853999,0.14496494829654694,0.6015803813934326,0.004529844503849745,0.20894065499305725,0.00871190708130598
img.00005379,0.014344264753162861,0.04649677872657776,0.01847958005964756,0.02526899427175522,0.0039043198339641094,0.0553167462348938,0.5124379992485046,0.323751300573349
img.00005727,0.015610842034220695,0.0036465574521571398,0.003551234258338809,0.03813180699944496,0.1426428109407425,0.0027294319588690996,0.7660790085792542,0.027608374133706093
img.00005383,0.042034778743982315,0.07011346518993378,0.01876961439847946,0.008306466974318027,0.008081166073679924,0.009564096108078957,0.6299317479133606,0.2131986767053604
img.00005743,0.14645473659038544,0.03802789747714996,0.09540616720914841,0.23201532661914825,0.22101068496704102,0.007125547155737877,0.11544898897409439,0.14451061189174652
img.00005389,0.29413869976997375,0.027665290981531143,0.07977847009897232,0.45305418968200684,0.016525661572813988,0.011418383568525314,0.10804078727960587,0.009378498420119286
img.00005761,0.35588040947914124,0.20334818959236145,0.03702566772699356,0.2930544316768646,0.020192554220557213,0.03760320693254471,0.016362061724066734,0.036533456295728683
img.00005391,0.028369620442390442,0.2526004910469055,0.13140732049942017,0.0696573331952095,0.16597706079483032,0.007196689490228891,0.01508343406021595,0.32970812916755676
img.00005772,0.604753315448761,0.010929695330560207,0.007558237761259079,0.28729677200317383,0.0013557591009885073,0.003972835373133421,0.07871980220079422,0.005413660313934088
img.00005393,0.02034503035247326,0.7032184600830078,0.013267505913972855,0.05428626015782356,0.018731873482465744,0.0035949915181845427,0.022883368656039238,0.16367247700691223
img.00005774,0.8590573072433472,0.0013568338472396135,0.0008577878470532596,0.012994381599128246,0.00236586038954556,0.002782914089038968,0.11881382018327713,0.0017711205873638391
img.00005407,0.2908134460449219,0.13054288923740387,0.0644083172082901,0.005338829476386309,0.11381823569536209,0.013663506135344505,0.3234475553035736,0.057967208325862885
img.00005783,0.0005480175605043769,0.0006956515717320144,0.00016512942966073751,0.002603356260806322,0.013547160662710667,0.00032750581158325076,0.978735625743866,0.0033775523770600557
img.00005415,0.014658629894256592,0.01645308919250965,0.03742913529276848,0.5441908240318298,0.10654240101575851,0.002136797411367297,0.005940087139606476,0.27264899015426636
img.00005788,0.05545439198613167,0.40776515007019043,0.1083793193101883,0.04395643621683121,0.009411182254552841,0.02770434319972992,0.2833152413368225,0.06401403248310089
img.00005440,0.07272922247648239,0.04903029277920723,0.06718232482671738,0.026953676715493202,0.004949509631842375,0.015926720574498177,0.5547207593917847,0.2085074782371521
img.00005790,0.0507335364818573,0.0037291389890015125,0.003331186715513468,0.004087668377906084,0.035004872828722,0.00427641486749053,0.8947485089302063,0.004088775720447302
img.00005445,0.5063968300819397,0.04282871261239052,0.029238032177090645,0.024871518835425377,0.08981437236070633,0.058458443731069565,0.20926424860954285,0.03912784904241562
img.00005791,0.00023612020595464855,0.00043329864274710417,8.568353223381564e-05,0.0007717984262853861,0.04435521736741066,0.0004933613236062229,0.9422708749771118,0.011353599838912487
img.00005456,0.2152070701122284,0.0071798101998865604,0.42236822843551636,0.24253369867801666,0.004553594626486301,0.004128599539399147,0.014931237325072289,0.08909782022237778
img.00005801,0.36655083298683167,0.013998248614370823,0.029528211802244186,0.467308908700943,0.043971236795186996,0.00260850484482944,0.05778270587325096,0.018251368775963783
img.00005458,0.1928917020559311,0.07963337749242783,0.0641106441617012,0.032687924802303314,0.05084903538227081,0.007351825479418039,0.38557881116867065,0.1868966966867447
img.00005803,0.14020371437072754,0.7742292284965515,0.00699458085000515,0.008895810693502426,0.03719038888812065,0.0031033128034323454,0.01025781873613596,0.01912515237927437
img.00005459,0.07971148192882538,0.2106117308139801,0.09563508629798889,0.033695388585329056,0.06892604380846024,0.12285361438989639,0.0953674390912056,0.29319921135902405
img.00005806,0.08413587510585785,0.028518125414848328,0.2076987326145172,0.03617106005549431,0.0984826534986496,0.012709666974842548,0.03485225513577461,0.49743160605430603
img.00005462,0.7037067413330078,0.007835927419364452,0.004103888291865587,0.023425810039043427,0.0037142091896384954,0.008159980177879333,0.24680383503437042,0.0022496108431369066
img.00005811,0.0016423517372459173,0.0017283207271248102,0.013904105871915817,0.0013261110289022326,0.030264509841799736,0.005185896996408701,0.03246132284402847,0.9134873151779175
img.00005465,0.04474024847149849,0.03929319977760315,0.02646513842046261,0.018405666574835777,0.057362720370292664,0.20030763745307922,0.6006263494491577,0.012799008749425411
img.00005813,0.23967809975147247,0.009600862860679626,0.02712985686957836,0.5852678418159485,0.02409752458333969,0.0009124551434069872,0.09502469003200531,0.018288644030690193
img.00005470,0.01609702594578266,0.006386647000908852,0.0007762285531498492,0.004645374603569508,0.004757039714604616,0.018668266013264656,0.9484167695045471,0.00025258210371248424
img.00005814,0.018280724063515663,0.0218716561794281,0.01018224935978651,0.036632098257541656,0.1242518201470375,0.0024029246997088194,0.7396957278251648,0.04668285325169563
img.00005471,0.1180703267455101,0.4447214901447296,0.01631530560553074,0.003735310398042202,0.02944660745561123,0.17765384912490845,0.17289036512374878,0.03716674819588661
img.00005817,0.23187611997127533,0.0013380130985751748,0.11352817714214325,0.39796167612075806,0.03145529329776764,0.02680189535021782,0.01946854218840599,0.17757023870944977
img.00005474,0.052592117339372635,0.8655173778533936,0.008197078481316566,0.0014776658499613404,0.026520637795329094,0.0014894100604578853,0.037651561200618744,0.006554189138114452
img.00005824,0.036405693739652634,0.020399916917085648,0.07036878913640976,0.02582825906574726,0.029027840122580528,0.13699333369731903,0.3572796583175659,0.3236965537071228
img.00005484,0.39835819602012634,0.054316259920597076,0.32898008823394775,0.030959948897361755,0.04340514913201332,0.04269172623753548,0.06856788694858551,0.03272075578570366
img.00005827,0.03011462651193142,0.045198652893304825,0.013918319717049599,0.004047646652907133,0.002424060832709074,0.01940954476594925,0.7216681241989136,0.16321906447410583
img.00005487,0.07202259451150894,0.8268151879310608,0.008514809422194958,0.006059582810848951,0.004673597868531942,0.008730826899409294,0.02377731166779995,0.04940612241625786
img.00005832,0.2440270334482193,0.04831459000706673,0.01171076763421297,0.008142726495862007,0.030120672658085823,0.022335581481456757,0.2705984115600586,0.3647501766681671
img.00005494,0.040822505950927734,0.08984006196260452,0.12137724459171295,0.27183523774147034,0.31764402985572815,0.015870224684476852,0.07833711802959442,0.06427357345819473
img.00005833,0.373212605714798,0.053996820002794266,0.13038387894630432,0.15434569120407104,0.14932678639888763,0.05393998324871063,0.0537409670650959,0.031053215265274048
img.00005498,0.036656349897384644,0.2183801233768463,0.07165065407752991,0.1839936375617981,0.21925663948059082,0.00856265053153038,0.04537811875343323,0.2161218822002411
img.00005836,0.019435321912169456,0.15088443458080292,0.07366106659173965,0.005106224678456783,0.019192839041352272,0.018824007362127304,0.5443983674049377,0.1684977412223816
img.00005502,0.10358954966068268,0.024047328159213066,0.036399584263563156,0.012020720168948174,0.4191952347755432,0.007956501096487045,0.2452472448348999,0.15154388546943665
img.00005837,0.10406444221735,0.22752627730369568,0.08826074749231339,0.050706323236227036,0.012037301436066628,0.09357030689716339,0.32873931527137756,0.09509529918432236
img.00005524,0.10695391893386841,0.6080948114395142,0.03532896190881729,0.040890030562877655,0.026883188635110855,0.08280792832374573,0.06283925473690033,0.036201950162649155
img.00005838,0.2024870067834854,0.17279887199401855,0.3060670495033264,0.06953448802232742,0.09187010675668716,0.021173465996980667,0.033205874264240265,0.1028631404042244
img.00005537,0.1079658642411232,0.1987880915403366,0.17693307995796204,0.07449202239513397,0.03474554792046547,0.15070712566375732,0.08845088630914688,0.1679174154996872
img.00005844,0.08075711876153946,0.45739874243736267,0.016414927318692207,0.019697291776537895,0.005698686931282282,0.11706822365522385,0.1430780589580536,0.1598869264125824
img.00005557,0.12763236463069916,0.6208481192588806,0.05033339187502861,0.006860859226435423,0.014065847732126713,0.005336337257176638,0.04507918283343315,0.1298438310623169
img.00005850,0.24379654228687286,0.2286573350429535,0.10517020523548126,0.12413597851991653,0.0632416307926178,0.06658060848712921,0.09993042051792145,0.06848720461130142
img.00005559,0.013327538035809994,0.009150717407464981,0.11923146992921829,0.0458543486893177,0.3322654664516449,0.006341247819364071,0.08757863938808441,0.3862505853176117
img.00005854,0.6326315999031067,0.008862852118909359,0.0025925165973603725,0.04497937113046646,0.010191068984568119,0.03202361613512039,0.26459449529647827,0.004124431870877743
img.00005562,0.02107524871826172,0.13153988122940063,0.059708669781684875,0.02609292045235634,0.04362686350941658,0.06649360805749893,0.16638976335525513,0.48507311940193176
img.00005872,0.11454762518405914,0.04416282847523689,0.04035116732120514,0.020678605884313583,0.05934133008122444,0.03844798356294632,0.0515865832567215,0.6308838725090027
img.00005564,0.11192617565393448,0.013833426870405674,0.013950180262327194,0.02335118129849434,0.08079738914966583,0.022340521216392517,0.5506187677383423,0.18318237364292145
img.00005873,0.25935789942741394,0.031904809176921844,0.006511657033115625,0.027805233374238014,0.027409784495830536,0.04808391258120537,0.5940386652946472,0.00488807400688529
img.00005577,0.0482889860868454,0.0032940858509391546,0.002747240010648966,0.3057869076728821,0.031594421714544296,0.001696936902590096,0.6010466814041138,0.00554471043869853
img.00005874,0.08398731052875519,0.18891414999961853,0.03443477302789688,0.027213584631681442,0.03393683210015297,0.12261780351400375,0.3710998296737671,0.13779574632644653
img.00005582,0.32018405199050903,0.030280867591500282,0.0569114163517952,0.27247893810272217,0.12625844776630402,0.027449743822216988,0.08393672108650208,0.08249976485967636
img.00005881,0.0023283103946596384,0.965809166431427,0.010298323817551136,0.002965685212984681,0.0035931160673499107,0.001275414600968361,0.008548927493393421,0.005181027110666037
img.00005586,0.9056265950202942,0.01576717384159565,0.005227638874202967,0.011198881082236767,0.007868590764701366,0.0008092818898148835,0.052792344242334366,0.0007095045875757933
img.00005886,0.0857938900589943,0.10377006977796555,0.1090347021818161,0.016178283840417862,0.1956542283296585,0.11051442474126816,0.06013720855116844,0.3189171552658081
img.00005590,0.036097314208745956,0.013100393116474152,0.018719112500548363,0.1131022572517395,0.23518340289592743,0.003050262341275811,0.12907792627811432,0.45166927576065063
img.00005896,0.0020860768854618073,0.0022525067906826735,0.00010724597086664289,0.001372277271002531,0.01828010380268097,0.002942997496575117,0.9703634977340698,0.002595310565084219
img.00005607,0.004996264353394508,0.9067166447639465,0.04467468708753586,0.005443628877401352,0.0018281100783497095,0.00831864308565855,0.003600088646635413,0.024421902373433113
img.00005897,0.09844538569450378,0.06580585241317749,0.022208504378795624,0.018673883751034737,0.18913701176643372,0.06343396008014679,0.3100326657295227,0.2322627753019333
img.00005624,0.020688707008957863,0.5862187147140503,0.006438340526074171,0.006811377126723528,0.0034157070331275463,0.01534976251423359,0.3575139045715332,0.003563529346138239
img.00005902,0.44249817728996277,0.23624691367149353,0.07907083630561829,0.0764874666929245,0.028109155595302582,0.0679468959569931,0.025949595496058464,0.04369092360138893
img.00005626,0.0056770844385027885,0.0028626336716115475,0.007928358390927315,0.02548009715974331,0.12490613758563995,0.005574685987085104,0.7895321846008301,0.03803886100649834
img.00005904,0.015124483034014702,0.12668947875499725,0.015943007543683052,0.009847725741565228,0.012701072730123997,0.01887812837958336,0.7039550542831421,0.09686107933521271
img.00005629,0.01697995886206627,0.012340117245912552,0.02362087368965149,0.02273925021290779,0.04615216702222824,0.03533570468425751,0.4844151735305786,0.35841670632362366
img.00005906,0.0037452627439051867,0.0029598181135952473,0.002760576317086816,0.0019464311189949512,0.003439079038798809,0.3049660325050354,0.6790742874145508,0.0011085994774475694
img.00005640,0.04005022346973419,0.079368457198143,0.18629135191440582,0.03448079898953438,0.05742061138153076,0.0030440865084528923,0.061613135039806366,0.5377312898635864
img.00005915,0.09976491332054138,0.46363645792007446,0.2178802788257599,0.017663097009062767,0.0049236551858484745,0.034623708575963974,0.08289504051208496,0.07861283421516418
img.00005641,0.0008857172797434032,0.001736311474815011,0.0001432861463399604,0.0012329776072874665,0.03356955572962761,0.001220785197801888,0.9578701257705688,0.0033412708435207605
img.00005922,0.3473180830478668,0.2170196920633316,0.052288901060819626,0.02329075336456299,0.04318868741393089,0.08969612419605255,0.1940148025751114,0.03318289294838905
img.00005642,0.013856994919478893,0.020820051431655884,0.012274433858692646,0.012919647619128227,0.01740875281393528,0.005174208898097277,0.3226541578769684,0.5948916673660278
img.00005929,0.022132299840450287,0.0010404373751953244,0.000575371494051069,0.004307885188609362,0.006412495393306017,0.0009773276979103684,0.9635857939720154,0.0009684236720204353
img.00005649,0.14627471566200256,0.030969807878136635,0.015303004533052444,0.14208774268627167,0.022683875635266304,0.0020630506332963705,0.6232886910438538,0.017329150810837746
img.00005931,0.37554341554641724,0.30875346064567566,0.04263598844408989,0.028563367202878,0.025026874616742134,0.012071696110069752,0.041215766221284866,0.16618938744068146
img.00005652,0.0462820902466774,0.09146011620759964,0.05998801440000534,0.007032130379229784,0.14765354990959167,0.024900514632463455,0.1181052103638649,0.5045783519744873
img.00005933,0.10252408683300018,0.046968307346105576,0.19876758754253387,0.2988205552101135,0.14185117185115814,0.03331179916858673,0.01830953359603882,0.15944696962833405
img.00005653,0.06043684110045433,0.0261965524405241,0.022681422531604767,0.12015661597251892,0.1095987856388092,0.0077048540115356445,0.5418398380279541,0.1113850474357605
img.00005939,0.0005246017826721072,0.0002952724462375045,5.534671799978241e-05,0.0008462243713438511,0.004633834585547447,0.0018151281401515007,0.9822316765785217,0.009597893804311752
img.00005654,0.0337396003305912,0.002050697337836027,0.009183350950479507,0.007446090690791607,0.10474376380443573,0.005541510414332151,0.8340749740600586,0.0032200489658862352
img.00006502,0.40365561842918396,0.100521519780159,0.18768182396888733,0.20133499801158905,0.004347740672528744,0.0007807356887497008,0.09061910212039948,0.011058497242629528
img.00005947,0.1945710927248001,0.42375731468200684,0.16165821254253387,0.043424878269433975,0.05435258522629738,0.016391156241297722,0.07844749093055725,0.02739732153713703
img.00006263,0.014820152893662453,0.0346076674759388,0.009881682693958282,0.07155479490756989,0.14681541919708252,0.004593844059854746,0.4199037253856659,0.2978227734565735
img.00005949,0.16372686624526978,0.03624521568417549,0.003911291714757681,0.07419698685407639,0.6351400017738342,0.015865689143538475,0.06987331062555313,0.0010405243374407291
img.00006249,0.08639832586050034,0.18250992894172668,0.34634771943092346,0.23648521304130554,0.03347432613372803,0.01434333436191082,0.006532114930450916,0.09390900284051895
img.00005964,0.013898788020014763,0.017328940331935883,0.028156254440546036,0.02053443156182766,0.018537385389208794,0.030024021863937378,0.699173629283905,0.1723465472459793
img.00006268,0.061506304889917374,0.0486721433699131,0.06574904918670654,0.026743678376078606,0.16600368916988373,0.04080396145582199,0.40890422463417053,0.18161694705486298
img.00005975,0.12083940953016281,0.016228068619966507,0.17945589125156403,0.16616694629192352,0.02905098907649517,0.05530720204114914,0.3544715344905853,0.07847990840673447
img.00006269,0.043819576501846313,0.3257446587085724,0.05985749140381813,0.06490841507911682,0.01493423618376255,0.016457971185445786,0.05042354390025139,0.42385417222976685
img.00005978,0.4559079706668854,0.09734343737363815,0.17131558060646057,0.09964681416749954,0.0010908158728852868,0.031208377331495285,0.14070037007331848,0.0027866768650710583
img.00006270,0.34442341327667236,0.16552716493606567,0.03941233828663826,0.11562523990869522,0.044417474418878555,0.008226141333580017,0.1811148226261139,0.10125336796045303
img.00005993,0.7893003225326538,0.05398872494697571,0.10722615569829941,0.004808615893125534,0.001078532193787396,0.0020549127366393805,0.023018663749098778,0.018524078652262688
img.00006276,0.0172436386346817,0.0011751970741897821,0.0014816251350566745,0.014471425674855709,0.007980159483850002,0.005817966070026159,0.947100043296814,0.004729997832328081
img.00005998,0.07043067365884781,0.06280816346406937,0.023265819996595383,0.15395160019397736,0.33151641488075256,0.02477610483765602,0.2305794507265091,0.10267174243927002
img.00006278,0.11604614555835724,0.0858583077788353,0.05161871388554573,0.013523506931960583,0.09167350828647614,0.027130691334605217,0.3056391775608063,0.3085099160671234
img.00006000,0.1406794786453247,0.013905680738389492,0.03067367523908615,0.01385216973721981,0.02461237460374832,0.632736325263977,0.13168948888778687,0.01185075007379055
img.00006280,0.05479522421956062,0.05399513989686966,0.06658288091421127,0.017467409372329712,0.040735356509685516,0.0028281521517783403,0.44393330812454224,0.31966254115104675
img.00006004,0.05391416326165199,0.04970564320683479,0.17970967292785645,0.026366496458649635,0.18412886559963226,0.021352345123887062,0.20220886170864105,0.2826139032840729
img.00006285,0.06527718156576157,0.02065984718501568,0.013080463744699955,0.0024180959444493055,0.009038017131388187,0.02668352611362934,0.31994882225990295,0.5428940057754517
img.00006005,0.020482566207647324,0.019924987107515335,0.03168301656842232,0.010238959453999996,0.009090343490242958,0.07226257026195526,0.5239689350128174,0.3123486042022705
img.00006299,0.5017481446266174,0.09076842665672302,0.07419174909591675,0.01741180196404457,0.017437249422073364,0.1976868361234665,0.08233765512704849,0.0184180848300457
img.00006008,0.023256348446011543,0.029628431424498558,0.015595652163028717,0.008453606627881527,0.011392101645469666,0.05914212763309479,0.580276370048523,0.27225539088249207
img.00006305,0.01549933385103941,0.6488750576972961,0.07451921701431274,0.017906097695231438,0.007022257428616285,0.0065805139020085335,0.12908270955085754,0.10051482915878296
img.00006010,0.5606935620307922,0.11978814005851746,0.03315512463450432,0.08918363600969315,0.03405943885445595,0.0488307848572731,0.019285213202238083,0.09500401467084885
img.00006306,0.27454450726509094,0.009938855655491352,0.08471763134002686,0.11139432340860367,0.008581571280956268,0.03590843826532364,0.17425848543643951,0.30065616965293884
img.00006014,0.09836801141500473,0.2697350084781647,0.009836086072027683,0.020856931805610657,0.0028741236310452223,0.023875318467617035,0.4455938935279846,0.12886065244674683
img.00006308,0.010136923752725124,0.18564939498901367,0.09517714381217957,0.011448850855231285,0.008132628165185452,0.012247896753251553,0.3282220661640167,0.3489851653575897
img.00006022,0.032524097710847855,0.8388550877571106,0.01989326998591423,0.00906786322593689,0.003732136217877269,0.01470786053687334,0.0438467301428318,0.037372883409261703
img.00006310,0.27012547850608826,0.021816059947013855,0.4370933473110199,0.13850146532058716,0.018680928274989128,0.0042816526256501675,0.022498616948723793,0.08700249344110489
img.00006024,0.19951298832893372,0.00906191673129797,0.13873836398124695,0.01063945610076189,0.027343906462192535,0.07443028688430786,0.49533751606941223,0.044935550540685654
img.00006313,0.004509343765676022,0.09351853281259537,0.013016989454627037,0.009103232994675636,0.00501079298555851,0.014500265941023827,0.20487308502197266,0.6554678082466125
img.00006026,0.0236614178866148,0.011169681325554848,0.01770578883588314,0.017357228323817253,0.02807338535785675,0.20620669424533844,0.4003056287765503,0.2955200970172882
img.00006315,0.06253648549318314,0.03283172473311424,0.034833021461963654,0.03763581067323685,0.06758642941713333,0.13649974763393402,0.22306953370571136,0.4050072133541107
img.00006033,0.479934424161911,0.036310359835624695,0.20039315521717072,0.022826405242085457,0.05198821425437927,0.10413633286952972,0.04796268045902252,0.056448351591825485
img.00006317,0.009904026985168457,0.21515659987926483,0.7025840878486633,0.009976033121347427,0.01244898047298193,0.009396584704518318,0.025804175063967705,0.014729508198797703
img.00006040,0.07154510915279388,0.049912914633750916,0.1196611076593399,0.042372409254312515,0.3459118902683258,0.0027007812168449163,0.039194654673337936,0.3287012279033661
img.00006318,0.008103076368570328,0.9486267566680908,0.006204631645232439,0.007995284162461758,0.007856340147554874,0.0014992973301559687,0.015782801434397697,0.003931783139705658
img.00006045,0.048900868743658066,0.012817160226404667,0.08848754316568375,0.024957457557320595,0.18167881667613983,0.0014242110773921013,0.1451764702796936,0.49655744433403015
img.00006334,0.0020404718816280365,0.11330410093069077,0.002443364355713129,0.001364608178846538,0.009211709722876549,0.005886854603886604,0.41556915640830994,0.45017969608306885
img.00006058,0.02376287244260311,0.172573521733284,0.20998433232307434,0.15106143057346344,0.1338530033826828,0.009392639622092247,0.05667455866932869,0.24269767105579376
img.00006351,0.0038399971090257168,0.05161803215742111,0.012911459431052208,0.014079121872782707,0.005621920805424452,0.004678384400904179,0.19979113340377808,0.7074599862098694
img.00006061,0.047250647097826004,0.028580496087670326,0.051859788596630096,0.7611492872238159,0.07190261781215668,0.0017309292452409863,0.02198239415884018,0.015543937683105469
img.00006353,0.07166754454374313,0.11872287839651108,0.2044641375541687,0.1463274508714676,0.08819159865379333,0.012016735970973969,0.25623831152915955,0.10237133502960205
img.00006065,0.4014286398887634,0.008239508606493473,0.005683263298124075,0.4261319935321808,0.04629180207848549,0.004514529835432768,0.09933514147996902,0.008375107310712337
img.00006360,0.20030678808689117,0.05431639775633812,0.07003500312566757,0.3442259132862091,0.12770797312259674,0.0730750635266304,0.03263551741838455,0.09769739210605621
img.00006067,0.023767901584506035,0.012983977794647217,0.01127552893012762,0.04973490536212921,0.6080377697944641,0.0019126662518829107,0.17577585577964783,0.11651136726140976
img.00006372,0.0034449950326234102,0.00245876656845212,0.002222186652943492,0.005567904561758041,0.019814638420939445,0.0023700473830103874,0.9487882852554321,0.01533316820859909
img.00006071,0.09964892268180847,0.014700488187372684,0.006726392544806004,0.03292307257652283,0.016828114166855812,0.009680518880486488,0.8159149289131165,0.0035775830037891865
img.00006374,0.03699856251478195,0.15984763205051422,0.037197358906269073,0.19698098301887512,0.11441880464553833,0.005187910050153732,0.33963173627853394,0.10973701626062393
img.00006078,0.2612723708152771,0.17890389263629913,0.14820967614650726,0.10801868140697479,0.044327422976493835,0.05258679762482643,0.09681471437215805,0.1098664402961731
img.00006376,0.07350394874811172,0.06442271173000336,0.01354821678251028,0.016279736533761024,0.03304678574204445,0.01850222796201706,0.7559720873832703,0.024724261835217476
img.00006082,0.0038369200192391872,0.03210096433758736,0.0017922510160133243,0.0015886657638475299,0.0034449666272848845,0.008660678751766682,0.8534925580024719,0.09508299082517624
img.00006383,0.17624333500862122,0.02946731261909008,0.016833817586302757,0.037152573466300964,0.0442793183028698,0.008670617826282978,0.627029538154602,0.06032353267073631
img.00006085,0.5997691750526428,0.07994939386844635,0.08695100992918015,0.014880632981657982,0.009470103308558464,0.036885324865579605,0.15601937472820282,0.01607499271631241
img.00006386,0.012120794504880905,0.07761163264513016,0.04842624440789223,0.042197197675704956,0.16518227756023407,0.03189951181411743,0.1954389363527298,0.42712339758872986
img.00006095,0.009127850644290447,0.9165045022964478,0.027293233200907707,0.0037124024238437414,0.0016840544994920492,0.0023073197808116674,0.020326152443885803,0.019044499844312668
img.00006387,0.10322215408086777,0.01154183130711317,0.01253635622560978,0.014799741096794605,0.04816880077123642,0.00254608690738678,0.7912468314170837,0.015938298776745796
img.00006101,0.10015618801116943,0.09054230898618698,0.0871705487370491,0.04034760221838951,0.03577890619635582,0.07812145352363586,0.23535731434822083,0.33252570033073425
img.00006390,0.005309618078172207,0.008915776386857033,0.008976993151009083,0.008604198694229126,0.009277353063225746,0.10021739453077316,0.5305313467979431,0.3281673192977905
img.00006104,0.04945531114935875,0.07831405103206635,0.04410487785935402,0.06416526436805725,0.13491664826869965,0.06842222064733505,0.433624267578125,0.12699735164642334
img.00006392,0.20658905804157257,0.017821528017520905,0.02509336918592453,0.10402220487594604,0.05366623029112816,0.011486943811178207,0.3004204034805298,0.2809002697467804
img.00006107,0.005507105495780706,0.006345504429191351,0.0008812981541268528,0.001644310774281621,0.9730993509292603,0.00603038165718317,0.004728944506496191,0.0017631183145567775
img.00006395,0.061456725001335144,0.16558873653411865,0.11576830595731735,0.07262860983610153,0.07866540551185608,0.00909270066767931,0.4126623272895813,0.08413715660572052
img.00006115,0.03203398361802101,0.007115394342690706,0.1867491602897644,0.4007222056388855,0.09482726454734802,0.029794752597808838,0.07551110535860062,0.17324616014957428
img.00006402,0.033044785261154175,0.012662278488278389,0.01820700243115425,0.020794378593564034,0.02687794342637062,0.009199162013828754,0.4802713096141815,0.39894312620162964
img.00006120,0.17114651203155518,0.016709905117750168,0.012521614320576191,0.509730875492096,0.07315737754106522,0.025521067902445793,0.1687178611755371,0.022494778037071228
img.00006404,0.47858935594558716,0.04011307656764984,0.32786256074905396,0.010321231558918953,0.03874436393380165,0.009236111305654049,0.010836944915354252,0.0842963382601738
img.00006124,0.05406670272350311,0.025656897574663162,0.2604082226753235,0.45659351348876953,0.024783361703157425,0.01173368003219366,0.012369407340884209,0.1543881744146347
img.00006407,0.13649244606494904,0.03869883343577385,0.049649856984615326,0.0257338248193264,0.021654022857546806,0.008223817683756351,0.31721025705337524,0.4023369550704956
img.00006128,0.09756307303905487,0.2618870437145233,0.017632219940423965,0.004951996263116598,0.05456514284014702,0.2406824380159378,0.2370627373456955,0.0856553465127945
img.00006415,0.02882654219865799,0.0012310361489653587,0.0014730945695191622,0.00910956785082817,0.037389159202575684,0.004569977521896362,0.9143107533454895,0.0030899345874786377
img.00006130,0.17934773862361908,0.5198473930358887,0.08830918371677399,0.009716655127704144,0.0016785238403826952,0.010474520735442638,0.09528149664402008,0.09534447640180588
img.00006416,0.01286734826862812,0.0075025917030870914,0.006577766966074705,0.005564143881201744,0.5597522854804993,0.011947426944971085,0.284374475479126,0.11141389608383179
img.00006131,0.9440196752548218,0.002785727847367525,0.001767522539012134,0.004944648593664169,0.001936834305524826,0.002087867818772793,0.03859742730855942,0.0038602303247898817
img.00006419,0.1971745789051056,0.048370350152254105,0.1781279295682907,0.03757447376847267,0.10582776367664337,0.04601225256919861,0.16375519335269928,0.22315749526023865
img.00006132,0.13355045020580292,0.6224525570869446,0.05280042812228203,0.008578072302043438,0.006090153474360704,0.014880974777042866,0.09835667163133621,0.0632907897233963
img.00006424,0.0314444974064827,0.03122115135192871,0.10157177597284317,0.09360229969024658,0.04365681856870651,0.021758047863841057,0.16897204518318176,0.5077733993530273
img.00006133,0.7103288173675537,0.03434465453028679,0.11288123577833176,0.017781605944037437,0.024738982319831848,0.03308676928281784,0.038532137870788574,0.02830587327480316
img.00006434,0.7890248894691467,0.03112311102449894,0.04622980207204819,0.03211864456534386,0.009905771352350712,0.0199188943952322,0.026501737534999847,0.045177120715379715
img.00006138,0.5388032793998718,0.021643895655870438,0.01358336303383112,0.030536741018295288,0.032026149332523346,0.04206395149230957,0.27202796936035156,0.04931460693478584
img.00006438,0.0033822436816990376,0.0010654182406142354,0.0006939743761904538,0.0025175590999424458,0.006399155128747225,0.0016705503221601248,0.9182211756706238,0.06604994088411331
img.00006148,0.11178159713745117,0.1322731077671051,0.42629629373550415,0.035563766956329346,0.013033648021519184,0.008234148845076561,0.10611536353826523,0.1667020469903946
img.00006440,0.04923789203166962,0.02077324315905571,0.02995658479630947,0.06827342510223389,0.03834279254078865,0.01075936108827591,0.6665554046630859,0.11610128730535507
img.00006150,0.09499398618936539,0.004635266028344631,0.04699178412556648,0.06963963806629181,0.5210228562355042,0.002375962445512414,0.14843380451202393,0.11190659552812576
img.00006441,0.33618250489234924,0.0154361417517066,0.346083402633667,0.002016434445977211,0.006309725344181061,0.1003335490822792,0.1120447888970375,0.08159346878528595
img.00006156,0.4272535741329193,0.1671580821275711,0.050694968551397324,0.02741383947432041,0.014330711215734482,0.030958980321884155,0.22371745109558105,0.05847247317433357
img.00006452,0.13398033380508423,0.02367638237774372,0.05301027372479439,0.019679181277751923,0.11501444876194,0.010317403823137283,0.3177831768989563,0.32653868198394775
img.00006157,0.1716236025094986,0.031060168519616127,0.038331545889377594,0.18944770097732544,0.22875238955020905,0.05623454600572586,0.16390617191791534,0.12064392119646072
img.00006455,0.7677673101425171,0.009917083196341991,0.009494254365563393,0.023065974935889244,0.009390903636813164,0.008137351833283901,0.16848260164260864,0.003744536777958274
img.00006165,0.3504941165447235,0.10034594684839249,0.0015796602237969637,0.1232861652970314,0.03158273547887802,0.0066810776479542255,0.38139966130256653,0.004630747716873884
img.00006456,0.041354890912771225,0.5636962652206421,0.007855174131691456,0.04331963136792183,0.2248360812664032,0.015609373338520527,0.060596104711294174,0.04273252189159393
img.00006166,0.2634119689464569,0.3257262408733368,0.14658203721046448,0.035263799130916595,0.012387815862894058,0.021129237487912178,0.08796408772468567,0.10753489285707474
img.00006459,9.140552720054984e-05,0.0004073165182489902,4.9113452405435964e-05,0.0005890248576179147,0.0004932084702886641,0.00026408309349790215,0.9916443228721619,0.0064616440795362
img.00006171,0.18565130233764648,0.27949047088623047,0.117042176425457,0.022675640881061554,0.010267711244523525,0.046252235770225525,0.1329488307237625,0.20567163825035095
img.00006460,0.2990567684173584,0.10307907313108444,0.1068972796201706,0.36535489559173584,0.03318801149725914,0.025434281677007675,0.03195006027817726,0.03503969684243202
img.00006192,0.9172383546829224,0.009078935720026493,0.017709221690893173,0.0022519053891301155,0.001399136963300407,0.012011182494461536,0.032604675740003586,0.007706567645072937
img.00006461,0.6858559846878052,0.01835225522518158,0.03363248333334923,0.08203164488077164,0.015493261627852917,0.0018475448014214635,0.14727292954921722,0.015513875521719456
img.00006204,0.04957466572523117,0.11758807301521301,0.2904873192310333,0.21502353250980377,0.12400732934474945,0.042515624314546585,0.019455883651971817,0.14134758710861206
img.00006475,0.05550822988152504,0.7139917612075806,0.06100866571068764,0.0062141562812030315,0.007347548846155405,0.004258134867995977,0.017247896641492844,0.13442362844944
img.00006210,0.46325045824050903,0.1109672263264656,0.28955912590026855,0.015900276601314545,0.0028023594059050083,0.03323882073163986,0.03569086641073227,0.048590775579214096
img.00006478,0.019784219563007355,0.013227395713329315,0.047300104051828384,0.027069250121712685,0.03632310777902603,0.024649372324347496,0.1401301473379135,0.6915164589881897
img.00006218,0.4841732680797577,0.07374946027994156,0.03655814006924629,0.012710636481642723,0.017680874094367027,0.014408313669264317,0.3491894602775574,0.011529811657965183
img.00006480,0.3336731195449829,0.04846523702144623,0.014261000789701939,0.02425558865070343,0.07459476590156555,0.036197006702423096,0.459246426820755,0.00930684432387352
img.00006229,0.028954435139894485,0.549541175365448,0.02027040347456932,0.005309047177433968,0.09957292675971985,0.00884268432855606,0.08632248640060425,0.20118677616119385
img.00006481,0.017550917342305183,0.02288028970360756,0.00880110077559948,0.02298886887729168,0.18351079523563385,0.012146485969424248,0.6569501161575317,0.07517140358686447
img.00006240,0.06601852923631668,0.6743230223655701,0.02310919016599655,0.025757888332009315,0.016138769686222076,0.006184714380651712,0.0539245568215847,0.13454334437847137
img.00006494,0.36671653389930725,0.012673722580075264,0.050054457038640976,0.012496680952608585,0.026346325874328613,0.2040763646364212,0.3100569546222687,0.01757892407476902
img.00006243,0.05329831317067146,0.6655226349830627,0.03120112605392933,0.006483783014118671,0.011309131048619747,0.02035870961844921,0.07675335556268692,0.13507293164730072
img.00006498,0.8863328099250793,0.04815683886408806,0.005807559005916119,0.012032021768391132,0.009019843302667141,0.003542042803019285,0.030733928084373474,0.0043750423938035965
img.00006247,0.1919487714767456,0.3073357939720154,0.021823296323418617,0.02746596187353134,0.01539183035492897,0.014909668825566769,0.3709767460823059,0.05014787241816521
img.00006501,0.041913922876119614,0.05157726630568504,0.1942598819732666,0.3157658874988556,0.09527245908975601,0.005916330497711897,0.09251333773136139,0.20278093218803406
img.00006248,0.08965036273002625,0.010146010667085648,0.00719844363629818,0.4813809394836426,0.03440040349960327,0.00315009499900043,0.36293673515319824,0.01113688014447689
img.00007028,0.21904253959655762,0.12818649411201477,0.13498012721538544,0.05559079721570015,0.05401269719004631,0.039133720099925995,0.31690099835395813,0.052152544260025024
img.00006505,0.03161095827817917,0.009463302791118622,0.005543355830013752,0.02123897895216942,0.28255459666252136,0.004906029440462589,0.5987718105316162,0.04591087996959686
img.00006770,0.3437928259372711,0.019599242135882378,0.016816768795251846,0.11981663107872009,0.02301821857690811,0.008212120272219181,0.4660845398902893,0.002659653779119253
img.00006507,0.018680155277252197,0.002730360021814704,0.002430196851491928,0.059828270226716995,0.19806723296642303,0.004314348567277193,0.6748371720314026,0.039112210273742676
img.00006766,0.6284986734390259,0.02142799086868763,0.021986082196235657,0.010693690739572048,0.0066613745875656605,0.013848097994923592,0.28646785020828247,0.010416173376142979
img.00006517,0.0696333721280098,0.015943268314003944,0.02192341536283493,0.02882898785173893,0.345315158367157,0.003930867649614811,0.2691953182220459,0.2452296018600464
img.00006771,0.01804148592054844,0.007440937217324972,0.0043972935527563095,0.004503727424889803,0.007532975636422634,0.004316383041441441,0.914296567440033,0.0394706092774868
img.00006518,0.10018966346979141,0.016810771077871323,0.01403749454766512,0.022623946890234947,0.022036589682102203,0.029731500893831253,0.7254284024238586,0.06914165616035461
img.00006772,0.8287954330444336,0.027281852439045906,0.009101655334234238,0.02817591279745102,0.006771685555577278,0.0062852888368070126,0.09244842827320099,0.0011397191556170583
img.00006526,0.16085222363471985,0.20094947516918182,0.4691396951675415,0.05665840953588486,0.013873116113245487,0.048062629997730255,0.017331913113594055,0.033132556825876236
img.00006776,0.16638238728046417,0.3003208041191101,0.23193193972110748,0.031014416366815567,0.07395431399345398,0.013259736821055412,0.15706965327262878,0.026066767051815987
img.00006528,0.16922436654567719,0.06793028861284256,0.03382289782166481,0.05578390881419182,0.05654764547944069,0.009491854347288609,0.5812519788742065,0.025947008281946182
img.00006781,0.21733735501766205,0.011560616083443165,0.01565856859087944,0.7217899560928345,0.008230884559452534,0.0007280412246473134,0.009408408775925636,0.01528612244874239
img.00006530,0.03050057590007782,0.018445275723934174,0.00887629296630621,0.03373273089528084,0.04494650661945343,0.005830395966768265,0.7739681601524353,0.08370009064674377
img.00006782,0.1291356235742569,0.03718818351626396,0.03896800056099892,0.004487679805606604,0.1788465976715088,0.11879131197929382,0.2786800265312195,0.2139025628566742
img.00006550,0.8990778923034668,0.005100352689623833,0.0030796469654887915,0.02965470589697361,0.00488319294527173,0.003472123062238097,0.0538603812456131,0.0008717647870071232
img.00006784,0.0052090417593717575,0.01839466392993927,0.0003348522004671395,0.0014427403220906854,0.010460814461112022,0.00034591672010719776,0.9491488337516785,0.01466308068484068
img.00006554,0.015271089971065521,0.008558978326618671,0.014995231293141842,0.02287997119128704,0.013479880057275295,0.09846796095371246,0.5857077240943909,0.24063923954963684
img.00006785,0.00930599495768547,0.033609699457883835,0.008979152888059616,0.014503096230328083,0.3697414696216583,0.013132438994944096,0.1652742624282837,0.3854537904262543
img.00006563,0.8270450830459595,0.03431347385048866,0.004426591098308563,0.05338012054562569,0.02916504070162773,0.016327669844031334,0.0193575918674469,0.01598448120057583
img.00006801,0.07206658273935318,0.0028245681896805763,0.0016923578223213553,0.011161921545863152,0.01773708313703537,0.009313882328569889,0.8810389637947083,0.004164706915616989
img.00006567,0.5688170790672302,0.18711411952972412,0.07287295907735825,0.06327707320451736,0.012457302771508694,0.027419138699769974,0.038871053606271744,0.029171353206038475
img.00006805,0.11615965515375137,0.10150930285453796,0.04259183630347252,0.005369800608605146,0.45966601371765137,0.0453290231525898,0.19285175204277039,0.036522600799798965
img.00006569,0.002615721896290779,0.019015269353985786,0.000603262335062027,0.005990136880427599,0.035685233771800995,0.005947540979832411,0.9297276139259338,0.00041524568223394454
img.00006811,0.3883329927921295,0.027536747977137566,0.016336048021912575,0.03739282861351967,0.011487470008432865,0.07240241765975952,0.327865868806839,0.11864553391933441
img.00006572,0.10009004175662994,0.012302354909479618,0.051726680248975754,0.25020718574523926,0.17462612688541412,0.00606170017272234,0.2920318841934204,0.11295386403799057
img.00006816,0.295461505651474,0.06015641987323761,0.010791702196002007,0.06301069259643555,0.005890060681849718,0.001993706217035651,0.5451183915138245,0.017577458173036575
img.00006573,0.005964773241430521,0.8918196558952332,0.039912208914756775,0.013763573952019215,0.004980096127837896,0.007568987552076578,0.009085699915885925,0.026905057951807976
img.00006819,0.012836136855185032,0.010312557220458984,0.0006037252023816109,0.001176222926005721,0.07098881900310516,0.0014096030499786139,0.9000474810600281,0.002625441877171397
img.00006579,0.003067889017984271,0.0016942621441558003,0.00294071389362216,0.006241940427571535,0.03361338749527931,0.9233739972114563,0.00844236183911562,0.020625395700335503
img.00006829,0.5950881838798523,0.022523172199726105,0.01527779083698988,0.015842989087104797,0.033715832978487015,0.0072972592897713184,0.2922382056713104,0.018016565591096878
img.00006584,0.0006501324824057519,0.00015314348274841905,8.718782191863284e-05,0.0005243961932137609,0.012454984709620476,0.004842530936002731,0.9805952310562134,0.0006924274493940175
img.00006836,0.0697011947631836,0.2683836817741394,0.020286407321691513,0.012336444109678268,0.04414503276348114,0.19564107060432434,0.21791821718215942,0.17158792912960052
img.00006590,0.17022033035755157,0.059925127774477005,0.030092593282461166,0.059932172298431396,0.032163798809051514,0.042446356266736984,0.5437892079353333,0.06143033877015114
img.00006837,0.32156771421432495,0.03651537746191025,0.0837152823805809,0.06703848391771317,0.2681275010108948,0.023409172892570496,0.14537857472896576,0.05424797907471657
img.00006597,0.011225073598325253,0.01890806294977665,0.0036528753116726875,0.0012737354263663292,0.9197645783424377,0.0019558260682970285,0.01838178187608719,0.024838024750351906
img.00006842,0.1004481390118599,0.10125063359737396,0.02723560854792595,0.06125275045633316,0.053409017622470856,0.01925298012793064,0.5403521060943604,0.09679872542619705
img.00006605,0.11387259513139725,0.3475746214389801,0.05323302000761032,0.02631233073771,0.011861918494105339,0.015006608329713345,0.11595279723405838,0.3161861300468445
img.00006854,0.5034137964248657,0.25280165672302246,0.05964028835296631,0.12150602787733078,0.04952927306294441,0.0012623437214642763,0.009937533177435398,0.001909100217744708
img.00006609,0.000808017619419843,0.9823854565620422,0.01080881617963314,0.0012895502150058746,0.0017418611096218228,5.146866897121072e-05,0.001401096349582076,0.0015138589078560472
img.00006859,0.04483821243047714,0.4594026505947113,0.3253132700920105,0.015384509228169918,0.045200496912002563,0.004858011845499277,0.043494291603565216,0.061508629471063614
img.00006611,0.08672454953193665,0.00853083934634924,0.017051082104444504,0.16043248772621155,0.22440952062606812,0.029313944280147552,0.3054695129394531,0.168068066239357
img.00006860,0.17666390538215637,0.02814461477100849,0.5078416466712952,0.04298380762338638,0.03546792268753052,0.07521962374448776,0.1023692637681961,0.03130913898348808
img.00006617,0.0002220865135313943,5.086945020593703e-05,1.684804192336742e-05,0.0001816455478547141,0.016996603459119797,0.0002647122018970549,0.9811723828315735,0.0010948440758511424
img.00006863,0.2764390707015991,0.42548081278800964,0.23880574107170105,0.013587062247097492,0.006832971703261137,0.010262302123010159,0.020054034888744354,0.008537940680980682
img.00006625,0.13838975131511688,0.08449961990118027,0.05433320999145508,0.0565161406993866,0.046355150640010834,0.05401076003909111,0.5131940841674805,0.052701257169246674
img.00006865,0.10157160460948944,0.03030586987733841,0.04729349911212921,0.05975695326924324,0.02910100854933262,0.12209497392177582,0.11474459618330002,0.4951314330101013
img.00006633,0.10948379337787628,0.015039335936307907,0.01488017663359642,0.23498256504535675,0.32241004705429077,0.018420685082674026,0.2159639149904251,0.06881941109895706
img.00006868,0.0789373442530632,0.5935790538787842,0.027693046256899834,0.01740245148539543,0.14306990802288055,0.0038775133434683084,0.12926530838012695,0.006175356917083263
img.00006638,0.006445437204092741,0.005266646388918161,0.00493291299790144,0.012975683435797691,0.3725709319114685,0.003448803210631013,0.4957936108112335,0.0985659584403038
img.00006873,0.0027852344792336226,0.0001901005016406998,0.0003033489338122308,0.001251925714313984,0.002452052664011717,0.0015043431194499135,0.9808417558670044,0.010671251453459263
img.00006639,0.023205995559692383,0.6230818629264832,0.06257937848567963,0.011930951848626137,0.001601279596798122,0.0054499008692801,0.18282298743724823,0.08932758867740631
img.00006874,0.010527717880904675,0.0016782046295702457,0.0005239530000835657,0.003839908167719841,0.08318854868412018,0.0019344139145687222,0.8843344449996948,0.013972886838018894
img.00006645,0.9559633731842041,0.002114414470270276,0.024220235645771027,0.0015567232621833682,0.0017341090133413672,0.003040134673938155,0.010919197462499142,0.00045178172877058387
img.00006877,0.02689203806221485,0.03939836472272873,0.03911842033267021,0.424109548330307,0.15553054213523865,0.0012951088137924671,0.2660093307495117,0.04764664173126221
img.00006646,0.7776883840560913,0.05057155713438988,0.03468891233205795,0.025238437578082085,0.01479245349764824,0.011077377013862133,0.06202858313918114,0.02391432598233223
img.00006879,0.22472204267978668,0.1378585398197174,0.025900140404701233,0.3932354152202606,0.021377166733145714,0.0072826542891561985,0.14968498051166534,0.03993908315896988
img.00006653,0.5347713828086853,0.03608119860291481,0.014485972933471203,0.028858806937932968,0.03310070559382439,0.0743568018078804,0.1973971575498581,0.08094790577888489
img.00006883,0.0016982430825009942,0.007761610671877861,0.003086793003603816,0.012894944287836552,0.3222073018550873,0.003725791582837701,0.4515872001647949,0.19703803956508636
img.00006658,0.11117350310087204,0.009978082962334156,0.024476995691657066,0.01879425346851349,0.02530183084309101,0.7005304098129272,0.09188482165336609,0.01786012388765812
img.00006884,0.09950070828199387,0.041388049721717834,0.047130465507507324,0.0681004598736763,0.06712040305137634,0.11454394459724426,0.47776323556900024,0.08445273339748383
img.00006664,0.41795700788497925,0.0904388427734375,0.10545391589403152,0.05027268826961517,0.08333469182252884,0.1292848438024521,0.08486351370811462,0.038394536823034286
img.00006890,0.0005291001871228218,0.0003604890953283757,3.3143714972538874e-05,0.00012818055984098464,0.0007895348826423287,0.00027586868964135647,0.9971181154251099,0.0007656653760932386
img.00006668,0.06290768086910248,0.03237651288509369,0.00726252980530262,0.0628318265080452,0.6384295225143433,0.00518618430942297,0.16720916330814362,0.02379648946225643
img.00006897,0.13865245878696442,0.032226864248514175,0.08528102189302444,0.056204866617918015,0.057522762566804886,0.07353904098272324,0.441599577665329,0.11497340351343155
img.00006669,0.6910145282745361,0.008168634958565235,0.025781795382499695,0.029331818222999573,0.010829719714820385,0.18946696817874908,0.023009106516838074,0.022397378459572792
img.00006899,0.7092886567115784,0.007965526543557644,0.019338198006153107,0.10525349527597427,0.05692868307232857,0.021558932960033417,0.07566762715578079,0.00399888725951314
img.00006672,0.2093297243118286,0.183778777718544,0.02149180881679058,0.013698992319405079,0.02677123062312603,0.051512230187654495,0.3617875277996063,0.13162969052791595
img.00006903,0.33903753757476807,0.15659497678279877,0.020814642310142517,0.19234147667884827,0.0430339090526104,0.035269156098365784,0.16067418456077576,0.05223413184285164
img.00006673,0.16590197384357452,0.6909312605857849,0.02556603029370308,0.02873273752629757,0.0062101492658257484,0.019457336515188217,0.029819577932357788,0.033380940556526184
img.00006908,0.017902394756674767,0.02455667220056057,0.004862568806856871,0.023373911157250404,0.07091812789440155,0.055770229548215866,0.7992485761642456,0.0033674996811896563
img.00006680,0.3263886868953705,0.24400128424167633,0.12378916889429092,0.02919793501496315,0.016399048268795013,0.01877809502184391,0.1034131869673729,0.13803255558013916
img.00006909,0.3080514371395111,0.013472997583448887,0.058148689568042755,0.005127273965626955,0.01894880272448063,0.034777719527482986,0.5234922170639038,0.03798092529177666
img.00006684,0.07045020908117294,0.034681543707847595,0.028132950887084007,0.6615438461303711,0.041738998144865036,0.02538924477994442,0.0470125712454319,0.0910506546497345
img.00006919,0.12519045174121857,0.004704086109995842,0.0024938853457570076,0.008911318145692348,0.037740204483270645,0.010210813954472542,0.8087670803070068,0.0019821615424007177
img.00006685,0.024073675274848938,0.02225485071539879,0.08715762943029404,0.38096344470977783,0.09280151128768921,0.03160424903035164,0.1585221290588379,0.20262254774570465
img.00006922,0.14005503058433533,0.10085149854421616,0.12904614210128784,0.006642559543251991,0.005124659277498722,0.03505324572324753,0.19399026036262512,0.3892366290092468
img.00006690,0.3948351740837097,0.2535150945186615,0.06338100135326385,0.02113686501979828,0.010372909717261791,0.032826658338308334,0.07789245247840881,0.1460399180650711
img.00006932,0.7511794567108154,0.01562667265534401,0.06027127429842949,0.0656132847070694,0.01733557879924774,0.012759110890328884,0.05976027622818947,0.017454320564866066
img.00006701,0.3501615524291992,0.12425869703292847,0.023620998486876488,0.08354781568050385,0.07239264994859695,0.012837346643209457,0.2920801639556885,0.04110081493854523
img.00006937,0.043876223266124725,0.04038536548614502,0.02679554745554924,0.41661617159843445,0.08356443047523499,0.01108636800199747,0.32674551010131836,0.050930365920066833
img.00006705,0.0794459730386734,0.7995132207870483,0.014045923948287964,0.012502733618021011,0.010925548151135445,0.0015226653777062893,0.052819136530160904,0.029224775731563568
img.00006938,0.01981954276561737,0.9265261292457581,0.003883691504597664,0.0009631139691919088,0.011088551953434944,0.0036221330519765615,0.026662830263376236,0.007433969993144274
img.00006707,0.02848937176167965,0.014333024621009827,0.010965706780552864,0.01971755549311638,0.3195074796676636,0.0037670473102480173,0.47926560044288635,0.12395425140857697
img.00006950,0.3853490650653839,0.10317398607730865,0.02938837930560112,0.08574935793876648,0.043881721794605255,0.046142637729644775,0.07624107599258423,0.23007376492023468
img.00006709,0.2832697331905365,0.012392055243253708,0.009300765581429005,0.07884572446346283,0.04131563380360603,0.0037177579943090677,0.5408207774162292,0.030337605625391006
img.00006953,0.19521573185920715,0.5063073635101318,0.03721814602613449,0.046719592064619064,0.03465823084115982,0.007134404499083757,0.11116855591535568,0.06157806143164635
img.00006717,0.03535723686218262,0.0072392490692436695,0.020487388595938683,0.010803652927279472,0.022556312382221222,0.047435592859983444,0.6932660341262817,0.16285453736782074
img.00006954,0.2908208668231964,0.043905116617679596,0.006741692312061787,0.028300348669290543,0.020087091252207756,0.08861931413412094,0.5148131847381592,0.006712454371154308
img.00006722,0.030314592644572258,0.00951888132840395,0.2592272460460663,0.029284225776791573,0.11602433025836945,0.005938734859228134,0.10129982978105545,0.4483921229839325
img.00006960,0.32541507482528687,0.014375893399119377,0.15947186946868896,0.07538142800331116,0.020293941721320152,0.22200563549995422,0.17604798078536987,0.007008181884884834
img.00006729,0.03994324803352356,0.004675575997680426,0.01178000308573246,0.04814538359642029,0.11232446134090424,0.0115614403039217,0.1529264748096466,0.6186434030532837
img.00006963,0.07712909579277039,0.010823583230376244,0.06252666562795639,0.017693739384412766,0.0626249834895134,0.0032868843991309404,0.7503260970115662,0.015588951297104359
img.00006731,0.8508752584457397,0.0336633063852787,0.020828593522310257,0.062737837433815,0.0011976335663348436,0.020338399335741997,0.007888519205152988,0.0024705349933356047
img.00006973,0.0077837263233959675,0.012112060561776161,0.03826769068837166,0.008162924088537693,0.03591474890708923,0.001198873040266335,0.4736839830875397,0.4228759706020355
img.00006739,0.2909720838069916,0.0023163717705756426,0.001539451302960515,0.0044105700217187405,0.015259340405464172,0.012031815946102142,0.671013355255127,0.0024570664390921593
img.00006993,0.013559953309595585,0.03504014387726784,0.024761348962783813,0.09332380443811417,0.1770418882369995,0.0038694958202540874,0.04806897044181824,0.6043344140052795
img.00006743,0.03243403881788254,0.1929776519536972,0.059589777141809464,0.017771199345588684,0.05443678796291351,0.019672909751534462,0.0529395267367363,0.5701780319213867
img.00006995,0.028372567147016525,0.02567933313548565,0.2937738001346588,0.10059653222560883,0.021274017170071602,0.0016504626255482435,0.035428486764431,0.49322471022605896
img.00006745,0.30605146288871765,0.033008817583322525,0.2994631826877594,0.18310461938381195,0.07620584964752197,0.017676828429102898,0.030576569959521294,0.05391264706850052
img.00007005,0.05866991728544235,0.309923380613327,0.5232211947441101,0.05109981819987297,0.004710753448307514,0.000574132485780865,0.0223364420235157,0.029464388266205788
img.00006748,0.03784256801009178,0.016321225091814995,0.0022784180473536253,0.928382158279419,0.004186238162219524,0.0007203450077213347,0.004634733311831951,0.005634338594973087
img.00007007,0.0624956339597702,0.5317287445068359,0.06262795627117157,0.02156788855791092,0.03145727515220642,0.03277546539902687,0.046351850032806396,0.2109951376914978
img.00006753,0.2793600559234619,0.029984356835484505,0.010320451110601425,0.03266090899705887,0.060343723744153976,0.016422051936388016,0.49683678150177,0.0740717276930809
img.00007010,0.008157609030604362,0.012697591446340084,0.014162452891469002,0.0263495035469532,0.18515023589134216,0.005367332603782415,0.36075839400291443,0.3873569369316101
img.00006755,0.2108422964811325,0.04199880734086037,0.1494617462158203,0.04960662126541138,0.028580712154507637,0.3320189118385315,0.05312938243150711,0.13436149060726166
img.00007013,0.19299951195716858,0.03462939336895943,0.6426401138305664,0.0036193004343658686,0.012911426834762096,0.04415372014045715,0.0236983485519886,0.04534820094704628
img.00006758,0.17759796977043152,0.08240146934986115,0.28554198145866394,0.04133637994527817,0.05317613109946251,0.11915632337331772,0.02703435905277729,0.21375539898872375
img.00007024,0.005142539739608765,0.9785051345825195,0.0009582347120158374,0.001470285700634122,0.010941047221422195,0.0007658267277292907,0.0019706536550074816,0.0002462984703015536
img.00006759,0.006144012324512005,0.06630697846412659,0.002167078433558345,0.017437661066651344,0.010875830426812172,0.005540694110095501,0.7173877954483032,0.17413994669914246
img.00007027,0.17070673406124115,0.24337463080883026,0.1068202555179596,0.05496004968881607,0.01428227499127388,0.0047661117278039455,0.33494409918785095,0.07014590501785278
img.00006762,0.08729559183120728,0.00869773793965578,0.003530222922563553,0.004404908046126366,0.07939531654119492,0.1087588220834732,0.694477915763855,0.013439405709505081
img.00007621,0.010788979940116405,0.001835333532653749,0.0004876890161540359,0.025852790102362633,0.43873757123947144,0.002712966874241829,0.48431164026260376,0.035273026674985886
img.00007029,0.05056450143456459,0.010451355949044228,0.016280794516205788,0.06036356836557388,0.1660141497850418,0.004656732082366943,0.6695147752761841,0.02215411886572838
img.00007376,0.11930037289857864,0.6615084409713745,0.035628218203783035,0.055243588984012604,0.05972370505332947,0.0029841496143490076,0.016830096021294594,0.04878140985965729
img.00007033,0.05502136051654816,0.7362671494483948,0.10854209959506989,0.017951413989067078,0.023663979023694992,0.01213586051017046,0.009517592377960682,0.036900606006383896
img.00007365,0.17463703453540802,0.21213440597057343,0.09731870144605637,0.246506929397583,0.06388850510120392,0.01633286103606224,0.0868503674864769,0.10233122855424881
img.00007035,0.00942256674170494,0.9582884311676025,0.0036617929581552744,0.005537580233067274,0.010993045754730701,0.002031835028901696,0.008646320551633835,0.0014183615567162633
img.00007384,0.03373539820313454,0.010908033698797226,0.011892298236489296,0.07360956072807312,0.1621060073375702,0.07723105698823929,0.5341714024543762,0.09634626656770706
img.00007045,0.5107321739196777,0.023985624313354492,0.16326472163200378,0.11248460412025452,0.0340983010828495,0.07146012037992477,0.061224840581417084,0.02274969592690468
img.00007386,0.2128782868385315,0.01234025601297617,0.0015162033960223198,0.05385061725974083,0.009092584252357483,0.011647112667560577,0.6971104741096497,0.001564480597153306
img.00007046,0.10272207856178284,0.007095593959093094,0.2206587791442871,0.2641769349575043,0.111198291182518,0.012301764450967312,0.08383611589670181,0.1980104148387909
img.00007387,0.44523054361343384,0.059497203677892685,0.006428517401218414,0.11567878723144531,0.014357010833919048,0.024737056344747543,0.3167658746242523,0.017305033281445503
img.00007056,0.03083118423819542,0.0015291542513296008,0.004058143589645624,0.0035520349629223347,0.010439532808959484,0.001167874550446868,0.9345523118972778,0.013869792222976685
img.00007388,0.06295398622751236,0.05320648103952408,0.03772915154695511,0.1562383621931076,0.13388238847255707,0.020188750699162483,0.47303491830825806,0.06276605278253555
img.00007058,0.3798275887966156,0.027931343764066696,0.3108714520931244,0.04170764237642288,0.04637381061911583,0.0838938057422638,0.041368450969457626,0.0680258572101593
img.00007391,0.8406527638435364,0.004305015783756971,0.010048101656138897,0.03338569030165672,0.01769922859966755,0.028723519295454025,0.058263879269361496,0.006921832915395498
img.00007078,0.1771455556154251,0.09876848012208939,0.1959870457649231,0.1694847047328949,0.12796305119991302,0.10040447860956192,0.06177210807800293,0.06847459077835083
img.00007392,0.9342761635780334,0.0025846362113952637,0.017186114564538002,0.004654768388718367,0.00279333908110857,0.015770699828863144,0.021366450935602188,0.0013677015667781234
img.00007084,0.11217306554317474,0.0803283303976059,0.06752359122037888,0.26852673292160034,0.07496929913759232,0.0963854193687439,0.2617456316947937,0.038347918540239334
img.00007393,0.030620289966464043,0.004396376665681601,0.009888999164104462,0.04534260928630829,0.03620816022157669,0.0036955096293240786,0.12045282870531082,0.7493952512741089
img.00007096,0.5609702467918396,0.03107287921011448,0.0888698399066925,0.05237715318799019,0.014478560537099838,0.10467503219842911,0.12365533411502838,0.023900916799902916
img.00007397,0.10360369831323624,0.048060569912195206,0.010932068340480328,0.029741689562797546,0.1815701723098755,0.015208856202661991,0.5776609778404236,0.033221952617168427
img.00007104,0.08279244601726532,0.028880249708890915,0.022350965067744255,0.05460250377655029,0.04182475432753563,0.01830059103667736,0.7251782417297363,0.02607032097876072
img.00007414,0.6324449777603149,0.14528405666351318,0.066728875041008,0.05927085503935814,0.003547231201082468,0.00267172884196043,0.0692376121878624,0.020814619958400726
img.00007105,0.6569910049438477,0.039754826575517654,0.03941578418016434,0.008317754603922367,0.0038124516140669584,0.012442606501281261,0.21603022515773773,0.023235272616147995
img.00007419,0.33091530203819275,0.03970479965209961,0.08516763895750046,0.11101581156253815,0.07899390161037445,0.017279764637351036,0.31115859746932983,0.025764189660549164
img.00007108,0.7112030386924744,0.01749596744775772,0.16736848652362823,0.008649077266454697,0.005622339900583029,0.008751125074923038,0.04516521096229553,0.03574482724070549
img.00007420,0.015725191682577133,0.026126911863684654,0.01866437867283821,0.047511763870716095,0.37443602085113525,0.06862650066614151,0.21483731269836426,0.23407192528247833
img.00007109,0.08320357650518417,0.042068008333444595,0.01753809303045273,0.4261736571788788,0.1520482748746872,0.00927405059337616,0.2515639364719391,0.018130378797650337
img.00007434,0.10976480692625046,0.003661051392555237,0.006682152394205332,0.013552617281675339,0.06279603391885757,0.2374197542667389,0.539980411529541,0.026143178343772888
img.00007119,0.5715351104736328,0.030168520286679268,0.0678824633359909,0.02971053309738636,0.0284939706325531,0.21879839897155762,0.0335717499256134,0.019839243963360786
img.00007436,0.33232638239860535,0.5440294742584229,0.0239187553524971,0.005259665194898844,0.04478520527482033,0.010004624724388123,0.02423424832522869,0.015441658906638622
img.00007126,0.13824345171451569,0.11417218297719955,0.04868175461888313,0.46326878666877747,0.06180906295776367,0.08782032877206802,0.05259527638554573,0.03340916708111763
img.00007441,0.024924222379922867,0.008325896225869656,0.006313036661595106,0.7627946138381958,0.09260032325983047,0.005581248551607132,0.09073899686336517,0.008721665479242802
img.00007130,0.5168094635009766,0.03929836302995682,0.03981330618262291,0.06982472538948059,0.24396197497844696,0.010004495270550251,0.03140382468700409,0.048883870244026184
img.00007448,0.9053177237510681,0.011225396767258644,0.013940267264842987,0.004193788394331932,0.0011241815518587828,0.008259910158813,0.05052737146615982,0.005411379039287567
img.00007131,0.24589507281780243,0.3743401765823364,0.34485265612602234,0.002273081336170435,0.0009194384329020977,0.0011931232875213027,0.019588066264986992,0.010938362218439579
img.00007456,0.8248569369316101,0.02731497399508953,0.08551439642906189,0.017791494727134705,0.0013639784883707762,0.013214075937867165,0.012942325323820114,0.017001746222376823
img.00007141,0.4755406677722931,0.029826315119862556,0.2588575780391693,0.006354131270200014,0.017330272123217583,0.15691959857940674,0.026154275983572006,0.029017075896263123
img.00007466,0.04335474967956543,0.24867837131023407,0.015706781297922134,0.08412406593561172,0.1961100846529007,0.022576626390218735,0.1593959480524063,0.23005332052707672
img.00007146,0.1148739829659462,0.044834062457084656,0.0036129108630120754,0.018448902294039726,0.007742706686258316,0.0019312577787786722,0.7561692595481873,0.05238700658082962
img.00007470,0.10084323585033417,0.0366780087351799,0.03141209855675697,0.06688801944255829,0.028317157179117203,0.002872734796255827,0.7137404680252075,0.019248297438025475
img.00007149,0.4390610456466675,0.014454600401222706,0.1806221306324005,0.004461304750293493,0.006883738562464714,0.31661510467529297,0.01964901201426983,0.01825309917330742
img.00007472,0.36422795057296753,0.01727026142179966,0.0026032617315649986,0.4010525643825531,0.12914735078811646,0.0010984193067997694,0.08112505823373795,0.0034751063212752342
img.00007151,0.00960779283195734,0.9499378800392151,0.004994014278054237,0.007449235767126083,0.022015761584043503,0.0027572030667215586,0.0013253962388262153,0.0019126794068142772
img.00007478,0.38453638553619385,0.02104085311293602,0.22674033045768738,0.08561526983976364,0.043800827115774155,0.025228561833500862,0.08141698688268661,0.13162082433700562
img.00007155,0.04399728402495384,0.007709746714681387,0.006742785684764385,0.6861531734466553,0.09324796497821808,0.0014891995815560222,0.12492912262678146,0.035730693489313126
img.00007481,0.0018985108472406864,0.003533426206558943,0.002169335028156638,0.004723133984953165,0.007899313233792782,0.03567618876695633,0.9114465117454529,0.03265358507633209
img.00007158,0.5985040664672852,0.012405680492520332,0.15276941657066345,0.008924337103962898,0.0178122166544199,0.154835507273674,0.03486938774585724,0.019879398867487907
img.00007488,0.006437744479626417,0.002553931437432766,0.0016143243992701173,0.009071119129657745,0.006739187519997358,0.0003749150491785258,0.9642537832260132,0.008954991586506367
img.00007160,0.17977946996688843,0.007248384412378073,0.0006237233756110072,0.005454001482576132,0.010097055695950985,0.0024940725415945053,0.7912786602973938,0.003024668199941516
img.00007492,0.020477306097745895,0.006860986351966858,0.0022212292533367872,0.0027473417576402426,0.057371627539396286,0.04039308428764343,0.8083547353744507,0.06157369539141655
img.00007169,0.800956130027771,0.00475278589874506,0.11562921851873398,0.0040480284951627254,0.003260699799284339,0.028106117621064186,0.030590441077947617,0.012656605802476406
img.00007494,0.05848575755953789,0.7582256197929382,0.011924047023057938,0.014010312967002392,0.10943201184272766,0.0007468303083442152,0.038782764226198196,0.008392615243792534
img.00007171,0.08860882371664047,0.10423634201288223,0.005769400857388973,0.004946517758071423,0.004198725800961256,0.009557089768350124,0.7472567558288574,0.03542626276612282
img.00007495,0.08722556382417679,0.44586673378944397,0.07998312264680862,0.01684313267469406,0.165054589509964,0.08996208012104034,0.05130952596664429,0.06375522166490555
img.00007176,0.03809583559632301,0.8134627342224121,0.035529304295778275,0.019132142886519432,0.05566439405083656,0.014355252496898174,0.014132902957499027,0.009627408348023891
img.00007502,0.014550634659826756,0.013304914347827435,0.06309866160154343,0.08883196115493774,0.08790024369955063,0.022423556074500084,0.3011690080165863,0.408720999956131
img.00007183,0.2492467612028122,0.031128359958529472,0.09827177971601486,0.09175439924001694,0.09099584817886353,0.011788026429712772,0.39851832389831543,0.02829653024673462
img.00007508,0.09008114784955978,0.020599501207470894,0.16439345479011536,0.014869872480630875,0.18450814485549927,0.004161866381764412,0.07626885920763016,0.44511711597442627
img.00007188,0.03237034007906914,0.09234315156936646,0.7446464896202087,0.022758962586522102,0.0800834596157074,0.009102432057261467,0.005203295964747667,0.013491935096681118
img.00007513,0.4838838279247284,0.19963786005973816,0.22825217247009277,0.005081031005829573,0.007335205562412739,0.0072415596805512905,0.04584548622369766,0.022722801193594933
img.00007189,0.02932376228272915,0.03432556986808777,0.016500942409038544,0.0446724034845829,0.03515862673521042,0.002849835902452469,0.8337457776069641,0.0034230072051286697
img.00007518,0.1948489546775818,0.017258204519748688,0.02337569370865822,0.07688093185424805,0.02217589132487774,0.0079873688519001,0.18450899422168732,0.4729638993740082
img.00007194,0.0025072013959288597,0.011775629594922066,0.018142005428671837,0.01628733053803444,0.06296032667160034,0.07038354873657227,0.08201971650123596,0.7359243035316467
img.00007520,0.02407156676054001,0.9304709434509277,0.03449883684515953,0.0018813180504366755,0.0016139241633936763,0.0003410454373806715,0.003293541958555579,0.0038287967909127474
img.00007198,0.15576423704624176,0.1601942479610443,0.040535785257816315,0.05952192842960358,0.08085701614618301,0.009566771797835827,0.4891984164714813,0.0043616145849227905
img.00007522,0.003168097697198391,0.008340873755514622,0.0035099564120173454,0.0033447565510869026,0.006923018954694271,0.007684445474296808,0.9425511360168457,0.024477776139974594
img.00007200,0.007333523593842983,0.0072273812256753445,0.008004182949662209,0.9593234062194824,0.00440611457452178,0.0012889134231954813,0.002741253701969981,0.009675229899585247
img.00007527,0.0012565675424411893,0.0016421929467469454,0.0009558923775330186,0.0016415056306868792,0.004023500252515078,0.04613519832491875,0.9428402185440063,0.0015048520872369409
img.00007208,0.513373851776123,0.010143284685909748,0.004167576320469379,0.036005765199661255,0.015465844422578812,0.009716815315186977,0.4074038863182068,0.003722985740751028
img.00007533,0.010029035620391369,0.004460446536540985,0.0015740388771519065,0.006539932917803526,0.012544235214591026,0.020708482712507248,0.8344894647598267,0.10965435951948166
img.00007210,0.3753519356250763,0.02017480693757534,0.07051791995763779,0.09008532017469406,0.12846462428569794,0.01775803044438362,0.25583672523498535,0.04181067273020744
img.00007534,0.33108559250831604,0.004306376446038485,0.0015544770285487175,0.011301562190055847,0.025036761537194252,0.004479906987398863,0.6186473965644836,0.0035879453644156456
img.00007216,0.6638967990875244,0.007897578179836273,0.017541827633976936,0.012447349727153778,0.013810168020427227,0.004825269803404808,0.2708625793457031,0.008718464523553848
img.00007538,0.023195989429950714,0.013026157394051552,0.004254497587680817,0.01995440572500229,0.09261249750852585,0.008137010037899017,0.8126718997955322,0.026147522032260895
img.00007219,0.021302051842212677,0.26015704870224,0.17942672967910767,0.03767237439751625,0.12579406797885895,0.00972446333616972,0.2997058629989624,0.06621743738651276
img.00007548,0.0058144330978393555,0.00019784150936175138,0.0002976406249217689,0.0006445361068472266,0.0007242036517709494,0.002916529309004545,0.9890986680984497,0.0003061372262891382
img.00007237,0.2986629903316498,0.12675228714942932,0.012984538450837135,0.31053540110588074,0.05271696299314499,0.025244327262043953,0.1458466649055481,0.027256924659013748
img.00007549,0.6451971530914307,0.0867123231291771,0.022203445434570312,0.21404464542865753,0.007726890034973621,0.004312389530241489,0.016206560656428337,0.0035966048017144203
img.00007241,0.19706127047538757,0.13987675309181213,0.012633224949240685,0.1444384604692459,0.1218406930565834,0.037603624165058136,0.3125612735748291,0.03398465737700462
img.00007553,0.0006087510264478624,0.00020096411753911525,0.00012128294474678114,0.0019707411993294954,0.04747863858938217,0.00045206211507320404,0.944678783416748,0.004488691687583923
img.00007242,0.17886537313461304,0.3741847574710846,0.1633271425962448,0.04632866382598877,0.034879785031080246,0.07410471141338348,0.09672296047210693,0.03158656880259514
img.00007555,0.05154646933078766,0.08969536423683167,0.10395187884569168,0.14970488846302032,0.31230148673057556,0.0375903882086277,0.09428683668375015,0.16092269122600555
img.00007258,0.07216878980398178,0.01710248738527298,0.006650116760283709,0.01651947572827339,0.29544395208358765,0.03289865329861641,0.5456034541130066,0.013613165356218815
img.00007558,0.024497482925653458,0.1930284947156906,0.05981142818927765,0.006193492561578751,0.0028998018242418766,0.0038831732235848904,0.4770021140575409,0.23268403112888336
img.00007263,0.003757833270356059,0.05238576605916023,0.001738595892675221,0.008433880284428596,0.8698593974113464,0.005090454127639532,0.0557703971862793,0.0029636737890541553
img.00007559,0.02996353805065155,0.04079173132777214,0.009588198736310005,0.05325952172279358,0.14602835476398468,0.004652018658816814,0.6318466663360596,0.08387003093957901
img.00007266,0.050035689026117325,0.05589332431554794,0.005580746568739414,0.0475006140768528,0.8027496933937073,0.0026288898661732674,0.031724486500024796,0.003886546241119504
img.00007561,0.29694268107414246,0.22020867466926575,0.08059477061033249,0.06054330989718437,0.004559006076306105,0.016390899196267128,0.2720925509929657,0.04866814985871315
img.00007267,0.04180009663105011,0.0030370482709258795,0.007191086187958717,0.17879728972911835,0.02977457456290722,0.008865062147378922,0.7207396030426025,0.009795278310775757
img.00007562,0.21317307651042938,0.41540974378585815,0.02655710279941559,0.013105085119605064,0.01254153624176979,0.008910465054214,0.24033847451210022,0.06996452063322067
img.00007275,0.08195403963327408,0.02389095164835453,0.011563521809875965,0.012220465578138828,0.08097157627344131,0.025233933702111244,0.280923455953598,0.4832420349121094
img.00007563,0.005278442054986954,0.006949685513973236,0.001643501571379602,0.007107992190867662,0.09504321962594986,0.0162948165088892,0.8089575171470642,0.058724746108055115
img.00007276,0.06328562647104263,0.01424519531428814,0.024583779275417328,0.15879280865192413,0.11789730191230774,0.02735600247979164,0.5688307881355286,0.025008486583828926
img.00007568,0.001983694266527891,0.9900762438774109,0.002726108068600297,0.0004724080499727279,0.0024676965549588203,0.00012412405340000987,0.0008603468886576593,0.0012893424136564136
img.00007280,0.0002756894682534039,0.00010616579675115645,1.6730688003008254e-05,0.00040590157732367516,0.029385173693299294,0.000600032159127295,0.968865692615509,0.0003445040783844888
img.00007570,0.008213999681174755,0.0156529750674963,0.011924408376216888,0.007883391343057156,0.033241305500268936,0.006729783955961466,0.24065859615802765,0.675695538520813
img.00007289,0.4821878671646118,0.23991303145885468,0.05335443839430809,0.009420067071914673,0.0011307838140055537,0.16788357496261597,0.032196879386901855,0.013913333415985107
img.00007578,0.15219733119010925,0.021699238568544388,0.052302464842796326,0.48679119348526,0.05645352602005005,0.002296110149472952,0.22348442673683167,0.004775747656822205
img.00007295,0.017241060733795166,0.0015206129755824804,0.0011187762720510364,0.06205889582633972,0.06895656138658524,0.003555048257112503,0.8400014638900757,0.005547584965825081
img.00007588,0.009826733730733395,0.09801337867975235,0.007950986735522747,0.014997865073382854,0.04338502883911133,0.008048747666180134,0.6883618235588074,0.12941548228263855
img.00007308,0.6498149633407593,0.03316425532102585,0.048417918384075165,0.09382714331150055,0.013203012757003307,0.11337314546108246,0.03741411119699478,0.010785442776978016
img.00007592,0.025946449488401413,0.01294122077524662,0.012151826173067093,0.7764751315116882,0.014135134406387806,0.007080260198563337,0.06131652742624283,0.08995340764522552
img.00007314,0.8052175045013428,0.01064616721123457,0.030951976776123047,0.007576631382107735,0.010779969394207,0.1261843591928482,0.006293999031186104,0.002349338959902525
img.00007595,0.009320598095655441,0.09097407013177872,0.010070513933897018,0.0030003744177520275,0.012191500514745712,0.0027840205002576113,0.8410041928291321,0.03065476380288601
img.00007319,0.8367953300476074,0.020585553720593452,0.07445834577083588,0.026389870792627335,0.003952268045395613,0.01844051107764244,0.004262662958353758,0.015115507878363132
img.00007610,0.09001114219427109,0.40758728981018066,0.08130624890327454,0.027996664866805077,0.02382804825901985,0.008886085823178291,0.0914403423666954,0.2689441442489624
img.00007321,0.02303018793463707,0.018181269988417625,0.01193272229284048,0.028213515877723694,0.040569521486759186,0.011178326793015003,0.05797233432531357,0.8089221119880676
img.00007615,0.19308027625083923,0.10721861571073532,0.015810571610927582,0.02002990059554577,0.009237445890903473,0.008755509741604328,0.6345910429954529,0.011276647448539734
img.00007337,0.5952915549278259,0.001354432781226933,0.0015523748006671667,0.01113283820450306,0.0027982881292700768,0.0018942399183288217,0.3847644329071045,0.0012118903687223792
img.00007618,0.02753564901649952,0.03449053689837456,0.005835401359945536,0.04207684099674225,0.38458579778671265,0.007250240538269281,0.21603244543075562,0.28219303488731384
img.00007350,0.15799908339977264,0.0127947386354208,0.034093573689460754,0.06414434313774109,0.05618525296449661,0.0027208374813199043,0.660040020942688,0.012022187002003193
img.00008064,0.4265342354774475,0.06199229508638382,0.0826507955789566,0.05597066134214401,0.019214855507016182,0.06693777441978455,0.2433103322982788,0.0433889776468277
img.00007622,0.02630060352385044,0.009125322103500366,0.028531430289149284,0.07557864487171173,0.307273268699646,0.008326174691319466,0.2678782641887665,0.2769862711429596
img.00007858,0.055417802184820175,0.6851599812507629,0.01689382828772068,0.03379953280091286,0.0031160106882452965,0.012316064909100533,0.14223730564117432,0.05105952173471451
img.00007623,0.05256125330924988,0.4793398380279541,0.01950041949748993,0.030765684321522713,0.15361854434013367,0.019381187856197357,0.17510713636875153,0.06972602009773254
img.00007848,0.01615004427731037,0.13453267514705658,0.03462212532758713,0.018970999866724014,0.06924807280302048,0.07858413457870483,0.1428031176328659,0.5050888061523438
img.00007629,0.06440083682537079,0.009354609996080399,0.0020160828717052937,0.03659012168645859,0.029006388038396835,0.006450960412621498,0.8503752946853638,0.0018057553097605705
img.00007859,0.11304594576358795,0.08304993063211441,0.06371267139911652,0.07304596155881882,0.022851765155792236,0.015361655503511429,0.4115293622016907,0.21740266680717468
img.00007632,0.0056005422957241535,0.006297186482697725,0.00039079130510799587,0.0021739148069173098,0.005698310676962137,0.007508905604481697,0.9695557355880737,0.0027745403349399567
img.00007860,0.0014704711502417922,0.0009968059603124857,0.0001961111556738615,0.0019318576669320464,0.014236238785088062,0.0027523061726242304,0.9763917326927185,0.002024537418037653
img.00007633,0.6008620858192444,0.036529798060655594,0.04279785230755806,0.03184663504362106,0.019122565165162086,0.11426626145839691,0.12085262686014175,0.03372214734554291
img.00007861,0.069400854408741,0.04212931543588638,0.022864526137709618,0.09123077243566513,0.19779105484485626,0.0127203818410635,0.2271442413330078,0.3367188572883606
img.00007636,0.4290405511856079,0.010158488526940346,0.03944043442606926,0.10894890129566193,0.06164008751511574,0.06109859421849251,0.1717401146888733,0.11793270707130432
img.00007864,0.6776421070098877,0.009279142133891582,0.023847978562116623,0.02856481447815895,0.008285223506391048,0.005119607783854008,0.22561468183994293,0.02164648473262787
img.00007647,0.40578511357307434,0.19520211219787598,0.10497359186410904,0.10313824564218521,0.036602526903152466,0.06465382128953934,0.04601403698325157,0.04363057389855385
img.00007869,0.011066339910030365,0.0018515388946980238,0.0013733189553022385,0.0020067207515239716,0.0135921910405159,0.013254796154797077,0.9520599842071533,0.00479524489492178
img.00007652,0.5246034264564514,0.1951533406972885,0.04696010798215866,0.045450709760189056,0.02295628748834133,0.11030488461256027,0.03271788731217384,0.021853411570191383
img.00007873,0.0028999929782003164,0.00106171821244061,0.0005298833712004125,0.0007631124462932348,0.0035820927005261183,0.007841698825359344,0.9811065196990967,0.002214860636740923
img.00007659,0.026470329612493515,0.006481073331087828,0.0017176966648548841,0.019177831709384918,0.01986212469637394,0.012234048917889595,0.892645537853241,0.021411322057247162
img.00007874,0.10943686962127686,0.6273019313812256,0.045697037130594254,0.027571648359298706,0.004190512001514435,0.007719272281974554,0.1316366046667099,0.04644608125090599
img.00007662,0.06152988225221634,0.025915900245308876,0.06517795473337173,0.5716609954833984,0.16115711629390717,0.0022795596159994602,0.01671823486685753,0.09556031227111816
img.00007875,0.3744032680988312,0.05791285261511803,0.276570588350296,0.1090753972530365,0.06556181609630585,0.03225959092378616,0.03791026398539543,0.046306222677230835
img.00007663,0.011012118309736252,0.0016220506513491273,0.0014854249311611056,0.006225746590644121,0.015515033155679703,0.0007212181226350367,0.9624747037887573,0.0009437492699362338
img.00007887,0.012181148864328861,0.8307492136955261,0.012813358567655087,0.002754723187536001,0.00665117334574461,0.004091696348041296,0.1191604807972908,0.011598270386457443
img.00007666,0.0735342726111412,0.39327362179756165,0.13922376930713654,0.01699930615723133,0.018987586721777916,0.0018588351085782051,0.24183231592178345,0.1142902746796608
img.00007888,0.05257350206375122,0.2660936117172241,0.04404154047369957,0.050075992941856384,0.45960894227027893,0.00787693727761507,0.08674608170986176,0.03298327699303627
img.00007667,0.007430091965943575,0.005298119969666004,0.004004756920039654,0.03858403488993645,0.43405696749687195,0.00230966554954648,0.43553268909454346,0.0727836936712265
img.00007891,0.045071348547935486,0.005830070003867149,0.009818518534302711,0.08036118000745773,0.005906896665692329,0.0020799345802515745,0.846267580986023,0.004664427600800991
img.00007672,0.019952785223722458,0.01652044989168644,0.01671343669295311,0.03359024226665497,0.07882607728242874,0.010466387495398521,0.7635543942451477,0.060376234352588654
img.00007895,0.2376929074525833,0.2596064507961273,0.013821006752550602,0.12959763407707214,0.08827047049999237,0.015016309916973114,0.16957896947860718,0.08641628921031952
img.00007677,0.025127921253442764,0.4148106575012207,0.0664818286895752,0.25375422835350037,0.09354691207408905,0.006036639213562012,0.10081098228693008,0.0394308902323246
img.00007903,0.008028483018279076,0.0037517142482101917,0.0009208576520904899,0.0023075833451002836,0.048811983317136765,0.004849324468523264,0.8998019695281982,0.03152812272310257
img.00007679,0.07317459583282471,0.1530979424715042,0.13161329925060272,0.10705357044935226,0.08896167576313019,0.18421772122383118,0.05637940391898155,0.2055017352104187
img.00007908,0.07880381494760513,0.02696823701262474,0.0029645978938788176,0.023408444598317146,0.042278971523046494,0.011339797638356686,0.764901876449585,0.04933420941233635
img.00007684,0.006765756756067276,0.007096184883266687,0.0032993117347359657,0.017422925680875778,0.18268942832946777,0.0014565084129571915,0.6940428018569946,0.08722706884145737
img.00007912,0.01632145419716835,0.03692696988582611,0.005925412755459547,0.07316524535417557,0.7054219245910645,0.004626058042049408,0.094163678586483,0.06344933807849884
img.00007685,0.17188334465026855,0.15013450384140015,0.007403253111988306,0.19508197903633118,0.09473755955696106,0.02736061066389084,0.34878823161125183,0.004610524512827396
img.00007915,0.19386951625347137,0.005316591821610928,0.016567599028348923,0.026732012629508972,0.06055941432714462,0.020694365724921227,0.5937269926071167,0.08253354579210281
img.00007686,0.013856710866093636,0.11782176047563553,0.0037382037844508886,0.01047728955745697,0.040483467280864716,0.011107029393315315,0.722732424736023,0.07978305220603943
img.00007916,0.04019841551780701,0.06520144641399384,0.03316956013441086,0.09919388592243195,0.15874439477920532,0.09880714118480682,0.09425420314073563,0.410430908203125
img.00007688,0.013966868631541729,0.0015719510847702622,0.002196231624111533,0.002784633543342352,0.009198261424899101,0.013683624565601349,0.9258737564086914,0.030724724754691124
img.00007917,0.09540775418281555,0.05486173927783966,0.0021900255233049393,0.07666773349046707,0.05113598331809044,0.02814643085002899,0.6520767211914062,0.039513662457466125
img.00007690,0.0035584857687354088,0.006959646008908749,0.00033052387880161405,0.0032290765084326267,0.05171400308609009,0.02140238508582115,0.9060242772102356,0.006781651172786951
img.00007919,0.12235718965530396,0.3594253957271576,0.05504674091935158,0.09343653172254562,0.09866896271705627,0.004593172110617161,0.17312827706336975,0.09334374219179153
img.00007693,0.0022459961473941803,0.0009281254606321454,0.00036913948133587837,0.0017527737654745579,0.002342840423807502,0.0021654923912137747,0.9894634485244751,0.000732057320419699
img.00007921,0.004015401005744934,0.9799884557723999,0.006976136937737465,0.0015621394850313663,0.002200056565925479,8.048151357797906e-05,0.0038791815750300884,0.0012981405016034842
img.00007697,0.11529655009508133,0.04750729352235794,0.04268673062324524,0.2699522078037262,0.11773958057165146,0.017373831942677498,0.35529032349586487,0.03415345400571823
img.00007934,0.015710122883319855,0.2164914757013321,0.0016424695495516062,0.004303592257201672,0.05940184369683266,0.039532728493213654,0.6554871201515198,0.007430631667375565
img.00007700,0.04340873658657074,0.5210198163986206,0.019642014056444168,0.0025088521651923656,0.010209332220256329,0.006789005361497402,0.12167409807443619,0.27474814653396606
img.00007936,0.08392568677663803,0.3096630573272705,0.03701935335993767,0.08832677453756332,0.30164670944213867,0.009317572228610516,0.055015504360198975,0.11508531123399734
img.00007704,0.11159508675336838,0.021210724487900734,0.020929832011461258,0.032881855964660645,0.4051324129104614,0.014261597767472267,0.3403451442718506,0.05364334210753441
img.00007938,0.3326619863510132,0.1243709921836853,0.08179140090942383,0.04537232220172882,0.0819309875369072,0.1183609887957573,0.15854454040527344,0.056966785341501236
img.00007709,0.05668063834309578,0.08568760007619858,0.028453214094042778,0.36069533228874207,0.14418746531009674,0.01550736278295517,0.21602611243724823,0.09276221692562103
img.00007942,0.008776656351983547,0.03344195336103439,0.003919791895896196,0.016906561329960823,0.1953940987586975,0.009363645687699318,0.5487485527992249,0.1834486871957779
img.00007712,0.0644766166806221,0.015376628376543522,0.011514951474964619,0.04703933745622635,0.04491684213280678,0.005093487910926342,0.7998042702674866,0.011777878738939762
img.00007946,0.0314033180475235,0.04166010767221451,0.5970579385757446,0.2191382795572281,0.009456995874643326,0.0016878583701327443,0.02726370096206665,0.07233177125453949
img.00007717,0.046403855085372925,0.01356533169746399,0.0037520613986998796,0.013397269882261753,0.023487549275159836,0.007766807451844215,0.8838788866996765,0.007748227566480637
img.00007950,0.09773138165473938,0.392825722694397,0.18175548315048218,0.26889002323150635,0.022485656663775444,0.014800160191953182,0.011030113324522972,0.010481507517397404
img.00007719,0.023354925215244293,0.0069651734083890915,0.009004471823573112,0.006683735642582178,0.020507000386714935,0.2979920506477356,0.6207544803619385,0.01473809964954853
img.00007955,0.052453260868787766,0.16606123745441437,0.24727803468704224,0.044721007347106934,0.3754180371761322,0.009491116739809513,0.05893388018012047,0.04564344882965088
img.00007722,0.7318356037139893,0.04690421000123024,0.06377901136875153,0.03337849676609039,0.011249304749071598,0.02295837737619877,0.030228666961193085,0.059666331857442856
img.00007963,0.22315210103988647,0.057674672454595566,0.26469287276268005,0.01899426430463791,0.3294885456562042,0.006510960403829813,0.06044080853462219,0.03904576972126961
img.00007726,0.0260061826556921,0.013026779517531395,0.004255384206771851,0.029917599633336067,0.06635548919439316,0.006551238242536783,0.8460648059844971,0.007822506129741669
img.00007968,0.0010678122052922845,0.000378925702534616,0.00016263109864667058,0.0010116236517205834,0.004407137632369995,0.0076348260045051575,0.9841459393501282,0.0011911771725863218
img.00007728,0.17141258716583252,0.019385311752557755,0.041935261338949203,0.2608127295970917,0.24688154458999634,0.00886320136487484,0.20323395729064941,0.04747539758682251
img.00007975,0.16311104595661163,0.033904410898685455,0.019494356587529182,0.05733073502779007,0.02061375044286251,0.030907196924090385,0.6595199108123779,0.015118575654923916
img.00007746,0.10991612821817398,0.10605277866125107,0.0015761718386784196,0.0021167939994484186,0.027241060510277748,0.011536870151758194,0.7361014485359192,0.005458682309836149
img.00007982,0.010714633390307426,0.01757470704615116,0.030410096049308777,0.12226809561252594,0.5970366597175598,0.0026657923590391874,0.06684169173240662,0.1524883210659027
img.00007749,0.017803210765123367,0.01064500492066145,0.0032873821910470724,0.051019493490457535,0.04757753759622574,0.012037280015647411,0.8543752431869507,0.003254820592701435
img.00007988,0.0006045631016604602,0.0006508895312435925,0.00016129063442349434,0.00547792250290513,0.014511838555335999,0.0006045927875675261,0.9502037763595581,0.027785062789916992
img.00007753,0.04567164555191994,0.1689561903476715,0.003531911177560687,0.008667012676596642,0.003307070815935731,0.007857544347643852,0.7342793941497803,0.027729270979762077
img.00007993,0.1799125224351883,0.07442482560873032,0.5943869352340698,0.026416167616844177,0.004263718146830797,0.0029078719671815634,0.015579086728394032,0.1021089032292366
img.00007755,0.08257398754358292,0.04014570638537407,0.003935691900551319,0.019322624430060387,0.008231591433286667,0.006004387978464365,0.8115423321723938,0.02824367582798004
img.00007994,0.08052781969308853,0.1395953744649887,0.6429241299629211,0.07011058926582336,0.011222808621823788,0.010363856330513954,0.033456601202487946,0.011798838153481483
img.00007756,0.1681395322084427,0.12699106335639954,0.1821012645959854,0.17512543499469757,0.041951317340135574,0.024675391614437103,0.27218323945999146,0.008832723833620548
img.00008009,0.09216342866420746,0.08333833515644073,0.01126100867986679,0.03380947187542915,0.16009509563446045,0.010333587415516376,0.4613087475299835,0.14769040048122406
img.00007757,0.004843532107770443,0.037416666746139526,0.0036961997393518686,0.0037265841383486986,0.9374870657920837,0.0034219862427562475,0.007050803396850824,0.002357159974053502
img.00008010,0.004696714226156473,0.9795694947242737,0.005680854432284832,0.0019645749125629663,0.004328039474785328,0.0005784772802144289,0.0025814813561737537,0.0006003554444760084
img.00007758,0.4860725402832031,0.010219764895737171,0.0026047155261039734,0.029011951759457588,0.0127369100227952,0.005575107876211405,0.45159637928009033,0.002182529540732503
img.00008012,0.17756760120391846,0.583781361579895,0.011045151390135288,0.023178597912192345,0.028414027765393257,0.003307419130578637,0.1223873421549797,0.05031844973564148
img.00007763,0.06749573349952698,0.04701073095202446,0.08258600533008575,0.10757633298635483,0.0292105283588171,0.05733953416347504,0.5951865315437317,0.013594619929790497
img.00008013,0.06025981158018112,0.06660196185112,0.474736750125885,0.06183560937643051,0.04242340102791786,0.03748590499162674,0.12291610240936279,0.13374051451683044
img.00007771,0.11505480855703354,0.09774340689182281,0.12092368304729462,0.15488961338996887,0.22119756042957306,0.07093533873558044,0.10896854102611542,0.11028698831796646
img.00008017,0.10196399688720703,0.6374215483665466,0.006354016717523336,0.02123352885246277,0.003519345074892044,0.0057013933546841145,0.1582297533750534,0.06557634472846985
img.00007779,0.014441031962633133,0.04012478142976761,0.0011763478396460414,0.04404822736978531,0.84659343957901,0.004918667487800121,0.04800325632095337,0.0006942650652490556
img.00008018,0.04031845182180405,0.09570007771253586,0.022511551156640053,0.014429247938096523,0.0350370779633522,0.010451770387589931,0.3723981976509094,0.40915361046791077
img.00007780,0.06255429983139038,0.06065613031387329,0.022050993517041206,0.07229422777891159,0.23604761064052582,0.018242541700601578,0.4619903266429901,0.06616391241550446
img.00008019,0.058357253670692444,0.29125094413757324,0.27626854181289673,0.07067754864692688,0.18868781626224518,0.009918078780174255,0.024097857996821404,0.0807419866323471
img.00007788,0.2690476179122925,0.4185129404067993,0.06283510476350784,0.02330443449318409,0.10635123401880264,0.008428002707660198,0.09522232413291931,0.01629839651286602
img.00008022,0.04180554673075676,0.07054292410612106,0.003301319433376193,0.0031822200398892164,0.020830169320106506,0.0037861058954149485,0.8296707272529602,0.02688099816441536
img.00007789,0.1632240265607834,0.6042357087135315,0.01409277692437172,0.008670337498188019,0.06752504408359528,0.08654836565256119,0.03340231254696846,0.022301314398646355
img.00008025,0.027818875387310982,0.06478237360715866,0.00763162923976779,0.010754776187241077,0.014108357019722462,0.007855106145143509,0.6564639806747437,0.2105848640203476
img.00007795,0.1079176813364029,0.5954370498657227,0.16280698776245117,0.018707815557718277,0.06864068657159805,0.005770381074398756,0.013350076042115688,0.027369264513254166
img.00008027,0.007920954376459122,0.0012458320707082748,0.0027431189082562923,0.005493266507983208,0.16568651795387268,0.007704541087150574,0.7178543210029602,0.09135150909423828
img.00007799,0.8387141227722168,0.020663585513830185,0.019367428496479988,0.01740765944123268,0.05464848130941391,0.036615677177906036,0.009064896032214165,0.003518163226544857
img.00008029,0.3920920193195343,0.055214397609233856,0.24317553639411926,0.20054179430007935,0.013142482377588749,0.02599564753472805,0.03871084749698639,0.031127264723181725
img.00007802,0.5021159648895264,0.008154981769621372,0.008460896089673042,0.46196508407592773,0.0037410291843116283,0.0014105932787060738,0.010225961916148663,0.00392551114782691
img.00008030,0.002571061486378312,0.001444140332750976,0.0011065925937145948,0.002085844287648797,0.004168231040239334,0.09539049118757248,0.8917150497436523,0.0015186088858172297
img.00007805,0.20562544465065002,0.0860111191868782,0.03431719169020653,0.11445262283086777,0.04346996173262596,0.026672067120671272,0.42096146941185,0.06849009543657303
img.00008035,0.009233847260475159,0.22714801132678986,0.021692320704460144,0.0053772712126374245,0.02656508982181549,0.003892183303833008,0.010345329530537128,0.6957458853721619
img.00007807,0.30511972308158875,0.061586637049913406,0.428072988986969,0.0057200114242732525,0.09225635975599289,0.00638965331017971,0.028261540457606316,0.07259313017129898
img.00008045,0.37376436591148376,0.014675870537757874,0.019786618649959564,0.03087017685174942,0.06939330697059631,0.02502773329615593,0.3922826051712036,0.0741993710398674
img.00007810,0.29066750407218933,0.0520763024687767,0.3475843369960785,0.15846288204193115,0.015208900906145573,0.03406494855880737,0.05654781311750412,0.04538731276988983
img.00008050,0.05231068283319473,0.010757401585578918,0.023256560787558556,0.15603341162204742,0.5609015226364136,0.0031314766965806484,0.050174035131931305,0.14343491196632385
img.00007818,0.004182521719485521,0.004300427623093128,0.001887654303573072,0.0035461310762912035,0.015961967408657074,0.0014652741374447942,0.9401112794876099,0.02854476496577263
img.00008052,0.024091457948088646,0.008230352774262428,0.0029258604627102613,0.011442841961979866,0.020691612735390663,0.007920228876173496,0.9119828343391418,0.01271469984203577
img.00007825,0.036213815212249756,0.0056513468734920025,0.004629112780094147,0.04392281547188759,0.36576542258262634,0.008229486644268036,0.5002730488777161,0.03531500697135925
img.00008056,0.35838696360588074,0.017836570739746094,0.13531044125556946,0.1717303842306137,0.010313399136066437,0.04764999449253082,0.24106915295124054,0.01770307496190071
img.00007827,0.07444114983081818,0.011875581927597523,0.006649673916399479,0.037978798151016235,0.12701557576656342,0.015271367505192757,0.6980901956558228,0.028677629306912422
img.00008061,0.09955484420061111,0.002387149492278695,0.0034261709079146385,0.14840206503868103,0.062369454652071,0.004668750800192356,0.6755251884460449,0.0036663655191659927
img.00007830,0.014493431895971298,0.11923056095838547,0.012123188935220242,0.056213658303022385,0.6969843506813049,0.010532201267778873,0.07006242126226425,0.02036018669605255
img.00008063,0.004968289285898209,0.04723842442035675,0.00273524085059762,0.002446449361741543,0.00778511306270957,0.008758975192904472,0.7202346920967102,0.205832839012146
img.00007836,0.2769528329372406,0.31835538148880005,0.015268632210791111,0.05610067397356033,0.10209059715270996,0.02509179338812828,0.18075038492679596,0.02538975700736046
img.00008641,0.0909632220864296,0.36039647459983826,0.2039460986852646,0.06149042397737503,0.0167643241584301,0.017440902069211006,0.14394748210906982,0.10505109280347824
img.00008067,0.9669306874275208,0.0030383344274014235,0.003936214838176966,0.00949844904243946,0.001935110311023891,0.006689568515866995,0.007135896012187004,0.0008357882034033537
img.00008339,0.004671985749155283,0.026239803060889244,0.01980675384402275,0.005089535377919674,0.04895502328872681,0.004915083292871714,0.1542080044746399,0.7361139059066772
img.00008068,0.310552179813385,0.012887523509562016,0.020328259095549583,0.04060664027929306,0.029346011579036713,0.029503576457500458,0.513809859752655,0.04296591132879257
img.00008333,0.12202773243188858,0.39447101950645447,0.026015454903244972,0.00990212894976139,0.29820603132247925,0.01071936171501875,0.12528976798057556,0.013368458487093449
img.00008074,0.7998595833778381,0.010978447273373604,0.017904944717884064,0.0056806039065122604,0.009328831918537617,0.01808011531829834,0.13456371426582336,0.0036038539838045835
img.00008344,0.7323666214942932,0.025098692625761032,0.020319391041994095,0.04466580972075462,0.03355376794934273,0.019876964390277863,0.062224168330430984,0.06189451366662979
img.00008084,0.32360708713531494,0.09665719419717789,0.2981374263763428,0.06451243162155151,0.02215927094221115,0.08764567971229553,0.027321964502334595,0.07995893061161041
img.00008347,0.08045116811990738,0.8315193057060242,0.04778864234685898,0.003041202435269952,0.011399763636291027,0.0051552955992519855,0.016132090240716934,0.00451250746846199
img.00008089,0.02308070845901966,0.04067336022853851,0.004204228520393372,0.0027026673778891563,0.011399095878005028,0.014275556430220604,0.7753717303276062,0.12829259037971497
img.00008350,0.6558926105499268,0.01976308971643448,0.19167611002922058,0.010098634287714958,0.010804603807628155,0.00709720142185688,0.07149039208889008,0.033177342265844345
img.00008092,0.5737361907958984,0.011915065348148346,0.003461892018094659,0.024789711460471153,0.013603678904473782,0.017582908272743225,0.35363104939460754,0.0012795192888006568
img.00008361,0.005018993746489286,0.022293977439403534,0.0014148913323879242,0.002653001109138131,0.014803275465965271,0.010309791192412376,0.4947153329849243,0.44879066944122314
img.00008093,0.07034803926944733,0.16714438796043396,0.020349983125925064,0.007721837610006332,0.009150096215307713,0.00454454543069005,0.5677427053451538,0.15299846231937408
img.00008367,0.012204133905470371,0.0037708107847720385,0.0038195066154003143,0.01595635712146759,0.04118749871850014,0.027351712808012962,0.839273989200592,0.05643594637513161
img.00008094,0.01567428559064865,0.006287064403295517,0.0013469476252794266,0.6433243155479431,0.18270337581634521,0.0008619757136330009,0.14722372591495514,0.002578273881226778
img.00008370,0.0023293152917176485,0.013880658894777298,0.00100081623531878,0.0017487943405285478,0.9250614643096924,0.005250024143606424,0.02142675779759884,0.029302144423127174
img.00008096,0.02828988805413246,0.003061901545152068,0.0014433360192924738,0.023291269317269325,0.01960654929280281,0.007516149897128344,0.9101284146308899,0.006662521976977587
img.00008371,0.10105060786008835,0.0035515199415385723,0.009414473548531532,0.10198263823986053,0.3124031126499176,0.0017540401313453913,0.46365901827812195,0.006184649653732777
img.00008102,0.036557845771312714,0.11406353116035461,0.023569492623209953,0.010837108828127384,0.08973066508769989,0.0207766592502594,0.39652779698371887,0.3079369068145752
img.00008373,0.37892845273017883,0.028401007875800133,0.019181743264198303,0.03341834619641304,0.1135246604681015,0.21929024159908295,0.17545443773269653,0.03180113434791565
img.00008105,0.03106979839503765,0.009976194240152836,0.004369659349322319,0.08280600607395172,0.045669492334127426,0.008414468728005886,0.8061175346374512,0.011576937511563301
img.00008378,0.07594224810600281,0.030560312792658806,0.01526670902967453,0.018324632197618484,0.2701808512210846,0.00915795098990202,0.5629441142082214,0.017623169347643852
img.00008108,0.009565245360136032,0.04763661324977875,0.003363604424521327,0.003767708782106638,0.03309264034032822,0.0064059169963002205,0.791869044303894,0.10429918020963669
img.00008379,0.7566532492637634,0.007357917260378599,0.018757428973913193,0.05373866856098175,0.027517441660165787,0.0008685526554472744,0.12814323604106903,0.006963519845157862
img.00008121,0.0007916787290014327,0.00019893253920599818,0.0002259551692986861,0.0012097409926354885,0.0038512167520821095,0.0010493771405890584,0.9921896457672119,0.0004834962310269475
img.00008381,0.0685591995716095,0.032587695866823196,0.08416169881820679,0.21550939977169037,0.037723734974861145,0.009453324601054192,0.42001333832740784,0.13199160993099213
img.00008129,0.08524508029222488,0.002549219410866499,0.0009756126091815531,0.013480805791914463,0.009281203150749207,0.05319514125585556,0.8332511782646179,0.0020216619595885277
img.00008384,0.0010992177994921803,0.011200190521776676,0.00029157637618482113,0.002794139087200165,0.6763961911201477,0.0015873451484367251,0.3059442937374115,0.0006871159421280026
img.00008131,0.028483610600233078,0.01898195408284664,0.0012596031883731484,0.0036645811051130295,0.026675090193748474,0.013053301721811295,0.8900314569473267,0.01785031333565712
img.00008387,0.26153361797332764,0.11759689450263977,0.04219328612089157,0.10771887749433517,0.17229636013507843,0.0011025440180674195,0.11159760504961014,0.18596084415912628
img.00008135,0.0339592881500721,0.03228922188282013,0.018857622519135475,0.0033113874960690737,0.009646862745285034,0.019153842702507973,0.5751857757568359,0.3075959384441376
img.00008388,0.09442872554063797,0.019920773804187775,0.007420774083584547,0.09771575033664703,0.05288056284189224,0.005595930386334658,0.7110429406166077,0.010994577780365944
img.00008143,0.07622212916612625,0.03761884197592735,0.35420528054237366,0.0239663515239954,0.014228754676878452,0.031570225954055786,0.11754340678453445,0.34464502334594727
img.00008392,0.009864610619843006,0.7026976943016052,0.019230060279369354,0.014699053950607777,0.04465842992067337,0.00814434140920639,0.0558965802192688,0.1448092758655548
img.00008146,0.03200841322541237,0.5112385749816895,0.07563350349664688,0.009895997121930122,0.12695837020874023,0.03180735930800438,0.02681538835167885,0.18564239144325256
img.00008397,0.06810452789068222,0.10707785934209824,0.20684511959552765,0.4567578434944153,0.06934080272912979,0.003187101101502776,0.013539625331759453,0.07514709234237671
img.00008147,0.27025702595710754,0.05502060800790787,0.03442404791712761,0.03385390713810921,0.01524620596319437,0.08459985256195068,0.4129581153392792,0.0936402678489685
img.00008403,0.33956971764564514,0.10140089690685272,0.026722842827439308,0.06634287536144257,0.05102435499429703,0.16434501111507416,0.20226646959781647,0.04832787811756134
img.00008148,0.3219653367996216,0.031574834138154984,0.05609971284866333,0.43048331141471863,0.03588199242949486,0.003783525200560689,0.10479698330163956,0.015414225868880749
img.00008421,0.19045403599739075,0.6080847382545471,0.021915586665272713,0.028187759220600128,0.05570969730615616,0.029969165101647377,0.05765916034579277,0.008019819855690002
img.00008149,0.3981751799583435,0.027209853753447533,0.024937063455581665,0.02120973728597164,0.0837433934211731,0.03756265342235565,0.29995816946029663,0.10720399767160416
img.00008436,0.1768229901790619,0.17664451897144318,0.038194213062524796,0.09628015011548996,0.3496343195438385,0.01854538731276989,0.09582436084747314,0.04805402457714081
img.00008150,0.11576640605926514,0.08350437134504318,0.019715504720807076,0.10156340897083282,0.035846542567014694,0.010211821645498276,0.6221423745155334,0.011249663308262825
img.00008445,0.07148399949073792,0.018096715211868286,0.041487641632556915,0.0034341991413384676,0.005304157733917236,0.04756636917591095,0.8056977391242981,0.00692918011918664
img.00008156,0.046299856156110764,0.056413520127534866,0.017379483208060265,0.0037534937728196383,0.008791896514594555,0.017092978581786156,0.622390627861023,0.22787825763225555
img.00008450,0.39885634183883667,0.021505264565348625,0.003461601212620735,0.03695131838321686,0.02884528785943985,0.0078501645475626,0.4997319281101227,0.0027981724124401808
img.00008162,0.24815203249454498,0.013350063934922218,0.008928455412387848,0.1561705321073532,0.03801538795232773,0.02096252143383026,0.49935251474380493,0.015068508684635162
img.00008455,0.4525621235370636,0.10984465479850769,0.2716180980205536,0.07592505216598511,0.02754519134759903,0.014336788095533848,0.010414563119411469,0.037753526121377945
img.00008168,0.0530882366001606,0.04809557646512985,0.15665240585803986,0.10614120960235596,0.06473594903945923,0.004912800155580044,0.02085527591407299,0.5455185770988464
img.00008466,0.3881978392601013,0.14881139993667603,0.17101506888866425,0.03604203835129738,0.01612088456749916,0.007229901384562254,0.20738956332206726,0.025193320587277412
img.00008170,0.45504143834114075,0.055948011577129364,0.04705001041293144,0.22715838253498077,0.0568576455116272,0.005129691679030657,0.10940174758434296,0.043413057923316956
img.00008472,0.03146244212985039,0.04402132332324982,0.09294205904006958,0.14035698771476746,0.19993220269680023,0.010151617228984833,0.02201218716800213,0.45912113785743713
img.00008191,0.06708244234323502,0.049442995339632034,0.03460614010691643,0.04938599094748497,0.23967133462429047,0.0017752650892361999,0.25518709421157837,0.3028487265110016
img.00008476,0.060167714953422546,0.007356495130807161,0.009438348934054375,0.005690999794751406,0.033720143139362335,0.009833812713623047,0.8520530462265015,0.02173946052789688
img.00008195,0.35969287157058716,0.1303238570690155,0.026566781103610992,0.15738844871520996,0.10466796159744263,0.002793858991935849,0.16766735911369324,0.050898872315883636
img.00008482,0.7053574323654175,0.0426301434636116,0.022910119965672493,0.0897064059972763,0.016490569338202477,0.012745620682835579,0.10542535036802292,0.004734366666525602
img.00008203,0.13255611062049866,0.023186063393950462,0.01707686297595501,0.021774541586637497,0.03418534994125366,0.001667050295509398,0.7373030781745911,0.03225089609622955
img.00008495,0.3086840510368347,0.0015248622512444854,0.009670418687164783,0.002088096458464861,0.01994638331234455,0.07316114753484726,0.5824199914932251,0.0025050595868378878
img.00008210,0.150271475315094,0.1377931833267212,0.13551604747772217,0.06256174296140671,0.1528502106666565,0.009411746636033058,0.09152195602655411,0.26007357239723206
img.00008506,0.050748053938150406,0.30566665530204773,0.07623950392007828,0.0755116268992424,0.052311159670352936,0.033804718405008316,0.25998398661613464,0.14573433995246887
img.00008211,0.3755546510219574,0.05783987417817116,0.49629056453704834,0.012773740105330944,0.005439479369670153,0.03295223042368889,0.009447629563510418,0.00970180332660675
img.00008509,0.07862066477537155,0.0017306816298514605,0.0021047755144536495,0.09102043509483337,0.03239857405424118,0.001716004335321486,0.7245265245437622,0.06788236647844315
img.00008212,0.46847933530807495,0.2647612690925598,0.18867141008377075,0.015273376367986202,0.00878533162176609,0.006652942858636379,0.019716409966349602,0.027659958228468895
img.00008511,0.24023540318012238,0.5972121953964233,0.043232064694166183,0.019348911941051483,0.034123826771974564,0.00984053872525692,0.02994106523692608,0.026065994054079056
img.00008215,0.15773914754390717,0.0016911337152123451,0.00038031337317079306,0.8357158303260803,0.0025088442489504814,0.000324326625559479,0.0015079905278980732,0.00013247790047898889
img.00008514,0.1040058508515358,0.36124134063720703,0.05809837579727173,0.04109366610646248,0.04471617564558983,0.00495176063850522,0.272427499294281,0.11346522718667984
img.00008223,0.5500290989875793,0.03876250237226486,0.022446395829319954,0.2693498432636261,0.037413258105516434,0.002241077134385705,0.0351107157766819,0.04464717209339142
img.00008522,0.029257526621222496,0.2030331790447235,0.027666261419653893,0.01282679382711649,0.07951456308364868,0.006179471034556627,0.07560920715332031,0.5659129619598389
img.00008228,0.0372474305331707,0.03764401748776436,0.004418327938765287,0.043274495750665665,0.10638764500617981,0.005508418660610914,0.7307964563369751,0.03472314029932022
img.00008523,0.05225963890552521,0.08754920959472656,0.13634902238845825,0.05039992555975914,0.02985880896449089,0.03148655220866203,0.18088825047016144,0.4312085509300232
img.00008229,0.32118797302246094,0.15187545120716095,0.09151016920804977,0.09954587370157242,0.06876987963914871,0.00263168103992939,0.04705642908811569,0.2174224853515625
img.00008536,0.0015274198958650231,0.004166074097156525,0.04428539425134659,0.0009456952102482319,0.0016756878467276692,0.0005239779129624367,0.0021044157911092043,0.9447712898254395
img.00008234,0.11011885106563568,0.010990142822265625,0.16835607588291168,0.06849025189876556,0.039777085185050964,0.009523862972855568,0.01777663081884384,0.5749672055244446
img.00008549,0.5764238834381104,0.07673157006502151,0.11833372712135315,0.008424566127359867,0.014451857656240463,0.039197467267513275,0.07152948528528214,0.09490744769573212
img.00008238,0.5581034421920776,0.27531102299690247,0.011670530773699284,0.042185671627521515,0.011092212051153183,0.005695462226867676,0.06310253590345383,0.03283914178609848
img.00008551,0.03400692716240883,0.07345318049192429,0.09326764941215515,0.023376576602458954,0.013800292275846004,0.008897690102458,0.4342651665210724,0.31893256306648254
img.00008239,0.0054467529989778996,0.0018154726130887866,0.0004076157056260854,0.01648298278450966,0.21409344673156738,0.00921251904219389,0.71466064453125,0.03788050264120102
img.00008553,0.9638271331787109,0.010420824401080608,0.008695842698216438,0.010341489687561989,0.0006801775307394564,0.0012038202257826924,0.004310671705752611,0.0005200659506954253
img.00008244,0.0676095262169838,0.0018943322356790304,0.0020048620644956827,0.07370486855506897,0.19877998530864716,0.055670011788606644,0.579990565776825,0.020345918834209442
img.00008555,0.02353440411388874,0.12177486717700958,0.005545999854803085,0.02752619795501232,0.4708629548549652,0.004079108592122793,0.3118142783641815,0.03486224263906479
img.00008245,0.32485371828079224,0.1528283953666687,0.09231596440076828,0.0789278969168663,0.07639149576425552,0.0028674774803221226,0.017329247668385506,0.25448572635650635
img.00008562,0.027619635686278343,0.019058039411902428,0.0042987703345716,0.014850200153887272,0.15421786904335022,0.0020339880138635635,0.7520239353179932,0.02589760348200798
img.00008247,0.027159975841641426,0.07905928045511246,0.1761220246553421,0.030260801315307617,0.34252631664276123,0.012949726544320583,0.16459019482135773,0.16733157634735107
img.00008568,0.4421263337135315,0.06672494858503342,0.03658486530184746,0.09447925537824631,0.028112532570958138,0.12663009762763977,0.16024452447891235,0.04509741812944412
img.00008248,0.21452833712100983,0.40216389298439026,0.3376178443431854,0.01723235286772251,0.0014378210762515664,0.004972212016582489,0.0018095733830705285,0.0202378761023283
img.00008569,0.049818769097328186,0.0021092325914651155,0.0033602577168494463,0.004192274063825607,0.10399462282657623,0.02534293942153454,0.7698788642883301,0.04130309820175171
img.00008254,0.41324156522750854,0.10702263563871384,0.008214266039431095,0.03386307880282402,0.017182057723402977,0.0037517985329031944,0.3943750560283661,0.022349508479237556
img.00008572,0.27143779397010803,0.07215994596481323,0.021328561007976532,0.01327058207243681,0.03339279815554619,0.12593810260295868,0.4273666739463806,0.03510548546910286
img.00008255,0.1095484122633934,0.3191927671432495,0.5161862373352051,0.023253431543707848,0.0037909001111984253,0.004821508191525936,0.007312909699976444,0.015893809497356415
img.00008580,0.27946504950523376,0.15325957536697388,0.26054972410202026,0.09239187091588974,0.006524255499243736,0.003096802392974496,0.09818246960639954,0.10653021186590195
img.00008258,0.30797234177589417,0.1510019600391388,0.38860076665878296,0.018532926216721535,0.006062840111553669,0.017279159277677536,0.018955010920763016,0.09159508347511292
img.00008593,0.8541820645332336,0.015979014337062836,0.018969371914863586,0.019034693017601967,0.0034872828982770443,0.06659552454948425,0.01739850826561451,0.004353508353233337
img.00008260,0.011572903953492641,0.003461815183982253,0.0003094195562880486,0.005521315615624189,0.01275797188282013,0.002026949543505907,0.9589723944664001,0.005377259571105242
img.00008594,0.11350980401039124,0.023385798558592796,0.006917048245668411,0.01155126467347145,0.03019854426383972,0.010548495687544346,0.7949918508529663,0.008897170424461365
img.00008261,0.10707263648509979,0.13303470611572266,0.05339907854795456,0.13317811489105225,0.33647826313972473,0.0035956327337771654,0.08808661997318268,0.14515504240989685
img.00008601,0.05408993363380432,0.009505439549684525,0.029283395037055016,0.008764449506998062,0.04109304025769234,0.07752387970685959,0.7373055219650269,0.04243442416191101
img.00008264,0.47162002325057983,0.2657424509525299,0.020744185894727707,0.02001754567027092,0.006415695417672396,0.15534371137619019,0.05447514355182648,0.0056412373669445515
img.00008602,0.3364132344722748,0.30626001954078674,0.07889360934495926,0.07616257667541504,0.09420827031135559,0.06290645152330399,0.0251789391040802,0.01997687853872776
img.00008271,0.09348022937774658,0.013200320303440094,0.0037905508652329445,0.7272768616676331,0.012746958993375301,0.0009198187035508454,0.14818041026592255,0.00040475939749740064
img.00008605,0.09950695186853409,0.19407133758068085,0.34533417224884033,0.07867099344730377,0.045005492866039276,0.02287401631474495,0.06720682233572006,0.1473301351070404
img.00008272,0.4372822344303131,0.3597845137119293,0.036749567836523056,0.009675353765487671,0.018101714551448822,0.06437291949987411,0.053332701325416565,0.020701028406620026
img.00008610,0.001974797807633877,0.00024203583598136902,0.0002786732220556587,0.0019288593903183937,0.019832417368888855,0.00041697267442941666,0.9717116355895996,0.0036145406775176525
img.00008274,0.48965272307395935,0.09387140721082687,0.007063422352075577,0.19462694227695465,0.01797865703701973,0.0018859744304791093,0.19193030893802643,0.0029905475676059723
img.00008611,0.0122234420850873,0.007792841177433729,0.003336358116939664,0.003622620366513729,0.043186452239751816,0.015578029677271843,0.8650983572006226,0.04916183650493622
img.00008278,0.020733604207634926,0.012440093792974949,0.006148585118353367,0.09660796821117401,0.5782628655433655,0.00526895048096776,0.27116867899894714,0.009369238279759884
img.00008632,0.5169486403465271,0.06649070233106613,0.012214038521051407,0.0656881108880043,0.02365564927458763,0.06638885289430618,0.12072485685348511,0.12788906693458557
img.00008285,0.010857163928449154,0.32686784863471985,0.014011372812092304,0.10155437886714935,0.09740153700113297,0.005634688306599855,0.4369799494743347,0.006693039555102587
img.00008634,0.10988934338092804,0.024354642257094383,0.27505192160606384,0.016644373536109924,0.031433869153261185,0.5051494836807251,0.022082388401031494,0.015393983572721481
img.00008312,0.0024305148981511593,0.0013352397363632917,0.00020821626821998507,0.0006686982815153897,0.02257261611521244,0.002406738931313157,0.9700759053230286,0.0003020844887942076
img.00008637,0.02395492233335972,0.06844034790992737,0.020613227039575577,0.0371420793235302,0.1922324001789093,0.0120747284963727,0.3746076226234436,0.27093470096588135
img.00008331,0.0009309683227911592,0.005913575179874897,0.00015445971803274006,0.0007738882559351623,0.013166103512048721,0.0077652717009186745,0.9707988500595093,0.0004968278226442635
img.00008653,0.009316522628068924,0.006256453692913055,0.011100780218839645,0.006068648770451546,0.042108163237571716,0.03154163435101509,0.4634197950363159,0.43018805980682373
img.00008906,0.07466977834701538,0.4643060564994812,0.04874388501048088,0.07416626811027527,0.05453011393547058,0.004943492356687784,0.09300659596920013,0.18563374876976013
img.00008657,0.009137316606938839,0.008498420007526875,0.00742413429543376,0.01661060005426407,0.060362961143255234,0.03495528921484947,0.07534448057413101,0.7876667380332947
img.00008904,0.2200048267841339,0.3259030878543854,0.16884812712669373,0.23311695456504822,0.0364033468067646,0.005709425080567598,0.004901713225990534,0.005112526938319206
img.00008660,0.04799053072929382,0.00891051534563303,0.04403270408511162,0.04103569686412811,0.39112383127212524,0.004576039966195822,0.07990391552448273,0.38242676854133606
img.00008926,0.15275593101978302,0.1429271697998047,0.14989694952964783,0.03836962580680847,0.02104828879237175,0.010956818237900734,0.19367624819278717,0.29036903381347656
img.00008663,0.8654677271842957,0.04098384082317352,0.004534585867077112,0.02477053925395012,0.0038554142229259014,0.005242965649813414,0.05002839118242264,0.0051164813339710236
img.00008931,0.05705007538199425,0.05482625961303711,0.15342608094215393,0.054056037217378616,0.015323474071919918,0.007629605010151863,0.6388077735900879,0.018880609422922134
img.00008670,0.25566259026527405,0.19216474890708923,0.005815988872200251,0.1366577297449112,0.05207786709070206,0.0030380485113710165,0.343412309885025,0.011170681565999985
img.00008937,0.0066919587552547455,0.03153734654188156,0.03737704083323479,0.1159033551812172,0.07082658261060715,0.004210378509014845,0.647940456867218,0.08551280945539474
img.00008676,0.9564712643623352,0.010336995124816895,0.019638026133179665,0.010990254580974579,0.00043723860289901495,0.0004945489345118403,0.000786211050581187,0.0008453967748209834
img.00008942,0.0012614150764420629,0.003914740867912769,0.04432830214500427,0.0006651845760643482,0.010385922156274319,0.01594414748251438,0.5495063066482544,0.37399402260780334
img.00008679,0.0454823262989521,0.013104444369673729,0.8872828483581543,0.0016637814696878195,0.013300956226885319,0.0013080858625471592,0.025976933538913727,0.011880563572049141
img.00008955,0.1465369313955307,0.035030338913202286,0.3026212155818939,0.28939467668533325,0.18595723807811737,0.005522081628441811,0.009514945559203625,0.02542262338101864
img.00008682,0.06956864148378372,0.11410820484161377,0.17408517003059387,0.2979254126548767,0.03236737474799156,0.00801015179604292,0.026016004383563995,0.27791914343833923
img.00008689,0.07750542461872101,0.056109413504600525,0.007612595334649086,0.021921157836914062,0.03424470126628876,0.009228826500475407,0.7397890686988831,0.05358877405524254
img.00008694,0.027037136256694794,0.012706676498055458,0.0046282303519546986,0.0048731667920947075,0.04036867991089821,0.1734224110841751,0.7333872318267822,0.0035765536595135927
img.00008701,0.017040150240063667,0.009890615940093994,0.0009971845429390669,0.0048095472157001495,0.2801728844642639,0.023663338273763657,0.6621786952018738,0.0012476122938096523
img.00008704,0.10986702144145966,0.09763208031654358,0.021367143839597702,0.2528010606765747,0.05284835398197174,0.007229038514196873,0.15191839635372162,0.3063369691371918
img.00008706,0.06996528804302216,0.022355342283844948,0.10280720889568329,0.010140796191990376,0.02197309024631977,0.742963433265686,0.015006459318101406,0.014788426458835602
img.00008720,0.042728304862976074,0.023714035749435425,0.00697978725656867,0.006187178660184145,0.0062886448577046394,0.020302817225456238,0.864414632320404,0.029384609311819077
img.00008724,0.1409107744693756,0.1882796287536621,0.14771150052547455,0.08907099068164825,0.06199853867292404,0.01018382515758276,0.3180805444717407,0.0437641367316246
img.00008726,0.7700007557868958,0.012454708106815815,0.0026555650401860476,0.038453359156847,0.009055977687239647,0.0026553322095423937,0.15698035061359406,0.0077440012246370316
img.00008734,0.41529083251953125,0.31694909930229187,0.1463800072669983,0.019666269421577454,0.012440061196684837,0.009866291657090187,0.04944262281060219,0.029964840039610863
img.00008740,0.0002104400482494384,0.0001626419834792614,7.913319859653711e-05,0.00179008929990232,0.015032131224870682,0.00024552398826926947,0.9759809374809265,0.006499053444713354
img.00008750,0.8096227049827576,0.0045894961804151535,0.013430795632302761,0.029577402397990227,0.05428624898195267,0.0181210208684206,0.057029832154512405,0.013342426158487797
img.00008751,0.17164728045463562,0.1464703381061554,0.4957638084888458,0.013909177854657173,0.024388784542679787,0.009823186323046684,0.0803065150976181,0.05769089236855507
img.00008754,0.7730777859687805,0.06654025614261627,0.10032334923744202,0.027662605047225952,0.0018103662878274918,0.005370897240936756,0.013176927343010902,0.01203787699341774
img.00008755,0.4757731854915619,0.10093659907579422,0.025143148377537727,0.11487524211406708,0.008603972382843494,0.012491818517446518,0.24530889093875885,0.016867171972990036
img.00008758,0.21525003015995026,0.07149022072553635,0.005911473650485277,0.014758550561964512,0.02460475079715252,0.0285957008600235,0.6111059784889221,0.028283337131142616
img.00008771,0.28608226776123047,0.3138359487056732,0.031260568648576736,0.055955804884433746,0.03842917084693909,0.11163285374641418,0.15997418761253357,0.0028291090857237577
img.00008776,0.5216925740242004,0.010793349705636501,0.03041517361998558,0.1873522698879242,0.13580459356307983,0.009826751425862312,0.07642373442649841,0.02769147977232933
img.00008777,0.005979061592370272,0.0011797657934948802,0.00027148990193381906,0.00014273029228206724,0.0008391017327085137,0.00917594600468874,0.9798761606216431,0.0025357715785503387
img.00008781,0.04833250492811203,0.37192416191101074,0.033779460936784744,0.014223061501979828,0.008947696536779404,0.031030917540192604,0.4028051793575287,0.0889570564031601
img.00008800,0.021576136350631714,0.005520428530871868,0.039287857711315155,0.037056900560855865,0.06438358873128891,0.005150556098669767,0.03334151208400726,0.7936831116676331
img.00008802,0.5110259056091309,0.007395010441541672,0.01018537674099207,0.03634849935770035,0.17664256691932678,0.12304779142141342,0.11672717332839966,0.018627678975462914
img.00008805,0.7419726848602295,0.032765068113803864,0.044483527541160583,0.08505194634199142,0.014722359366714954,0.023045193403959274,0.039807360619306564,0.01815197430551052
img.00008812,0.024222837761044502,0.024089233949780464,0.13506369292736053,0.2845490276813507,0.07711970061063766,0.0050810156390070915,0.24092887341976166,0.2089456468820572
img.00008817,0.25341489911079407,0.007797312922775745,0.002421688986942172,0.016408145427703857,0.01465390995144844,0.009737281128764153,0.6878641247749329,0.007702650502324104
img.00008822,0.004582159221172333,0.009036753326654434,0.05837555229663849,0.006704301107674837,0.0824095830321312,0.008074547164142132,0.32956987619400024,0.501247227191925
img.00008825,0.059397801756858826,0.03212330490350723,0.008465132676064968,0.031342897564172745,0.03289096802473068,0.015162848867475986,0.7996822595596313,0.020934756845235825
img.00008828,0.34741419553756714,0.43935883045196533,0.004105044063180685,0.004460741300135851,0.04321498051285744,0.01652848720550537,0.13663728535175323,0.008280404843389988
img.00008830,0.24993865191936493,0.037231042981147766,0.45104703307151794,0.039486732333898544,0.01827908493578434,0.0115369176492095,0.032019518315792084,0.16046099364757538
img.00008831,0.026016591116786003,0.2022131383419037,0.4230765998363495,0.3327512741088867,0.003689938923344016,0.00464022858068347,0.0024964185431599617,0.0051158107817173
img.00008837,0.15946729481220245,0.05326689034700394,0.2657542824745178,0.012288670055568218,0.005610993597656488,0.025538187474012375,0.13177791237831116,0.34629571437835693
img.00008840,0.08293130993843079,0.3149571716785431,0.2684408128261566,0.16609540581703186,0.045269858092069626,0.027685387060046196,0.06365008652210236,0.030970029532909393
img.00008844,0.41411352157592773,0.11355197429656982,0.018689408898353577,0.01302975881844759,0.15146034955978394,0.17620068788528442,0.0977243036031723,0.015230070799589157
img.00008845,0.0522606261074543,0.3752254545688629,0.026471737772226334,0.009231600910425186,0.010402482934296131,0.026645086705684662,0.22637948393821716,0.27338358759880066
img.00008847,0.0905241146683693,0.5064748525619507,0.26522794365882874,0.09597831219434738,0.03230451047420502,0.0018158943857997656,0.0035315114073455334,0.0041428436525166035
img.00008849,0.01387717667967081,0.04613047093153,0.03678036481142044,0.016299040988087654,0.029319284483790398,0.003473291639238596,0.47205850481987,0.38206183910369873
img.00008855,0.0035257937852293253,0.9558005928993225,0.016833549365401268,0.007290327455848455,0.008135640062391758,0.0003743081178981811,0.00195299182087183,0.006086836569011211
img.00008860,0.033118586987257004,0.001964276423677802,0.0034008193761110306,0.013901332393288612,0.41290199756622314,0.005715121980756521,0.5207088589668274,0.008289060555398464
img.00008868,0.015236821956932545,0.7282414436340332,0.10512643307447433,0.14442497491836548,0.004518697503954172,0.000312189687974751,0.0007916116737760603,0.0013478822074830532
img.00008870,0.24366547167301178,0.018424825742840767,0.0036732759326696396,0.03644724562764168,0.010290694423019886,0.003803916973993182,0.6696123480796814,0.014082271605730057
img.00008871,0.013600255362689495,0.001788931549526751,0.00162028381600976,0.007669358979910612,0.1379542052745819,0.0010402899933978915,0.8325443863868713,0.0037822590675204992
img.00008872,0.13901551067829132,0.013137130998075008,0.005773189477622509,0.01734708435833454,0.010611808858811855,0.005606456194072962,0.7267290949821472,0.08177967369556427
img.00008875,0.06094129756093025,0.2800309360027313,0.011234823614358902,0.04213697463274002,0.15869006514549255,0.019711967557668686,0.1614461988210678,0.2658076584339142
img.00008880,0.8821153044700623,0.015956973657011986,0.03525785356760025,0.0037465556524693966,0.00249236891977489,0.02618904411792755,0.027707846835255623,0.006534002721309662
img.00008890,0.0029924320988357067,0.013984881341457367,0.0056319511495530605,0.01594064198434353,0.332515686750412,0.0013569217408075929,0.019967859610915184,0.6076095700263977
img.00008892,0.07668054848909378,0.005244437139481306,0.0030645206570625305,0.014255484566092491,0.017634106799960136,0.003593834349885583,0.8764368295669556,0.0030903357546776533
img.00008896,0.1284143179655075,0.1378987729549408,0.19303610920906067,0.22197970747947693,0.04848017171025276,0.03546593710780144,0.10427079349756241,0.13045412302017212
img.00008899,0.008406727574765682,0.6894903779029846,0.12902864813804626,0.07800257205963135,0.0860767588019371,0.0005259220488369465,0.0022884076461195946,0.006180575117468834
img.00008901,0.3413113057613373,0.3839470148086548,0.013402414508163929,0.022173840552568436,0.007376229856163263,0.007091811392456293,0.20391470193862915,0.020782776176929474
