macro_precision,macro_recall,macro_f1,class_0_precision,class_0_recall,class_0_f1,class_1_precision,class_1_recall,class_1_f1,class_2_precision,class_2_recall,class_2_f1,class_3_precision,class_3_recall,class_3_f1,class_4_precision,class_4_recall,class_4_f1,class_5_precision,class_5_recall,class_5_f1,class_6_precision,class_6_recall,class_6_f1,class_7_precision,class_7_recall,class_7_f1
0.7380056591069254,0.7313240002515855,0.7342606603863046,0.6729435084241824,0.6830985915492958,0.6779830254618073,0.7986486486486486,0.7827814569536424,0.7906354515050167,0.5871345029239766,0.6144430844553244,0.6004784688995215,0.7611650485436893,0.8024564994882293,0.7812655705032386,0.7926829268292683,0.752895752895753,0.7722772277227723,0.8506616257088847,0.8364312267657993,0.8434864104967198,0.7698412698412699,0.6998556998556998,0.7331821617535903,0.6709677419354839,0.6786296900489397,0.6747769667477697
