macro_precision,macro_recall,macro_f1,class_0_precision,class_0_recall,class_0_f1,class_1_precision,class_1_recall,class_1_f1,class_2_precision,class_2_recall,class_2_f1,class_3_precision,class_3_recall,class_3_f1,class_4_precision,class_4_recall,class_4_f1,class_5_precision,class_5_recall,class_5_f1,class_6_precision,class_6_recall,class_6_f1,class_7_precision,class_7_recall,class_7_f1
0.6864795503679408,0.6685207763497427,0.6740307287726083,0.6327387198321092,0.6066398390342053,0.6194144838212635,0.7248407643312101,0.7536423841059603,0.7389610389610389,0.5036420395421436,0.5924112607099143,0.5444319460067492,0.6666666666666666,0.7615148413510747,0.7109412326803631,0.7716346153846154,0.6196911196911197,0.6873661670235546,0.7823008849557522,0.8215613382899628,0.8014505893019039,0.7178683385579937,0.6608946608946609,0.6882043576258452,0.692144373673036,0.531810766721044,0.6014760147601476
