{
    "macro_precision": 0.2932000517598344,
    "macro_recall": 0.2609643131242396,
    "macro_f1": 0.22358013526864073,
    "per_class_metrics": {
        "class_0": {
            "title": "amusement",
            "precision": 0.0,
            "recall": 0.0,
            "f1": 0.0,
            "support": 35
        },
        "class_1": {
            "title": "awe",
            "precision": 0.3333333333333333,
            "recall": 0.045454545454545456,
            "f1": 0.08,
            "support": 22
        },
        "class_2": {
            "title": "contentment",
            "precision": 0.20869565217391303,
            "recall": 0.8571428571428571,
            "f1": 0.3356643356643357,
            "support": 28
        },
        "class_3": {
            "title": "excitement",
            "precision": 0.20833333333333334,
            "recall": 0.15625,
            "f1": 0.17857142857142858,
            "support": 32
        },
        "class_4": {
            "title": "anger",
            "precision": 0.3333333333333333,
            "recall": 0.08333333333333333,
            "f1": 0.13333333333333333,
            "support": 12
        },
        "class_5": {
            "title": "disgust",
            "precision": 0.3333333333333333,
            "recall": 0.35294117647058826,
            "f1": 0.34285714285714286,
            "support": 17
        },
        "class_6": {
            "title": "fear",
            "precision": 0.42857142857142855,
            "recall": 0.2222222222222222,
            "f1": 0.2926829268292683,
            "support": 27
        },
        "class_7": {
            "title": "sadness",
            "precision": 0.5,
            "recall": 0.37037037037037035,
            "f1": 0.425531914893617,
            "support": 27
        }
    }
}