macro_precision,macro_recall,macro_f1,class_0_precision,class_0_recall,class_0_f1,class_1_precision,class_1_recall,class_1_f1,class_2_precision,class_2_recall,class_2_f1,class_3_precision,class_3_recall,class_3_f1,class_4_precision,class_4_recall,class_4_f1,class_5_precision,class_5_recall,class_5_f1,class_6_precision,class_6_recall,class_6_f1,class_7_precision,class_7_recall,class_7_f1
0.2551551982731663,0.2196744925729905,0.2154449427060923,0.15471698113207547,0.04124748490945674,0.06513105639396347,0.08207831325301204,0.14437086092715232,0.10465674507921267,0.2510460251046025,0.14687882496940025,0.18532818532818532,0.1915277151870212,0.43500511770726713,0.26595744680851063,0.24664879356568364,0.1776061776061776,0.20650953984287318,0.420032310177706,0.483271375464684,0.449438202247191,0.2873900293255132,0.1414141414141414,0.1895551257253385,0.4078014184397163,0.18760195758564438,0.2569832402234637
