{
    "macro_precision": 0.2551551982731663,
    "macro_recall": 0.2196744925729905,
    "macro_f1": 0.2154449427060923,
    "per_class_metrics": {
        "class_0": {
            "title": "amusement",
            "precision": 0.15471698113207547,
            "recall": 0.04124748490945674,
            "f1": 0.06513105639396347,
            "support": 994
        },
        "class_1": {
            "title": "awe",
            "precision": 0.08207831325301204,
            "recall": 0.14437086092715232,
            "f1": 0.10465674507921267,
            "support": 755
        },
        "class_2": {
            "title": "contentment",
            "precision": 0.2510460251046025,
            "recall": 0.14687882496940025,
            "f1": 0.18532818532818532,
            "support": 817
        },
        "class_3": {
            "title": "excitement",
            "precision": 0.1915277151870212,
            "recall": 0.43500511770726713,
            "f1": 0.26595744680851063,
            "support": 977
        },
        "class_4": {
            "title": "anger",
            "precision": 0.24664879356568364,
            "recall": 0.1776061776061776,
            "f1": 0.20650953984287318,
            "support": 518
        },
        "class_5": {
            "title": "disgust",
            "precision": 0.420032310177706,
            "recall": 0.483271375464684,
            "f1": 0.449438202247191,
            "support": 538
        },
        "class_6": {
            "title": "fear",
            "precision": 0.2873900293255132,
            "recall": 0.1414141414141414,
            "f1": 0.1895551257253385,
            "support": 693
        },
        "class_7": {
            "title": "sadness",
            "precision": 0.4078014184397163,
            "recall": 0.18760195758564438,
            "f1": 0.2569832402234637,
            "support": 613
        }
    }
}