{
    "macro_precision": 0.14251681300273736,
    "macro_recall": 0.18080637552669934,
    "macro_f1": 0.12252445920691278,
    "per_class_metrics": {
        "class_0": {
            "title": "amusement",
            "precision": 0.18489254108723135,
            "recall": 0.5885311871227364,
            "f1": 0.2813852813852814,
            "support": 994
        },
        "class_1": {
            "title": "awe",
            "precision": 0.0,
            "recall": 0.0,
            "f1": 0.0,
            "support": 755
        },
        "class_2": {
            "title": "contentment",
            "precision": 0.15396341463414634,
            "recall": 0.12362301101591187,
            "f1": 0.13713509843856075,
            "support": 817
        },
        "class_3": {
            "title": "excitement",
            "precision": 0.0,
            "recall": 0.0,
            "f1": 0.0,
            "support": 977
        },
        "class_4": {
            "title": "anger",
            "precision": 0.24691358024691357,
            "recall": 0.03861003861003861,
            "f1": 0.0667779632721202,
            "support": 518
        },
        "class_5": {
            "title": "disgust",
            "precision": 0.0,
            "recall": 0.0,
            "f1": 0.0,
            "support": 538
        },
        "class_6": {
            "title": "fear",
            "precision": 0.35842293906810035,
            "recall": 0.1443001443001443,
            "f1": 0.205761316872428,
            "support": 693
        },
        "class_7": {
            "title": "sadness",
            "precision": 0.19594202898550725,
            "recall": 0.5513866231647635,
            "f1": 0.2891360136869119,
            "support": 613
        }
    }
}