{
    "macro_precision": 0.15254365445790385,
    "macro_recall": 0.2080941057313312,
    "macro_f1": 0.14059863495176134,
    "per_class_metrics": {
        "class_0": {
            "title": "amusement",
            "precision": 0.22126144455747712,
            "recall": 0.8752515090543259,
            "f1": 0.35322777101096225,
            "support": 994
        },
        "class_1": {
            "title": "awe",
            "precision": 0.0,
            "recall": 0.0,
            "f1": 0.0,
            "support": 755
        },
        "class_2": {
            "title": "contentment",
            "precision": 0.0,
            "recall": 0.0,
            "f1": 0.0,
            "support": 817
        },
        "class_3": {
            "title": "excitement",
            "precision": 0.04225352112676056,
            "recall": 0.0030706243602865915,
            "f1": 0.0057251908396946565,
            "support": 977
        },
        "class_4": {
            "title": "anger",
            "precision": 0.172,
            "recall": 0.08301158301158301,
            "f1": 0.11197916666666667,
            "support": 518
        },
        "class_5": {
            "title": "disgust",
            "precision": 0.21443736730360935,
            "recall": 0.3754646840148699,
            "f1": 0.27297297297297296,
            "support": 538
        },
        "class_6": {
            "title": "fear",
            "precision": 0.27564102564102566,
            "recall": 0.06204906204906205,
            "f1": 0.10129564193168433,
            "support": 693
        },
        "class_7": {
            "title": "sadness",
            "precision": 0.29475587703435807,
            "recall": 0.265905383360522,
            "f1": 0.27958833619210977,
            "support": 613
        }
    }
}