macro_precision,macro_recall,macro_f1,class_0_precision,class_0_recall,class_0_f1,class_1_precision,class_1_recall,class_1_f1,class_2_precision,class_2_recall,class_2_f1,class_3_precision,class_3_recall,class_3_f1,class_4_precision,class_4_recall,class_4_f1,class_5_precision,class_5_recall,class_5_f1,class_6_precision,class_6_recall,class_6_f1,class_7_precision,class_7_recall,class_7_f1
0.7064529188954909,0.6931823435265199,0.6973329557456189,0.6884531590413944,0.635814889336016,0.6610878661087866,0.7536423841059603,0.7536423841059603,0.7536423841059603,0.5252837977296182,0.6230110159118727,0.5699888017917133,0.6836917562724014,0.7809621289662231,0.7290969899665551,0.7632743362831859,0.666023166023166,0.711340206185567,0.8017543859649123,0.8494423791821561,0.8249097472924187,0.7611940298507462,0.6623376623376623,0.7083333333333334,0.6743295019157088,0.5742251223491027,0.6202643171806167
